artist,country,album,release_year,cover_image,brightness,saturation,colorfulness,avg_color_hex,similar_artist,similar_album,similar_year,similar_cover,similarity_score,different_artist,different_album,different_year,different_cover,difference_score
2Pac,US,2Pacalypse Now,1991,data/2Pac/2pacalypse_now.jpg,0.426,0.478,53.3,#6a5138,Bob Dylan,Slow Train Coming,1979,data/Bob Dylan/slow_train_coming.jpg,0.889,Pet Shop Boys,Fundamental,2006,data/Pet Shop Boys/fundamental.jpg,0.145
2Pac,US,Strictly 4 My N.I.G.G.A.Z...,1993,data/2Pac/strictly_4_my_n_i_g_g_a_z.jpg,0.341,0.558,86.1,#492e27,Metallica,Master of Puppets,1986,data/Metallica/master_of_puppets.jpg,0.747,Pet Shop Boys,Fundamental,2006,data/Pet Shop Boys/fundamental.jpg,0.055
2Pac,US,Me Against the World,1995,data/2Pac/me_against_the_world.jpg,0.216,0.262,25.9,#343029,Kendrick Lamar,Mr. Morale & the Big Steppers,2022,data/Kendrick Lamar/mr_morale_the_big_steppers.jpg,0.693,Pet Shop Boys,Fundamental,2006,data/Pet Shop Boys/fundamental.jpg,0.09
2Pac,US,All Eyez on Me,1996,data/2Pac/all_eyez_on_me.jpg,0.129,0.585,33.1,#1e1415,Eminem,The Marshall Mathers LP 2,2013,data/Eminem/the_marshall_mathers_lp_2.jpg,0.638,Pet Shop Boys,Fundamental,2006,data/Pet Shop Boys/fundamental.jpg,0.073
2Pac,US,The Don Killuminati: The 7 Day Theory,1996,data/2Pac/the_don_killuminati_the_7_day_theory.jpg,0.407,0.521,58.9,#664d2a,Massive Attack,Blue Lines,1991,data/Massive Attack/blue_lines.jpg,0.899,The Smashing Pumpkins,Aghori Mhori Mei,2024,data/The Smashing Pumpkins/aghori_mhori_mei.jpg,0.132
A Tribe Called Quest,US,People's Instinctive Travels and the Paths of Rhythm,1990,data/A Tribe Called Quest/people_s_instinctive_travels_and_the_paths_of_rhythm.jpg,0.501,0.046,27.0,#7e7c7a,David Bowie,1. Outside,1995,data/David Bowie/1_outside.jpg,0.937,Steely Dan,Aja,1977,data/Steely Dan/aja.jpg,0.17
A Tribe Called Quest,US,The Low End Theory,1991,data/A Tribe Called Quest/the_low_end_theory.jpg,0.17,0.604,67.8,#281310,Rod Stewart,Foolish Behaviour,1980,data/Rod Stewart/foolish_behaviour.jpg,0.697,Pet Shop Boys,Fundamental,2006,data/Pet Shop Boys/fundamental.jpg,0.129
A Tribe Called Quest,US,Midnight Marauders,1993,data/A Tribe Called Quest/midnight_marauders.jpg,0.415,0.405,50.4,#675849,Nirvana,In Utero,1993,data/Nirvana/in_utero.jpg,0.9,Steely Dan,Aja,1977,data/Steely Dan/aja.jpg,0.146
A Tribe Called Quest,US,"Beats, Rhymes and Life",1996,data/A Tribe Called Quest/beats_rhymes_and_life.jpg,0.508,0.438,67.3,#7d5a4f,Madonna,Bedtime Stories,1994,data/Madonna/bedtime_stories.jpg,0.889,Pet Shop Boys,Fundamental,2006,data/Pet Shop Boys/fundamental.jpg,0.1
A Tribe Called Quest,US,The Love Movement,1998,data/A Tribe Called Quest/the_love_movement.jpg,0.973,0.011,2.5,#f5f7f7,Foo Fighters,But Here We Are,2023,data/Foo Fighters/but_here_we_are.jpg,0.999,Pet Shop Boys,Fundamental,2006,data/Pet Shop Boys/fundamental.jpg,0.177
A Tribe Called Quest,US,We Got It from Here... Thank You 4 Your Service,2016,data/A Tribe Called Quest/we_got_it_from_here_thank_you_4_your_service.jpg,0.46,0.339,38.8,#726861,Steely Dan,Two Against Nature,2000,data/Steely Dan/two_against_nature.jpg,0.792,Pet Shop Boys,Fundamental,2006,data/Pet Shop Boys/fundamental.jpg,0.058
Adele,UK,19,2008,data/Adele/19.jpg,0.147,0.326,20.6,#241d1a,Adele,25,2015,data/Adele/25.jpg,0.617,Pet Shop Boys,Fundamental,2006,data/Pet Shop Boys/fundamental.jpg,0.046
Adele,UK,21,2011,data/Adele/21.jpg,0.248,0.08,3.8,#3b3c3f,Marvin Gaye,M.P.G.,1969,data/Marvin Gaye/m_p_g.jpg,0.773,Metallica,Metallica,1991,data/Metallica/metallica.jpg,0.133
Adele,UK,25,2015,data/Adele/25.jpg,0.485,0.186,11.1,#7b7569,King Crimson,THRAK,1995,data/King Crimson/thrak.jpg,0.894,Pet Shop Boys,Fundamental,2006,data/Pet Shop Boys/fundamental.jpg,0.114
Adele,UK,30,2021,data/Adele/30.jpg,0.4,0.324,21.0,#575d58,Genesis,We Can't Dance,1991,data/Genesis/we_can_t_dance.jpg,0.922,Pet Shop Boys,Fundamental,2006,data/Pet Shop Boys/fundamental.jpg,0.127
Aerosmith,US,Aerosmith,1973,data/Aerosmith/aerosmith.jpg,0.582,0.293,47.9,#817881,Fleetwood Mac,Bare Trees,1972,data/Fleetwood Mac/bare_trees.jpg,0.936,Pet Shop Boys,Fundamental,2006,data/Pet Shop Boys/fundamental.jpg,0.157
Aerosmith,US,Get Your Wings,1974,data/Aerosmith/get_your_wings.jpg,0.124,0.575,22.1,#1f1918,Michael Jackson,Thriller,1982,data/Michael Jackson/thriller.jpg,0.582,Pet Shop Boys,Fundamental,2006,data/Pet Shop Boys/fundamental.jpg,0.052
Aerosmith,US,Toys in the Attic,1975,data/Aerosmith/toys_in_the_attic.jpg,0.367,0.475,35.2,#5d4133,Rod Stewart,An Old Raincoat Won't Ever Let You Down,1969,data/Rod Stewart/an_old_raincoat_wont_ever_let_you_down.jpg,0.902,Pet Shop Boys,Fundamental,2006,data/Pet Shop Boys/fundamental.jpg,0.163
Aerosmith,US,Rocks,1976,data/Aerosmith/rocks.jpg,0.119,0.615,20.3,#1b151a,Arctic Monkeys,AM,2013,data/Arctic Monkeys/am.jpg,0.663,Pet Shop Boys,Fundamental,2006,data/Pet Shop Boys/fundamental.jpg,0.029
Aerosmith,US,Draw the Line,1977,data/Aerosmith/draw_the_line.jpg,0.797,0.088,4.0,#cbc9c8,Genesis,Duke,1980,data/Genesis/duke.jpg,0.948,The Police,Ghost in the Machine,1981,data/The Police/ghost_in_the_machine.jpg,0.195
Aerosmith,US,Night in the Ruts,1979,data/Aerosmith/night_in_the_ruts.jpg,0.234,0.331,8.0,#3b3133,Bob Dylan,Bringing It All Back Home,1965,data/Bob Dylan/bringing_it_all_back_home.jpg,0.846,Metallica,Metallica,1991,data/Metallica/metallica.jpg,0.155
Aerosmith,US,Permanent Vacation,1987,data/Aerosmith/permanent_vacation.jpg,0.222,0.727,71.4,#361610,Pet Shop Boys,Very,1993,data/Pet Shop Boys/very.jpg,0.756,Pet Shop Boys,Fundamental,2006,data/Pet Shop Boys/fundamental.jpg,0.106
Aerosmith,US,Pump,1989,data/Aerosmith/pump.jpg,0.385,0.233,9.8,#605e60,Nirvana,Bleach,1989,data/Nirvana/bleach.jpg,0.791,Pet Shop Boys,Fundamental,2006,data/Pet Shop Boys/fundamental.jpg,0.03
Aerosmith,US,Get a Grip,1993,data/Aerosmith/get_a_grip.jpg,0.584,0.262,31.9,#938278,The Cure,Seventeen Seconds,1980,data/The Cure/seventeen_seconds.jpg,0.876,Metallica,Metallica,1991,data/Metallica/metallica.jpg,0.14
Aerosmith,US,Nine Lives,1997,data/Aerosmith/nine_lives.jpg,0.499,0.637,85.2,#74473e,King Crimson,Larks' Tongues in Aspic,1973,data/King Crimson/larks_tongues_in_aspic.jpg,0.876,Pet Shop Boys,Fundamental,2006,data/Pet Shop Boys/fundamental.jpg,0.103
Aerosmith,US,Just Push Play,2001,data/Aerosmith/just_push_play.jpg,0.842,0.513,103.6,#d48180,Rod Stewart,An Old Raincoat Won't Ever Let You Down,1969,data/Rod Stewart/an_old_raincoat_wont_ever_let_you_down.jpg,0.956,Pet Shop Boys,Fundamental,2006,data/Pet Shop Boys/fundamental.jpg,0.135
Amy Winehouse,UK,Frank,2003,data/Amy Winehouse/frank.jpg,0.235,0.371,38.7,#312d35,The Cure,Songs of a Lost World,2024,data/The Cure/songs_of_a_lost_world.jpg,0.721,Pet Shop Boys,Fundamental,2006,data/Pet Shop Boys/fundamental.jpg,0.029
Amy Winehouse,UK,Back to Black,2006,data/Amy Winehouse/back_to_black.jpg,0.262,0.305,31.3,#32353b,Coldplay,Everyday Life,2019,data/Coldplay/everyday_life.jpg,0.802,Pet Shop Boys,Fundamental,2006,data/Pet Shop Boys/fundamental.jpg,0.051
Arctic Monkeys,UK,"Whatever People Say I Am, That's What I'm Not",2006,data/Arctic Monkeys/whatever_people_say_i_am_that_s_what_i_m_not.jpg,0.408,0.336,15.5,#566767,Electric Light Orchestra,Time,1981,data/Electric Light Orchestra/time.jpg,0.809,Pink Floyd,The Dark Side of the Moon,1973,data/Pink Floyd/the_dark_side_of_the_moon.jpg,0.156
Arctic Monkeys,UK,Favourite Worst Nightmare,2007,data/Arctic Monkeys/favourite_worst_nightmare.jpg,0.201,0.125,22.1,#30302e,Pet Shop Boys,Hotspot,2020,data/Pet Shop Boys/hotspot.jpg,0.898,Steely Dan,Aja,1977,data/Steely Dan/aja.jpg,0.195
Arctic Monkeys,UK,Humbug,2009,data/Arctic Monkeys/humbug.jpg,0.486,0.499,41.4,#7b5069,Mariah Carey,Merry Christmas,1994,data/Mariah Carey/merry_christmas.jpg,0.889,Pet Shop Boys,Fundamental,2006,data/Pet Shop Boys/fundamental.jpg,0.169
Arctic Monkeys,UK,Suck It and See,2011,data/Arctic Monkeys/suck_it_and_see.jpg,0.96,0.12,10.6,#f4ecdb,Foo Fighters,But Here We Are,2023,data/Foo Fighters/but_here_we_are.jpg,0.991,Pet Shop Boys,Fundamental,2006,data/Pet Shop Boys/fundamental.jpg,0.177
Arctic Monkeys,UK,AM,2013,data/Arctic Monkeys/am.jpg,0.156,0.45,5.3,#1e2527,Pearl Jam,Yield,1998,data/Pearl Jam/yield.jpg,0.814,Pet Shop Boys,Fundamental,2006,data/Pet Shop Boys/fundamental.jpg,0.08
Arctic Monkeys,UK,Tranquility Base Hotel & Casino,2018,data/Arctic Monkeys/tranquility_base_hotel_casino.jpg,0.239,0.417,31.1,#3c3429,The Velvet Underground,The Velvet Underground,1969,data/The Velvet Underground/the_velvet_underground.jpg,0.747,Pet Shop Boys,Fundamental,2006,data/Pet Shop Boys/fundamental.jpg,0.047
Arctic Monkeys,UK,The Car,2022,data/Arctic Monkeys/the_car.jpg,0.609,0.093,14.1,#9b968f,Foo Fighters,There Is Nothing Left to Lose,1999,data/Foo Fighters/there_is_nothing_left_to_lose.jpg,0.952,Pet Shop Boys,Fundamental,2006,data/Pet Shop Boys/fundamental.jpg,0.111
Aretha Franklin,US,I Never Loved a Man the Way I Love You,1967,data/Aretha Franklin/i_never_loved_a_man_the_way_i_love_you.jpg,0.702,0.181,26.3,#aca1a7,Genesis,Duke,1980,data/Genesis/duke.jpg,0.937,Steely Dan,Aja,1977,data/Steely Dan/aja.jpg,0.193
Aretha Franklin,US,Aretha Arrives,1967,data/Aretha Franklin/aretha_arrives.jpg,0.573,0.205,22.9,#8a8787,Mariah Carey,Merry Christmas,1994,data/Mariah Carey/merry_christmas.jpg,0.946,Steely Dan,Aja,1977,data/Steely Dan/aja.jpg,0.129
Aretha Franklin,US,Lady Soul,1968,data/Aretha Franklin/lady_soul.jpg,0.362,0.639,58.3,#2d3952,Dire Straits,Brothers in Arms,1985,data/Dire Straits/brothers_in_arms.jpg,0.852,Pink Floyd,The Dark Side of the Moon,1973,data/Pink Floyd/the_dark_side_of_the_moon.jpg,0.147
Aretha Franklin,US,Aretha Now,1968,data/Aretha Franklin/aretha_now.jpg,0.499,0.342,47.9,#7c6d51,Bob Dylan,Slow Train Coming,1979,data/Bob Dylan/slow_train_coming.jpg,0.909,Pet Shop Boys,Fundamental,2006,data/Pet Shop Boys/fundamental.jpg,0.113
Aretha Franklin,US,Soul '69,1969,data/Aretha Franklin/soul_69.jpg,0.257,0.208,29.9,#3b3e2e,Kendrick Lamar,DAMN.,2017,data/Kendrick Lamar/damn.jpg,0.765,Pink Floyd,The Dark Side of the Moon,1973,data/Pink Floyd/the_dark_side_of_the_moon.jpg,0.115
Aretha Franklin,US,Spirit in the Dark,1970,data/Aretha Franklin/spirit_in_the_dark.jpg,0.207,0.051,2.2,#333234,Genesis,Wind & Wuthering,1976,data/Genesis/wind_wuthering.jpg,0.895,Pet Shop Boys,Fundamental,2006,data/Pet Shop Boys/fundamental.jpg,0.12
Aretha Franklin,US,"Young, Gifted and Black",1972,data/Aretha Franklin/young_gifted_and_black.jpg,0.186,0.179,37.8,#2e241e,Taylor Swift,Speak Now (Taylor's Version),2023,data/Taylor Swift/speak_now_taylors_version.jpg,0.782,Pet Shop Boys,Fundamental,2006,data/Pet Shop Boys/fundamental.jpg,0.031
Aretha Franklin,US,Amazing Grace,1972,data/Aretha Franklin/amazing_grace.jpg,0.517,0.198,21.8,#83766e,Stevie Wonder,"Signed, Sealed & Delivered",1970,data/Stevie Wonder/signed_sealed_delivered.jpg,0.932,Steely Dan,Aja,1977,data/Steely Dan/aja.jpg,0.145
Aretha Franklin,US,Jump to It,1982,data/Aretha Franklin/jump_to_it.jpg,0.568,0.373,63.8,#7b6d74,David Bowie,1. Outside,1995,data/David Bowie/1_outside.jpg,0.855,Pink Floyd,The Dark Side of the Moon,1973,data/Pink Floyd/the_dark_side_of_the_moon.jpg,0.172
Aretha Franklin,US,Who's Zoomin' Who?,1985,data/Aretha Franklin/who_s_zoomin_who.jpg,0.535,0.368,54.2,#6a6474,Fleetwood Mac,Bare Trees,1972,data/Fleetwood Mac/bare_trees.jpg,0.928,Pet Shop Boys,Fundamental,2006,data/Pet Shop Boys/fundamental.jpg,0.211
Aretha Franklin,US,A Rose Is Still a Rose,1998,data/Aretha Franklin/a_rose_is_still_a_rose.jpg,0.345,0.309,46.5,#523e3e,R.E.M.,Lifes Rich Pageant,1986,data/R.E.M./lifes_rich_pageant.jpg,0.829,Pet Shop Boys,Fundamental,2006,data/Pet Shop Boys/fundamental.jpg,0.079
Beastie Boys,US,Licensed to Ill,1986,data/Beastie Boys/licensed_to_ill.jpg,0.801,0.157,22.7,#cbc1ac,The Cure,Faith,1981,data/The Cure/faith.jpg,0.975,Pet Shop Boys,Fundamental,2006,data/Pet Shop Boys/fundamental.jpg,0.184
Beastie Boys,US,Paul's Boutique,1989,data/Beastie Boys/paul_s_boutique.jpg,0.27,0.306,28.8,#3d3737,Fleetwood Mac,Tusk,1979,data/Fleetwood Mac/tusk.jpg,0.834,Steely Dan,Aja,1977,data/Steely Dan/aja.jpg,0.12
Beastie Boys,US,Check Your Head,1992,data/Beastie Boys/check_your_head.jpg,0.395,0.117,5.7,#615f64,Pet Shop Boys,Hotspot,2020,data/Pet Shop Boys/hotspot.jpg,0.88,Steely Dan,Aja,1977,data/Steely Dan/aja.jpg,0.175
Beastie Boys,US,Ill Communication,1994,data/Beastie Boys/ill_communication.jpg,0.591,0.082,7.5,#96918d,R.E.M.,Around the Sun,2004,data/R.E.M./around_the_sun.jpg,0.918,Pet Shop Boys,Fundamental,2006,data/Pet Shop Boys/fundamental.jpg,0.144
Beastie Boys,US,Hello Nasty,1998,data/Beastie Boys/hello_nasty.jpg,0.58,0.526,115.6,#938034,The Smashing Pumpkins,Machina/The Machines of God,2000,data/The Smashing Pumpkins/machina_the_machines_of_god.jpg,0.847,Pet Shop Boys,Fundamental,2006,data/Pet Shop Boys/fundamental.jpg,0.046
Beastie Boys,US,To the 5 Boroughs,2004,data/Beastie Boys/to_the_5_boroughs.jpg,0.773,0.028,34.5,#bfc3c4,Fleetwood Mac,Bare Trees,1972,data/Fleetwood Mac/bare_trees.jpg,0.976,Pet Shop Boys,Fundamental,2006,data/Pet Shop Boys/fundamental.jpg,0.163
Beastie Boys,US,Hot Sauce Committee Part Two,2011,data/Beastie Boys/hot_sauce_committee_part_two.jpg,0.802,0.628,150.5,#909086,Taylor Swift,1989,2014,data/Taylor Swift/1989.jpg,0.859,Steely Dan,Aja,1977,data/Steely Dan/aja.jpg,0.192
Beyoncé,US,Dangerously in Love,2003,data/Beyoncé/dangerously_in_love.jpg,0.562,0.295,29.3,#81797a,King Crimson,Starless and Bible Black,1974,data/King Crimson/starless_and_bible_black.jpg,0.942,Pet Shop Boys,Fundamental,2006,data/Pet Shop Boys/fundamental.jpg,0.168
Beyoncé,US,B'Day,2006,data/Beyoncé/b_day.jpg,0.586,0.425,47.2,#808175,David Bowie,Heathen,2002,data/David Bowie/heathen.jpg,0.884,Steely Dan,Aja,1977,data/Steely Dan/aja.jpg,0.172
Beyoncé,US,I Am... Sasha Fierce,2008,data/Beyoncé/i_am_sasha_fierce.jpg,0.656,0.053,6.1,#a7a2a2,Queen,Innuendo,1991,data/Queen/innuendo.jpg,0.932,Steely Dan,Aja,1977,data/Steely Dan/aja.jpg,0.187
Beyoncé,US,4,2011,data/Beyoncé/4.jpg,0.72,0.233,31.6,#afa59e,Pink Floyd,Wish You Were Here,1975,data/Pink Floyd/wish_you_were_here.jpg,0.957,Steely Dan,Aja,1977,data/Steely Dan/aja.jpg,0.138
Beyoncé,US,Beyoncé,2013,data/Beyoncé/beyonc.jpg,0.09,0.175,7.3,#141316,The Rolling Stones,A Bigger Bang,2005,data/The Rolling Stones/a_bigger_bang.jpg,0.78,Pet Shop Boys,Fundamental,2006,data/Pet Shop Boys/fundamental.jpg,0.114
Beyoncé,US,Lemonade,2016,data/Beyoncé/lemonade.jpg,0.312,0.245,25.3,#3e4e46,The Beach Boys,Surfin' U.S.A.,1963,data/The Beach Boys/surfin_u_s_a.jpg,0.892,Metallica,Metallica,1991,data/Metallica/metallica.jpg,0.126
Beyoncé,US,Renaissance,2022,data/Beyoncé/renaissance.jpg,0.085,0.078,15.0,#121213,Beyoncé,Cowboy Carter,2024,data/Beyoncé/cowboy_carter.jpg,0.689,Pet Shop Boys,Fundamental,2006,data/Pet Shop Boys/fundamental.jpg,0.023
Beyoncé,US,Cowboy Carter,2024,data/Beyoncé/cowboy_carter.jpg,0.163,0.193,22.0,#292221,The Smashing Pumpkins,Gish,1991,data/The Smashing Pumpkins/gish.jpg,0.726,Pet Shop Boys,Fundamental,2006,data/Pet Shop Boys/fundamental.jpg,0.016
Billy Joel,US,Cold Spring Harbor,1971,data/Billy Joel/cold_spring_harbor.jpg,0.432,0.003,1.0,#6d6d6e,The Beach Boys,Sunflower,1970,data/The Beach Boys/sunflower.jpg,0.868,Beyoncé,Renaissance,2022,data/Beyoncé/renaissance.jpg,0.146
Billy Joel,US,Piano Man,1973,data/Billy Joel/piano_man.jpg,0.162,0.342,3.1,#252328,Joy Division,Unknown Pleasures,1979,data/Joy Division/unknown_pleasures.jpg,0.834,Pet Shop Boys,Fundamental,2006,data/Pet Shop Boys/fundamental.jpg,0.066
Billy Joel,US,Streetlife Serenade,1974,data/Billy Joel/streetlife_serenade.jpg,0.536,0.354,45.9,#736c73,The Velvet Underground,Loaded,1970,data/The Velvet Underground/loaded.jpg,0.911,Steely Dan,Aja,1977,data/Steely Dan/aja.jpg,0.131
Billy Joel,US,Turnstiles,1976,data/Billy Joel/turnstiles.jpg,0.32,0.509,34.7,#494541,Yes,Relayer,1974,data/Yes/relayer.jpg,0.765,Metallica,Metallica,1991,data/Metallica/metallica.jpg,0.134
Billy Joel,US,The Stranger,1977,data/Billy Joel/the_stranger.jpg,0.429,0.032,1.6,#6d6c6c,Adele,30,2021,data/Adele/30.jpg,0.861,Pet Shop Boys,Fundamental,2006,data/Pet Shop Boys/fundamental.jpg,0.077
Billy Joel,US,52nd Street,1978,data/Billy Joel/52nd_street.jpg,0.369,0.295,26.8,#525a54,King Crimson,THRAK,1995,data/King Crimson/thrak.jpg,0.81,Pet Shop Boys,Fundamental,2006,data/Pet Shop Boys/fundamental.jpg,0.135
Billy Joel,US,Glass Houses,1980,data/Billy Joel/glass_houses.jpg,0.476,0.341,39.4,#5a6f77,A Tribe Called Quest,The Love Movement,1998,data/A Tribe Called Quest/the_love_movement.jpg,0.856,Steely Dan,Aja,1977,data/Steely Dan/aja.jpg,0.174
Billy Joel,US,The Nylon Curtain,1982,data/Billy Joel/the_nylon_curtain.jpg,0.668,0.369,46.9,#a69c91,Joy Division,Closer,1980,data/Joy Division/closer.jpg,0.919,Steely Dan,Aja,1977,data/Steely Dan/aja.jpg,0.133
Billy Joel,US,An Innocent Man,1983,data/Billy Joel/an_innocent_man.jpg,0.251,0.081,17.0,#3c3f3b,Red Hot Chili Peppers,I'm with You,2011,data/Red Hot Chili Peppers/i_m_with_you.jpg,0.854,Steely Dan,Aja,1977,data/Steely Dan/aja.jpg,0.156
Billy Joel,US,The Bridge,1986,data/Billy Joel/the_bridge.jpg,0.446,0.441,43.3,#415571,New Order,Movement,1981,data/New Order/movement.jpg,0.888,Steely Dan,Aja,1977,data/Steely Dan/aja.jpg,0.115
Billy Joel,US,Storm Front,1989,data/Billy Joel/storm_front.jpg,0.388,0.525,79.3,#622729,Def Leppard,Slang,1996,data/Def Leppard/slang.jpg,0.84,Steely Dan,Aja,1977,data/Steely Dan/aja.jpg,0.193
Billy Joel,US,River of Dreams,1993,data/Billy Joel/river_of_dreams.jpg,0.611,0.41,48.6,#7a887d,Massive Attack,100th Window,2003,data/Massive Attack/100th_window.jpg,0.924,Pet Shop Boys,Fundamental,2006,data/Pet Shop Boys/fundamental.jpg,0.138
Black Sabbath,UK,Black Sabbath,1970,data/Black Sabbath/black_sabbath.jpg,0.391,0.429,41.2,#61454b,Steely Dan,Katy Lied,1975,data/Steely Dan/katy_lied.jpg,0.858,Steely Dan,Aja,1977,data/Steely Dan/aja.jpg,0.127
Black Sabbath,UK,Paranoid,1970,data/Black Sabbath/paranoid.jpg,0.225,0.345,47.9,#33232c,Kate Bush,50 Words for Snow,2011,data/Kate Bush/50_words_for_snow.jpg,0.76,Pet Shop Boys,Fundamental,2006,data/Pet Shop Boys/fundamental.jpg,0.039
Black Sabbath,UK,Master of Reality,1971,data/Black Sabbath/master_of_reality.jpg,0.453,0.405,67.6,#695663,Eminem,The Marshall Mathers LP 2,2013,data/Eminem/the_marshall_mathers_lp_2.jpg,0.802,Pet Shop Boys,Fundamental,2006,data/Pet Shop Boys/fundamental.jpg,0.04
Black Sabbath,UK,Vol. 4,1972,data/Black Sabbath/vol_4.jpg,0.418,0.344,85.1,#676243,Steely Dan,Katy Lied,1975,data/Steely Dan/katy_lied.jpg,0.729,Metallica,Metallica,1991,data/Metallica/metallica.jpg,0.096
Black Sabbath,UK,Sabbath Bloody Sabbath,1973,data/Black Sabbath/sabbath_bloody_sabbath.jpg,0.479,0.631,102.5,#78402d,Pulp,Freaks,1987,data/Pulp/freaks.jpg,0.813,Pet Shop Boys,Fundamental,2006,data/Pet Shop Boys/fundamental.jpg,0.122
Black Sabbath,UK,Sabotage,1975,data/Black Sabbath/sabotage.jpg,0.398,0.325,38.8,#61504f,Elton John,Empty Sky,1969,data/Elton John/empty_sky.jpg,0.861,Pet Shop Boys,Fundamental,2006,data/Pet Shop Boys/fundamental.jpg,0.099
Black Sabbath,UK,Technical Ecstasy,1976,data/Black Sabbath/technical_ecstasy.jpg,0.788,0.357,80.2,#c6ac87,Taylor Swift,1989,2014,data/Taylor Swift/1989.jpg,0.954,Pet Shop Boys,Fundamental,2006,data/Pet Shop Boys/fundamental.jpg,0.168
Black Sabbath,UK,Never Say Die!,1978,data/Black Sabbath/never_say_die.jpg,0.584,0.284,39.9,#8f8a7d,Pet Shop Boys,Hotspot,2020,data/Pet Shop Boys/hotspot.jpg,0.929,Steely Dan,Aja,1977,data/Steely Dan/aja.jpg,0.126
Black Sabbath,UK,Heaven and Hell,1980,data/Black Sabbath/heaven_and_hell.jpg,0.242,0.257,20.7,#32353b,The Cure,Songs of a Lost World,2024,data/The Cure/songs_of_a_lost_world.jpg,0.775,Pet Shop Boys,Fundamental,2006,data/Pet Shop Boys/fundamental.jpg,0.034
Black Sabbath,UK,Mob Rules,1981,data/Black Sabbath/mob_rules.jpg,0.596,0.538,61.8,#987249,Genesis,A Trick of the Tail,1976,data/Genesis/a_trick_of_the_tail.jpg,0.905,Pet Shop Boys,Fundamental,2006,data/Pet Shop Boys/fundamental.jpg,0.16
Black Sabbath,UK,13,2013,data/Black Sabbath/13.jpg,0.158,0.415,37.7,#241c18,Pet Shop Boys,Elysium,2012,data/Pet Shop Boys/elysium.jpg,0.781,Pet Shop Boys,Fundamental,2006,data/Pet Shop Boys/fundamental.jpg,0.164
Blondie,US,Blondie,1976,data/Blondie/blondie.jpg,0.414,0.345,48.3,#685545,Steely Dan,Katy Lied,1975,data/Steely Dan/katy_lied.jpg,0.85,Metallica,Metallica,1991,data/Metallica/metallica.jpg,0.099
Blondie,US,Plastic Letters,1978,data/Blondie/plastic_letters.jpg,0.32,0.359,62.7,#4c3338,Yes,Union,1991,data/Yes/union.jpg,0.783,Pet Shop Boys,Fundamental,2006,data/Pet Shop Boys/fundamental.jpg,0.085
Blondie,US,Parallel Lines,1978,data/Blondie/parallel_lines.jpg,0.39,0.189,36.4,#615656,Michael Jackson,Invincible,2001,data/Michael Jackson/invincible.jpg,0.751,Metallica,Metallica,1991,data/Metallica/metallica.jpg,0.194
Blondie,US,Eat to the Beat,1979,data/Blondie/eat_to_the_beat.jpg,0.558,0.285,52.7,#8b7d65,Genesis,Wind & Wuthering,1976,data/Genesis/wind_wuthering.jpg,0.916,Pet Shop Boys,Fundamental,2006,data/Pet Shop Boys/fundamental.jpg,0.151
Blondie,US,Autoamerican,1980,data/Blondie/autoamerican.jpg,0.66,0.361,55.1,#a8856b,Fleetwood Mac,Behind the Mask,1990,data/Fleetwood Mac/behind_the_mask.jpg,0.953,Steely Dan,Aja,1977,data/Steely Dan/aja.jpg,0.19
Blondie,US,The Hunter,1982,data/Blondie/the_hunter.jpg,0.523,0.296,36.8,#6f5f79,Tears for Fears,The Hurting,1983,data/Tears for Fears/the_hurting.jpg,0.906,Pet Shop Boys,Fundamental,2006,data/Pet Shop Boys/fundamental.jpg,0.162
Blondie,US,No Exit,1999,data/Blondie/no_exit.jpg,0.269,0.309,39.5,#314241,Bruce Springsteen,Nebraska,1982,data/Bruce Springsteen/nebraska.jpg,0.773,Pet Shop Boys,Fundamental,2006,data/Pet Shop Boys/fundamental.jpg,0.123
Blondie,US,Panic of Girls,2011,data/Blondie/panic_of_girls.jpg,0.458,0.145,14.5,#6d696f,Fleetwood Mac,Bare Trees,1972,data/Fleetwood Mac/bare_trees.jpg,0.926,Pet Shop Boys,Fundamental,2006,data/Pet Shop Boys/fundamental.jpg,0.176
Blondie,US,Pollinator,2017,data/Blondie/pollinator.jpg,0.734,0.619,127.9,#bb645d,Blondie,Autoamerican,1980,data/Blondie/autoamerican.jpg,0.856,Pink Floyd,The Dark Side of the Moon,1973,data/Pink Floyd/the_dark_side_of_the_moon.jpg,0.147
Blur,UK,Leisure,1991,data/Blur/leisure.jpg,0.698,0.442,73.8,#827ba1,The Cure,Faith,1981,data/The Cure/faith.jpg,0.92,Pet Shop Boys,Fundamental,2006,data/Pet Shop Boys/fundamental.jpg,0.192
Blur,UK,Modern Life Is Rubbish,1993,data/Blur/modern_life_is_rubbish.jpg,0.422,0.309,39.7,#605f52,Genesis,We Can't Dance,1991,data/Genesis/we_can_t_dance.jpg,0.936,Pet Shop Boys,Fundamental,2006,data/Pet Shop Boys/fundamental.jpg,0.159
Blur,UK,Parklife,1994,data/Blur/parklife.jpg,0.582,0.365,71.6,#947c52,Stevie Wonder,Fulfillingness' First Finale,1974,data/Stevie Wonder/fulfillingness_first_finale.jpg,0.899,The Smashing Pumpkins,Aghori Mhori Mei,2024,data/The Smashing Pumpkins/aghori_mhori_mei.jpg,0.192
Blur,UK,The Great Escape,1995,data/Blur/the_great_escape.jpg,0.696,0.676,100.5,#377cac,King Crimson,Beat,1982,data/King Crimson/beat.jpg,0.929,The Police,Ghost in the Machine,1981,data/The Police/ghost_in_the_machine.jpg,0.168
Blur,UK,Blur,1997,data/Blur/blur.jpg,0.913,0.648,101.9,#e8a94d,Rod Stewart,An Old Raincoat Won't Ever Let You Down,1969,data/Rod Stewart/an_old_raincoat_wont_ever_let_you_down.jpg,0.96,Pet Shop Boys,Fundamental,2006,data/Pet Shop Boys/fundamental.jpg,0.176
Blur,UK,13,1999,data/Blur/13.jpg,0.739,0.597,94.2,#ba7345,Rod Stewart,An Old Raincoat Won't Ever Let You Down,1969,data/Rod Stewart/an_old_raincoat_wont_ever_let_you_down.jpg,0.964,Pet Shop Boys,Fundamental,2006,data/Pet Shop Boys/fundamental.jpg,0.167
Blur,UK,Think Tank,2003,data/Blur/think_tank.jpg,0.544,0.173,41.6,#887e7c,The Cure,Faith,1981,data/The Cure/faith.jpg,0.932,Steely Dan,Aja,1977,data/Steely Dan/aja.jpg,0.18
Blur,UK,The Magic Whip,2015,data/Blur/the_magic_whip.jpg,0.274,0.261,62.2,#393c31,Kate Bush,50 Words for Snow,2011,data/Kate Bush/50_words_for_snow.jpg,0.744,Pet Shop Boys,Fundamental,2006,data/Pet Shop Boys/fundamental.jpg,0.122
Blur,UK,The Ballad of Darren,2023,data/Blur/the_ballad_of_darren.jpg,0.64,0.403,108.9,#5c859b,New Order,Movement,1981,data/New Order/movement.jpg,0.931,Pet Shop Boys,Fundamental,2006,data/Pet Shop Boys/fundamental.jpg,0.155
Bob Dylan,US,Bob Dylan,1962,data/Bob Dylan/bob_dylan.jpg,0.59,0.297,31.7,#968170,David Bowie,Aladdin Sane,1973,data/David Bowie/aladdin_sane.jpg,0.907,Pet Shop Boys,Fundamental,2006,data/Pet Shop Boys/fundamental.jpg,0.191
Bob Dylan,US,The Freewheelin' Bob Dylan,1963,data/Bob Dylan/the_freewheelin_bob_dylan.jpg,0.415,0.238,24.5,#656055,Beastie Boys,Licensed to Ill,1986,data/Beastie Boys/licensed_to_ill.jpg,0.905,Steely Dan,Aja,1977,data/Steely Dan/aja.jpg,0.163
Bob Dylan,US,The Times They Are A-Changin',1964,data/Bob Dylan/the_times_they_are_a_changin.jpg,0.64,0.205,20.4,#a29e83,Fleetwood Mac,Bare Trees,1972,data/Fleetwood Mac/bare_trees.jpg,0.955,Pet Shop Boys,Fundamental,2006,data/Pet Shop Boys/fundamental.jpg,0.14
Bob Dylan,US,Another Side of Bob Dylan,1964,data/Bob Dylan/another_side_of_bob_dylan.jpg,0.784,0.073,12.8,#c7c5bb,Pink Floyd,Wish You Were Here,1975,data/Pink Floyd/wish_you_were_here.jpg,0.971,Steely Dan,Aja,1977,data/Steely Dan/aja.jpg,0.138
Bob Dylan,US,Bringing It All Back Home,1965,data/Bob Dylan/bringing_it_all_back_home.jpg,0.761,0.151,40.5,#bfb5ae,Tears for Fears,Raoul and the Kings of Spain,1995,data/Tears for Fears/raoul_and_the_kings_of_spain.jpg,0.959,Steely Dan,Aja,1977,data/Steely Dan/aja.jpg,0.174
Bob Dylan,US,Highway 61 Revisited,1965,data/Bob Dylan/highway_61_revisited.jpg,0.625,0.203,33.7,#9e948c,David Bowie,Never Let Me Down,1987,data/David Bowie/never_let_me_down.jpg,0.924,Steely Dan,Aja,1977,data/Steely Dan/aja.jpg,0.142
Bob Dylan,US,Blonde on Blonde,1966,data/Bob Dylan/blonde_on_blonde.jpg,0.552,0.401,37.0,#8c7355,Genesis,We Can't Dance,1991,data/Genesis/we_can_t_dance.jpg,0.927,Metallica,Metallica,1991,data/Metallica/metallica.jpg,0.177
Bob Dylan,US,John Wesley Harding,1967,data/Bob Dylan/john_wesley_harding.jpg,0.567,0.192,16.1,#90877a,Bob Dylan,Another Side of Bob Dylan,1964,data/Bob Dylan/another_side_of_bob_dylan.jpg,0.932,Steely Dan,Aja,1977,data/Steely Dan/aja.jpg,0.129
Bob Dylan,US,Nashville Skyline,1969,data/Bob Dylan/nashville_skyline.jpg,0.519,0.252,30.6,#7c756e,Pet Shop Boys,Hotspot,2020,data/Pet Shop Boys/hotspot.jpg,0.882,Steely Dan,Aja,1977,data/Steely Dan/aja.jpg,0.158
Bob Dylan,US,New Morning,1970,data/Bob Dylan/new_morning.jpg,0.602,0.495,37.7,#99825d,Arctic Monkeys,The Car,2022,data/Arctic Monkeys/the_car.jpg,0.922,Pet Shop Boys,Fundamental,2006,data/Pet Shop Boys/fundamental.jpg,0.181
Bob Dylan,US,Planet Waves,1974,data/Bob Dylan/planet_waves.jpg,0.788,0.024,2.7,#c8c7c7,Genesis,Duke,1980,data/Genesis/duke.jpg,0.952,Pet Shop Boys,Fundamental,2006,data/Pet Shop Boys/fundamental.jpg,0.197
Bob Dylan,US,Blood on the Tracks,1975,data/Bob Dylan/blood_on_the_tracks.jpg,0.459,0.332,39.7,#745450,Roxy Music,Roxy Music,1972,data/Roxy Music/roxy_music.jpg,0.935,Pet Shop Boys,Fundamental,2006,data/Pet Shop Boys/fundamental.jpg,0.155
Bob Dylan,US,Desire,1976,data/Bob Dylan/desire.jpg,0.37,0.303,27.1,#5d5344,Taylor Swift,1989,2014,data/Taylor Swift/1989.jpg,0.912,Pet Shop Boys,Fundamental,2006,data/Pet Shop Boys/fundamental.jpg,0.169
Bob Dylan,US,Street-Legal,1978,data/Bob Dylan/street_legal.jpg,0.523,0.368,47.6,#846454,Aretha Franklin,Amazing Grace,1972,data/Aretha Franklin/amazing_grace.jpg,0.93,Steely Dan,Aja,1977,data/Steely Dan/aja.jpg,0.155
Bob Dylan,US,Slow Train Coming,1979,data/Bob Dylan/slow_train_coming.jpg,0.655,0.421,31.8,#a68764,The Who,The Who by Numbers,1975,data/The Who/the_who_by_numbers.jpg,0.977,Pet Shop Boys,Fundamental,2006,data/Pet Shop Boys/fundamental.jpg,0.159
Bob Dylan,US,Infidels,1983,data/Bob Dylan/infidels.jpg,0.433,0.277,37.4,#6c5c50,Taylor Swift,Fearless,2008,data/Taylor Swift/fearless.jpg,0.902,Pet Shop Boys,Fundamental,2006,data/Pet Shop Boys/fundamental.jpg,0.079
Bob Dylan,US,Oh Mercy,1989,data/Bob Dylan/oh_mercy.jpg,0.441,0.534,65.6,#595a51,Pet Shop Boys,Elysium,2012,data/Pet Shop Boys/elysium.jpg,0.88,Steely Dan,Aja,1977,data/Steely Dan/aja.jpg,0.213
Bob Dylan,US,Time Out of Mind,1997,data/Bob Dylan/time_out_of_mind.jpg,0.343,0.131,20.0,#554d4e,Pulp,It,1983,data/Pulp/it.jpg,0.824,Steely Dan,Aja,1977,data/Steely Dan/aja.jpg,0.162
Bob Dylan,US,Love and Theft,2001,data/Bob Dylan/love_and_theft.jpg,0.518,0.109,45.1,#7c797b,Pet Shop Boys,Elysium,2012,data/Pet Shop Boys/elysium.jpg,0.937,Pet Shop Boys,Fundamental,2006,data/Pet Shop Boys/fundamental.jpg,0.134
Bob Dylan,US,Modern Times,2006,data/Bob Dylan/modern_times.jpg,0.407,0.134,14.9,#676361,Taylor Swift,Fearless (Taylor's Version),2021,data/Taylor Swift/fearless_taylors_version.jpg,0.874,Pet Shop Boys,Fundamental,2006,data/Pet Shop Boys/fundamental.jpg,0.056
Bob Dylan,US,Tempest,2012,data/Bob Dylan/tempest.jpg,0.215,0.709,62.2,#360c0f,Talking Heads,Talking Heads: 77,1977,data/Talking Heads/talking_heads_77.jpg,0.802,Pet Shop Boys,Fundamental,2006,data/Pet Shop Boys/fundamental.jpg,0.128
Bob Dylan,US,Rough and Rowdy Ways,2020,data/Bob Dylan/rough_and_rowdy_ways.jpg,0.324,0.414,37.0,#4f4434,Pulp,Freaks,1987,data/Pulp/freaks.jpg,0.763,Pet Shop Boys,Fundamental,2006,data/Pet Shop Boys/fundamental.jpg,0.042
Bon Jovi,US,Bon Jovi,1984,data/Bon Jovi/bon_jovi.jpg,0.416,0.442,35.4,#665b4b,Yes,Fragile,1971,data/Yes/fragile.jpg,0.832,Pet Shop Boys,Fundamental,2006,data/Pet Shop Boys/fundamental.jpg,0.083
Bon Jovi,US,7800° Fahrenheit,1985,data/Bon Jovi/7800_fahrenheit.jpg,0.556,0.375,58.0,#8b6660,Beyoncé,Dangerously in Love,2003,data/Beyoncé/dangerously_in_love.jpg,0.85,Steely Dan,Aja,1977,data/Steely Dan/aja.jpg,0.106
Bon Jovi,US,Slippery When Wet,1986,data/Bon Jovi/slippery_when_wet.jpg,0.287,0.175,21.2,#424346,Genesis,Duke,1980,data/Genesis/duke.jpg,0.911,Steely Dan,Aja,1977,data/Steely Dan/aja.jpg,0.166
Bon Jovi,US,New Jersey,1988,data/Bon Jovi/new_jersey.jpg,0.381,0.217,19.9,#4c595f,Simon & Garfunkel,Bridge over Troubled Water,1970,data/Simon & Garfunkel/bridge_over_troubled_water.jpg,0.921,Steely Dan,Aja,1977,data/Steely Dan/aja.jpg,0.151
Bon Jovi,US,Keep the Faith,1992,data/Bon Jovi/keep_the_faith.jpg,0.426,0.187,18.1,#6c605a,Fleetwood Mac,Bare Trees,1972,data/Fleetwood Mac/bare_trees.jpg,0.861,Pet Shop Boys,Fundamental,2006,data/Pet Shop Boys/fundamental.jpg,0.062
Bon Jovi,US,These Days,1995,data/Bon Jovi/these_days.jpg,0.482,0.723,78.7,#7a5036,Bob Dylan,Slow Train Coming,1979,data/Bob Dylan/slow_train_coming.jpg,0.763,Steely Dan,Aja,1977,data/Steely Dan/aja.jpg,0.109
Bon Jovi,US,Crush,2000,data/Bon Jovi/crush.jpg,0.726,0.13,27.7,#b0b3b2,A Tribe Called Quest,The Love Movement,1998,data/A Tribe Called Quest/the_love_movement.jpg,0.926,Pet Shop Boys,Fundamental,2006,data/Pet Shop Boys/fundamental.jpg,0.135
Bon Jovi,US,Bounce,2002,data/Bon Jovi/bounce.jpg,0.467,0.056,1.8,#747576,David Bowie,1. Outside,1995,data/David Bowie/1_outside.jpg,0.905,Steely Dan,Aja,1977,data/Steely Dan/aja.jpg,0.188
Bon Jovi,US,Have a Nice Day,2005,data/Bon Jovi/have_a_nice_day.jpg,0.547,0.717,111.2,#8b2313,Talking Heads,Talking Heads: 77,1977,data/Talking Heads/talking_heads_77.jpg,0.876,Pet Shop Boys,Fundamental,2006,data/Pet Shop Boys/fundamental.jpg,0.153
Bon Jovi,US,Lost Highway,2007,data/Bon Jovi/lost_highway.jpg,0.453,0.41,46.1,#52676c,Iron Maiden,Brave New World,2000,data/Iron Maiden/brave_new_world.jpg,0.866,Pet Shop Boys,Fundamental,2006,data/Pet Shop Boys/fundamental.jpg,0.052
Bon Jovi,US,The Circle,2009,data/Bon Jovi/the_circle.jpg,0.378,0.399,19.3,#4f5c5f,Kate Bush,50 Words for Snow,2011,data/Kate Bush/50_words_for_snow.jpg,0.893,Pet Shop Boys,Fundamental,2006,data/Pet Shop Boys/fundamental.jpg,0.036
Bon Jovi,US,Forever,2024,data/Bon Jovi/forever.jpg,0.46,0.0,0.1,#757575,Soundgarden,King Animal,2012,data/Soundgarden/king_animal.jpg,0.879,Steely Dan,Aja,1977,data/Steely Dan/aja.jpg,0.185
Bruce Springsteen,US,"Greetings from Asbury Park, N.J.",1973,data/Bruce Springsteen/greetings_from_asbury_park_n_j.jpg,0.56,0.789,118.6,#645f55,Genesis,Wind & Wuthering,1976,data/Genesis/wind_wuthering.jpg,0.808,Pet Shop Boys,Fundamental,2006,data/Pet Shop Boys/fundamental.jpg,0.045
Bruce Springsteen,US,"The Wild, the Innocent & the E Street Shuffle",1973,data/Bruce Springsteen/the_wild_the_innocent_the_e_street_shuffle.jpg,0.305,0.389,34.8,#4d3930,Adele,25,2015,data/Adele/25.jpg,0.83,Pet Shop Boys,Fundamental,2006,data/Pet Shop Boys/fundamental.jpg,0.123
Bruce Springsteen,US,Born to Run,1975,data/Bruce Springsteen/born_to_run.jpg,0.754,0.025,3.4,#bec0bf,Red Hot Chili Peppers,I'm with You,2011,data/Red Hot Chili Peppers/i_m_with_you.jpg,0.93,Steely Dan,Aja,1977,data/Steely Dan/aja.jpg,0.151
Bruce Springsteen,US,Darkness on the Edge of Town,1978,data/Bruce Springsteen/darkness_on_the_edge_of_town.jpg,0.567,0.303,27.6,#907c70,New Order,Get Ready,2001,data/New Order/get_ready.jpg,0.904,Metallica,Metallica,1991,data/Metallica/metallica.jpg,0.189
Bruce Springsteen,US,The River,1980,data/Bruce Springsteen/the_river.jpg,0.318,0.097,18.8,#4d4f4d,R.E.M.,Lifes Rich Pageant,1986,data/R.E.M./lifes_rich_pageant.jpg,0.825,Pet Shop Boys,Fundamental,2006,data/Pet Shop Boys/fundamental.jpg,0.05
Bruce Springsteen,US,Nebraska,1982,data/Bruce Springsteen/nebraska.jpg,0.393,0.208,73.8,#624b4e,Pink Floyd,The Endless River,2014,data/Pink Floyd/the_endless_river.jpg,0.853,Pet Shop Boys,Fundamental,2006,data/Pet Shop Boys/fundamental.jpg,0.109
Bruce Springsteen,US,Born in the U.S.A.,1984,data/Bruce Springsteen/born_in_the_u_s_a.jpg,0.576,0.423,67.6,#8b6366,Taylor Swift,Folklore,2020,data/Taylor Swift/folklore.jpg,0.863,Steely Dan,Aja,1977,data/Steely Dan/aja.jpg,0.132
Bruce Springsteen,US,Tunnel of Love,1987,data/Bruce Springsteen/tunnel_of_love.jpg,0.701,0.085,16.7,#aeadad,Pink Floyd,Wish You Were Here,1975,data/Pink Floyd/wish_you_were_here.jpg,0.951,The Smashing Pumpkins,Aghori Mhori Mei,2024,data/The Smashing Pumpkins/aghori_mhori_mei.jpg,0.114
Bruce Springsteen,US,Human Touch,1992,data/Bruce Springsteen/human_touch.jpg,0.277,0.531,75.0,#461c1b,Pet Shop Boys,Very,1993,data/Pet Shop Boys/very.jpg,0.801,Steely Dan,Aja,1977,data/Steely Dan/aja.jpg,0.138
Bruce Springsteen,US,Lucky Town,1992,data/Bruce Springsteen/lucky_town.jpg,0.547,0.421,79.2,#8b584f,The Cure,Three Imaginary Boys,1979,data/The Cure/three_imaginary_boys.jpg,0.904,Pet Shop Boys,Fundamental,2006,data/Pet Shop Boys/fundamental.jpg,0.134
Bruce Springsteen,US,The Ghost of Tom Joad,1995,data/Bruce Springsteen/the_ghost_of_tom_joad.jpg,0.376,0.423,60.1,#5e4932,The Rolling Stones,Beggars Banquet,1968,data/The Rolling Stones/beggars_banquet.jpg,0.825,Pet Shop Boys,Fundamental,2006,data/Pet Shop Boys/fundamental.jpg,0.138
Bruce Springsteen,US,The Rising,2002,data/Bruce Springsteen/the_rising.jpg,0.422,0.142,44.7,#6b6158,"Earth, Wind & Fire",Open Our Eyes,1974,"data/Earth, Wind & Fire/open_our_eyes.jpg",0.875,Pet Shop Boys,Fundamental,2006,data/Pet Shop Boys/fundamental.jpg,0.1
Bruce Springsteen,US,Devils & Dust,2005,data/Bruce Springsteen/devils_dust.jpg,0.179,0.451,23.1,#2d241e,Oasis,(What's the Story) Morning Glory?,1995,data/Oasis/what_s_the_story_morning_glory.jpg,0.759,Metallica,Metallica,1991,data/Metallica/metallica.jpg,0.156
Bruce Springsteen,US,Magic,2007,data/Bruce Springsteen/magic.jpg,0.758,0.196,33.7,#c1b4a6,David Bowie,Aladdin Sane,1973,data/David Bowie/aladdin_sane.jpg,0.934,Steely Dan,Aja,1977,data/Steely Dan/aja.jpg,0.147
Bruce Springsteen,US,Working on a Dream,2009,data/Bruce Springsteen/working_on_a_dream.jpg,0.32,0.524,35.5,#3e3c45,Deep Purple,Stormbringer,1974,data/Deep Purple/stormbringer.jpg,0.755,Pet Shop Boys,Fundamental,2006,data/Pet Shop Boys/fundamental.jpg,0.108
Bruce Springsteen,US,Wrecking Ball,2012,data/Bruce Springsteen/wrecking_ball.jpg,0.554,0.219,40.2,#8b837d,Pet Shop Boys,Elysium,2012,data/Pet Shop Boys/elysium.jpg,0.842,Pet Shop Boys,Fundamental,2006,data/Pet Shop Boys/fundamental.jpg,0.118
Bruce Springsteen,US,Western Stars,2019,data/Bruce Springsteen/western_stars.jpg,0.492,0.327,38.3,#71725f,Pet Shop Boys,Please,1986,data/Pet Shop Boys/please.jpg,0.919,Pet Shop Boys,Fundamental,2006,data/Pet Shop Boys/fundamental.jpg,0.145
Bruce Springsteen,US,Letter to You,2020,data/Bruce Springsteen/letter_to_you.jpg,0.471,0.16,18.4,#786c67,The Cure,Seventeen Seconds,1980,data/The Cure/seventeen_seconds.jpg,0.942,Metallica,Metallica,1991,data/Metallica/metallica.jpg,0.196
Coldplay,UK,Parachutes,2000,data/Coldplay/parachutes.jpg,0.149,0.213,73.6,#261503,Aretha Franklin,"Young, Gifted and Black",1972,data/Aretha Franklin/young_gifted_and_black.jpg,0.683,Pet Shop Boys,Fundamental,2006,data/Pet Shop Boys/fundamental.jpg,0.016
Coldplay,UK,A Rush of Blood to the Head,2002,data/Coldplay/a_rush_of_blood_to_the_head.jpg,0.942,0.005,2.0,#f0efef,Pink Floyd,The Wall,1979,data/Pink Floyd/the_wall.jpg,0.991,Pet Shop Boys,Fundamental,2006,data/Pet Shop Boys/fundamental.jpg,0.183
Coldplay,UK,X&Y,2005,data/Coldplay/x_y.jpg,0.259,0.958,39.6,#062b3e,King Crimson,Beat,1982,data/King Crimson/beat.jpg,0.91,Pet Shop Boys,Fundamental,2006,data/Pet Shop Boys/fundamental.jpg,0.144
Coldplay,UK,Viva la Vida or Death and All His Friends,2008,data/Coldplay/viva_la_vida_or_death_and_all_his_friends.jpg,0.436,0.296,28.6,#6d615a,The Cure,Seventeen Seconds,1980,data/The Cure/seventeen_seconds.jpg,0.88,Pet Shop Boys,Fundamental,2006,data/Pet Shop Boys/fundamental.jpg,0.156
Coldplay,UK,Mylo Xyloto,2011,data/Coldplay/mylo_xyloto.jpg,0.701,0.103,39.5,#b0a9aa,Pink Floyd,The Wall,1979,data/Pink Floyd/the_wall.jpg,0.971,Pet Shop Boys,Fundamental,2006,data/Pet Shop Boys/fundamental.jpg,0.188
Coldplay,UK,Ghost Stories,2014,data/Coldplay/ghost_stories.jpg,0.339,0.561,17.6,#2b3e56,Kate Bush,50 Words for Snow,2011,data/Kate Bush/50_words_for_snow.jpg,0.889,Pet Shop Boys,Fundamental,2006,data/Pet Shop Boys/fundamental.jpg,0.11
Coldplay,UK,A Head Full of Dreams,2015,data/Coldplay/a_head_full_of_dreams.jpg,0.514,0.302,74.7,#696967,Tears for Fears,Raoul and the Kings of Spain,1995,data/Tears for Fears/raoul_and_the_kings_of_spain.jpg,0.908,The Smashing Pumpkins,Aghori Mhori Mei,2024,data/The Smashing Pumpkins/aghori_mhori_mei.jpg,0.135
Coldplay,UK,Everyday Life,2019,data/Coldplay/everyday_life.jpg,0.412,0.026,3.4,#696667,Pet Shop Boys,Elysium,2012,data/Pet Shop Boys/elysium.jpg,0.954,Pet Shop Boys,Fundamental,2006,data/Pet Shop Boys/fundamental.jpg,0.11
Coldplay,UK,Music of the Spheres,2021,data/Coldplay/music_of_the_spheres.jpg,0.272,0.502,63.1,#161b43,The Smashing Pumpkins,Atum: A Rock Opera in Three Acts,2023,data/The Smashing Pumpkins/atum_a_rock_opera_in_three_acts.jpg,0.827,Pet Shop Boys,Fundamental,2006,data/Pet Shop Boys/fundamental.jpg,0.061
Coldplay,UK,Moon Music,2024,data/Coldplay/moon_music.jpg,0.545,0.907,71.4,#125c88,King Crimson,Beat,1982,data/King Crimson/beat.jpg,0.935,Pet Shop Boys,Fundamental,2006,data/Pet Shop Boys/fundamental.jpg,0.148
Cream,UK,Fresh Cream,1966,data/Cream/fresh_cream.jpg,0.282,0.301,34.9,#3f383b,Pet Shop Boys,Elysium,2012,data/Pet Shop Boys/elysium.jpg,0.812,Pet Shop Boys,Fundamental,2006,data/Pet Shop Boys/fundamental.jpg,0.076
Cream,UK,Disraeli Gears,1967,data/Cream/disraeli_gears.jpg,0.608,0.758,108.4,#974038,Pet Shop Boys,Very,1993,data/Pet Shop Boys/very.jpg,0.938,Pet Shop Boys,Fundamental,2006,data/Pet Shop Boys/fundamental.jpg,0.16
Cream,UK,Wheels of Fire,1968,data/Cream/wheels_of_fire.jpg,0.409,0.052,2.1,#656668,King Crimson,Starless and Bible Black,1974,data/King Crimson/starless_and_bible_black.jpg,0.936,Pet Shop Boys,Fundamental,2006,data/Pet Shop Boys/fundamental.jpg,0.174
Cream,UK,Goodbye,1969,data/Cream/goodbye.jpg,0.259,0.217,13.3,#413537,Eagles,One of These Nights,1975,data/Eagles/one_of_these_nights.jpg,0.865,Pet Shop Boys,Fundamental,2006,data/Pet Shop Boys/fundamental.jpg,0.089
Creedence Clearwater Revival,US,Creedence Clearwater Revival,1968,data/Creedence Clearwater Revival/creedence_clearwater_revival.jpg,0.55,0.479,79.1,#4d7478,New Order,Movement,1981,data/New Order/movement.jpg,0.92,Steely Dan,Aja,1977,data/Steely Dan/aja.jpg,0.193
Creedence Clearwater Revival,US,Bayou Country,1969,data/Creedence Clearwater Revival/bayou_country.jpg,0.284,0.379,34.5,#44412b,The Who,The Who by Numbers,1975,data/The Who/the_who_by_numbers.jpg,0.84,Pet Shop Boys,Fundamental,2006,data/Pet Shop Boys/fundamental.jpg,0.084
Creedence Clearwater Revival,US,Green River,1969,data/Creedence Clearwater Revival/green_river.jpg,0.536,0.49,44.4,#866b5c,King Crimson,Larks' Tongues in Aspic,1973,data/King Crimson/larks_tongues_in_aspic.jpg,0.887,Pink Floyd,The Dark Side of the Moon,1973,data/Pink Floyd/the_dark_side_of_the_moon.jpg,0.197
Creedence Clearwater Revival,US,Willy and the Poor Boys,1969,data/Creedence Clearwater Revival/willy_and_the_poor_boys.jpg,0.347,0.249,13.3,#56534c,King Crimson,Larks' Tongues in Aspic,1973,data/King Crimson/larks_tongues_in_aspic.jpg,0.819,The Smashing Pumpkins,Aghori Mhori Mei,2024,data/The Smashing Pumpkins/aghori_mhori_mei.jpg,0.161
Creedence Clearwater Revival,US,Cosmo's Factory,1970,data/Creedence Clearwater Revival/cosmo_s_factory.jpg,0.426,0.408,59.8,#694c49,Jimi Hendrix,Axis: Bold as Love,1967,data/Jimi Hendrix/axis_bold_as_love.jpg,0.811,Pet Shop Boys,Fundamental,2006,data/Pet Shop Boys/fundamental.jpg,0.139
Creedence Clearwater Revival,US,Pendulum,1970,data/Creedence Clearwater Revival/pendulum.jpg,0.412,0.537,39.1,#684737,Iron Maiden,Powerslave,1984,data/Iron Maiden/powerslave.jpg,0.801,Pet Shop Boys,Fundamental,2006,data/Pet Shop Boys/fundamental.jpg,0.085
Creedence Clearwater Revival,US,Mardi Gras,1972,data/Creedence Clearwater Revival/mardi_gras.jpg,0.377,0.381,32.5,#60473f,R.E.M.,Lifes Rich Pageant,1986,data/R.E.M./lifes_rich_pageant.jpg,0.932,Pet Shop Boys,Fundamental,2006,data/Pet Shop Boys/fundamental.jpg,0.146
David Bowie,UK,Space Oddity,1969,data/David Bowie/space_oddity.jpg,0.425,0.741,54.1,#234f65,King Crimson,Beat,1982,data/King Crimson/beat.jpg,0.908,Pet Shop Boys,Fundamental,2006,data/Pet Shop Boys/fundamental.jpg,0.125
David Bowie,UK,The Man Who Sold the World,1970,data/David Bowie/the_man_who_sold_the_world.jpg,0.432,0.261,38.7,#566066,Pet Shop Boys,Elysium,2012,data/Pet Shop Boys/elysium.jpg,0.933,Pet Shop Boys,Fundamental,2006,data/Pet Shop Boys/fundamental.jpg,0.142
David Bowie,UK,Hunky Dory,1971,data/David Bowie/hunky_dory.jpg,0.5,0.234,36.2,#7e6a61,Pet Shop Boys,Elysium,2012,data/Pet Shop Boys/elysium.jpg,0.914,Pet Shop Boys,Fundamental,2006,data/Pet Shop Boys/fundamental.jpg,0.168
David Bowie,UK,The Rise and Fall of Ziggy Stardust and the Spiders from Mars,1972,data/David Bowie/the_rise_and_fall_of_ziggy_stardust_and_the_spiders_from_mars.jpg,0.214,0.273,37.6,#342c24,Pet Shop Boys,Hotspot,2020,data/Pet Shop Boys/hotspot.jpg,0.772,Steely Dan,Aja,1977,data/Steely Dan/aja.jpg,0.175
David Bowie,UK,Aladdin Sane,1973,data/David Bowie/aladdin_sane.jpg,0.867,0.099,31.7,#dcd0d1,Mariah Carey,Rainbow,1999,data/Mariah Carey/rainbow.jpg,0.965,Pet Shop Boys,Fundamental,2006,data/Pet Shop Boys/fundamental.jpg,0.198
David Bowie,UK,Pin Ups,1973,data/David Bowie/pin_ups.jpg,0.715,0.397,53.8,#a78e82,A Tribe Called Quest,The Love Movement,1998,data/A Tribe Called Quest/the_love_movement.jpg,0.935,Pet Shop Boys,Fundamental,2006,data/Pet Shop Boys/fundamental.jpg,0.179
David Bowie,UK,Diamond Dogs,1974,data/David Bowie/diamond_dogs.jpg,0.511,0.377,50.0,#806854,The Rolling Stones,It's Only Rock 'n Roll,1974,data/The Rolling Stones/it_s_only_rock_n_roll.jpg,0.892,Pet Shop Boys,Fundamental,2006,data/Pet Shop Boys/fundamental.jpg,0.16
David Bowie,UK,Young Americans,1975,data/David Bowie/young_americans.jpg,0.33,0.379,39.0,#534238,Kate Bush,Never for Ever,1980,data/Kate Bush/never_for_ever.jpg,0.796,Pet Shop Boys,Fundamental,2006,data/Pet Shop Boys/fundamental.jpg,0.052
David Bowie,UK,Station to Station,1976,data/David Bowie/station_to_station.jpg,0.612,0.09,31.6,#9b9694,Tears for Fears,Raoul and the Kings of Spain,1995,data/Tears for Fears/raoul_and_the_kings_of_spain.jpg,0.954,The Smashing Pumpkins,Aghori Mhori Mei,2024,data/The Smashing Pumpkins/aghori_mhori_mei.jpg,0.106
David Bowie,UK,Low,1977,data/David Bowie/low.jpg,0.568,0.645,79.0,#90582b,Pet Shop Boys,Very,1993,data/Pet Shop Boys/very.jpg,0.925,Pet Shop Boys,Fundamental,2006,data/Pet Shop Boys/fundamental.jpg,0.161
David Bowie,UK,Heroes,1977,data/David Bowie/heroes.jpg,0.32,0.156,8.4,#514d46,David Bowie,The Next Day,2013,data/David Bowie/the_next_day.jpg,0.836,Pet Shop Boys,Fundamental,2006,data/Pet Shop Boys/fundamental.jpg,0.123
David Bowie,UK,Lodger,1979,data/David Bowie/lodger.jpg,0.799,0.191,35.1,#cbc2ab,Red Hot Chili Peppers,I'm with You,2011,data/Red Hot Chili Peppers/i_m_with_you.jpg,0.942,Pet Shop Boys,Fundamental,2006,data/Pet Shop Boys/fundamental.jpg,0.18
David Bowie,UK,Scary Monsters (and Super Creeps),1980,data/David Bowie/scary_monsters_and_super_creeps.jpg,0.711,0.099,27.7,#b1aaa8,Taylor Swift,1989,2014,data/Taylor Swift/1989.jpg,0.967,Steely Dan,Aja,1977,data/Steely Dan/aja.jpg,0.164
David Bowie,UK,Let's Dance,1983,data/David Bowie/let_s_dance.jpg,0.328,0.466,64.0,#48362f,R.E.M.,New Adventures in Hi-Fi,1996,data/R.E.M./new_adventures_in_hi_fi.jpg,0.841,Pet Shop Boys,Fundamental,2006,data/Pet Shop Boys/fundamental.jpg,0.052
David Bowie,UK,Tonight,1984,data/David Bowie/tonight.jpg,0.303,0.406,53.8,#433e35,Taylor Swift,Lover,2019,data/Taylor Swift/lover.jpg,0.809,Steely Dan,Aja,1977,data/Steely Dan/aja.jpg,0.105
David Bowie,UK,Never Let Me Down,1987,data/David Bowie/never_let_me_down.jpg,0.615,0.319,52.1,#9c807d,Bob Dylan,Highway 61 Revisited,1965,data/Bob Dylan/highway_61_revisited.jpg,0.924,Steely Dan,Aja,1977,data/Steely Dan/aja.jpg,0.151
David Bowie,UK,Black Tie White Noise,1993,data/David Bowie/black_tie_white_noise.jpg,0.677,0.311,59.8,#a18585,Michael Jackson,Invincible,2001,data/Michael Jackson/invincible.jpg,0.957,Pet Shop Boys,Fundamental,2006,data/Pet Shop Boys/fundamental.jpg,0.158
David Bowie,UK,1. Outside,1995,data/David Bowie/1_outside.jpg,0.837,0.076,22.1,#d2cfca,Pink Floyd,Wish You Were Here,1975,data/Pink Floyd/wish_you_were_here.jpg,0.973,Pet Shop Boys,Fundamental,2006,data/Pet Shop Boys/fundamental.jpg,0.169
David Bowie,UK,Earthling,1997,data/David Bowie/earthling.jpg,0.715,0.828,120.9,#378987,The Smashing Pumpkins,Oceania,2012,data/The Smashing Pumpkins/oceania.jpg,0.854,Pet Shop Boys,Fundamental,2006,data/Pet Shop Boys/fundamental.jpg,0.107
David Bowie,UK,Hours,1999,data/David Bowie/hours.jpg,0.672,0.35,56.2,#7a929f,Elton John,Too Low for Zero,1983,data/Elton John/too_low_for_zero.jpg,0.956,Pet Shop Boys,Fundamental,2006,data/Pet Shop Boys/fundamental.jpg,0.168
David Bowie,UK,Heathen,2002,data/David Bowie/heathen.jpg,0.553,0.133,28.0,#8c847a,Fleetwood Mac,Bare Trees,1972,data/Fleetwood Mac/bare_trees.jpg,0.938,Steely Dan,Aja,1977,data/Steely Dan/aja.jpg,0.211
David Bowie,UK,Reality,2003,data/David Bowie/reality.jpg,0.779,0.132,41.8,#c3bdb5,Tears for Fears,Elemental,1993,data/Tears for Fears/elemental.jpg,0.941,Steely Dan,Aja,1977,data/Steely Dan/aja.jpg,0.167
David Bowie,UK,The Next Day,2013,data/David Bowie/the_next_day.jpg,0.566,0.02,1.9,#90908e,Kate Bush,50 Words for Snow,2011,data/Kate Bush/50_words_for_snow.jpg,0.945,Pet Shop Boys,Fundamental,2006,data/Pet Shop Boys/fundamental.jpg,0.093
David Bowie,UK,Blackstar,2016,data/David Bowie/blackstar.jpg,0.835,0.011,0.9,#d4d4d4,Pet Shop Boys,Behaviour,1990,data/Pet Shop Boys/behaviour.jpg,0.964,Steely Dan,Aja,1977,data/Steely Dan/aja.jpg,0.154
Deep Purple,UK,Shades of Deep Purple,1968,data/Deep Purple/shades_of_deep_purple.jpg,0.298,0.379,50.7,#403539,Pet Shop Boys,Hotspot,2020,data/Pet Shop Boys/hotspot.jpg,0.779,The Smashing Pumpkins,Aghori Mhori Mei,2024,data/The Smashing Pumpkins/aghori_mhori_mei.jpg,0.158
Deep Purple,UK,Deep Purple,1969,data/Deep Purple/deep_purple.jpg,0.682,0.323,50.9,#ad917d,Weezer,OK Human,2021,data/Weezer/ok_human.jpg,0.965,Pet Shop Boys,Fundamental,2006,data/Pet Shop Boys/fundamental.jpg,0.151
Deep Purple,UK,Deep Purple in Rock,1970,data/Deep Purple/deep_purple_in_rock.jpg,0.65,0.328,62.5,#7b829e,Steely Dan,Countdown to Ecstasy,1973,data/Steely Dan/countdown_to_ecstasy.jpg,0.925,Pet Shop Boys,Fundamental,2006,data/Pet Shop Boys/fundamental.jpg,0.13
Deep Purple,UK,Fireball,1971,data/Deep Purple/fireball.jpg,0.2,0.344,39.3,#322121,Bruce Springsteen,Lucky Town,1992,data/Bruce Springsteen/lucky_town.jpg,0.73,Pet Shop Boys,Fundamental,2006,data/Pet Shop Boys/fundamental.jpg,0.057
Deep Purple,UK,Machine Head,1972,data/Deep Purple/machine_head.jpg,0.439,0.26,29.0,#6b625d,Pet Shop Boys,Hotspot,2020,data/Pet Shop Boys/hotspot.jpg,0.929,Metallica,Metallica,1991,data/Metallica/metallica.jpg,0.178
Deep Purple,UK,Burn,1974,data/Deep Purple/burn.jpg,0.418,0.675,89.9,#692136,Eminem,Music to Be Murdered By,2020,data/Eminem/music_to_be_murdered_by.jpg,0.785,Pet Shop Boys,Fundamental,2006,data/Pet Shop Boys/fundamental.jpg,0.079
Deep Purple,UK,Stormbringer,1974,data/Deep Purple/stormbringer.jpg,0.619,0.27,45.0,#9d8476,Eminem,The Marshall Mathers LP,2000,data/Eminem/the_marshall_mathers_lp.jpg,0.944,Pet Shop Boys,Fundamental,2006,data/Pet Shop Boys/fundamental.jpg,0.191
Deep Purple,UK,Perfect Strangers,1984,data/Deep Purple/perfect_strangers.jpg,0.174,0.294,13.8,#23292a,Joy Division,Unknown Pleasures,1979,data/Joy Division/unknown_pleasures.jpg,0.829,Pet Shop Boys,Fundamental,2006,data/Pet Shop Boys/fundamental.jpg,0.047
Deep Purple,UK,Now What?!,2013,data/Deep Purple/now_what.jpg,0.963,0.045,18.8,#f3f0f5,Deep Purple,=1,2024,data/Deep Purple/1.jpg,0.99,Pet Shop Boys,Fundamental,2006,data/Pet Shop Boys/fundamental.jpg,0.172
Deep Purple,UK,=1,2024,data/Deep Purple/1.jpg,0.998,0.0,0.0,#fefefe,Foo Fighters,But Here We Are,2023,data/Foo Fighters/but_here_we_are.jpg,1.0,Pet Shop Boys,Fundamental,2006,data/Pet Shop Boys/fundamental.jpg,0.174
Def Leppard,UK,On Through the Night,1980,data/Def Leppard/on_through_the_night.jpg,0.464,0.351,38.4,#57636b,The Beatles,The Beatles,1968,data/The Beatles/the_beatles.jpg,0.909,Pet Shop Boys,Fundamental,2006,data/Pet Shop Boys/fundamental.jpg,0.172
Def Leppard,UK,High 'n' Dry,1981,data/Def Leppard/high_n_dry.jpg,0.442,0.256,46.4,#5a5d67,Michael Jackson,Invincible,2001,data/Michael Jackson/invincible.jpg,0.857,Pet Shop Boys,Fundamental,2006,data/Pet Shop Boys/fundamental.jpg,0.145
Def Leppard,UK,Pyromania,1983,data/Def Leppard/pyromania.jpg,0.332,0.351,53.0,#46463e,Kate Bush,50 Words for Snow,2011,data/Kate Bush/50_words_for_snow.jpg,0.883,Pet Shop Boys,Fundamental,2006,data/Pet Shop Boys/fundamental.jpg,0.097
Def Leppard,UK,Hysteria,1987,data/Def Leppard/hysteria.jpg,0.39,0.539,60.6,#4f524e,Massive Attack,100th Window,2003,data/Massive Attack/100th_window.jpg,0.777,Pet Shop Boys,Fundamental,2006,data/Pet Shop Boys/fundamental.jpg,0.103
Def Leppard,UK,Adrenalize,1992,data/Def Leppard/adrenalize.jpg,0.383,0.346,48.9,#424a5a,Elton John,Empty Sky,1969,data/Elton John/empty_sky.jpg,0.81,Pet Shop Boys,Fundamental,2006,data/Pet Shop Boys/fundamental.jpg,0.039
Def Leppard,UK,Slang,1996,data/Def Leppard/slang.jpg,0.265,0.564,28.2,#43261f,Rod Stewart,An Old Raincoat Won't Ever Let You Down,1969,data/Rod Stewart/an_old_raincoat_wont_ever_let_you_down.jpg,0.908,Pet Shop Boys,Fundamental,2006,data/Pet Shop Boys/fundamental.jpg,0.206
Def Leppard,UK,Euphoria,1999,data/Def Leppard/euphoria.jpg,0.357,0.491,52.2,#41384a,Pink Floyd,The Endless River,2014,data/Pink Floyd/the_endless_river.jpg,0.911,Pet Shop Boys,Fundamental,2006,data/Pet Shop Boys/fundamental.jpg,0.124
Def Leppard,UK,X,2002,data/Def Leppard/x.jpg,0.282,0.028,3.7,#474747,David Bowie,The Next Day,2013,data/David Bowie/the_next_day.jpg,0.702,Pet Shop Boys,Fundamental,2006,data/Pet Shop Boys/fundamental.jpg,0.059
Def Leppard,UK,Songs from the Sparkle Lounge,2008,data/Def Leppard/songs_from_the_sparkle_lounge.jpg,0.505,0.52,64.2,#7e5446,Fleetwood Mac,Then Play On,1969,data/Fleetwood Mac/then_play_on.jpg,0.885,Pet Shop Boys,Fundamental,2006,data/Pet Shop Boys/fundamental.jpg,0.089
Def Leppard,UK,Def Leppard,2015,data/Def Leppard/def_leppard.jpg,0.256,0.466,38.4,#323834,Pet Shop Boys,Elysium,2012,data/Pet Shop Boys/elysium.jpg,0.844,Pet Shop Boys,Fundamental,2006,data/Pet Shop Boys/fundamental.jpg,0.136
Def Leppard,UK,Diamond Star Halos,2022,data/Def Leppard/diamond_star_halos.jpg,0.337,0.113,50.3,#554e49,Genesis,Wind & Wuthering,1976,data/Genesis/wind_wuthering.jpg,0.863,Pet Shop Boys,Fundamental,2006,data/Pet Shop Boys/fundamental.jpg,0.116
Depeche Mode,UK,Speak & Spell,1981,data/Depeche Mode/speak_spell.jpg,0.635,0.563,97.3,#a1473f,Pet Shop Boys,Very,1993,data/Pet Shop Boys/very.jpg,0.925,Pet Shop Boys,Fundamental,2006,data/Pet Shop Boys/fundamental.jpg,0.117
Depeche Mode,UK,A Broken Frame,1982,data/Depeche Mode/a_broken_frame.jpg,0.493,0.323,31.1,#647374,The Cure,Seventeen Seconds,1980,data/The Cure/seventeen_seconds.jpg,0.923,Pet Shop Boys,Fundamental,2006,data/Pet Shop Boys/fundamental.jpg,0.133
Depeche Mode,UK,Construction Time Again,1983,data/Depeche Mode/construction_time_again.jpg,0.532,0.72,75.5,#316381,Coldplay,Moon Music,2024,data/Coldplay/moon_music.jpg,0.888,Metallica,Metallica,1991,data/Metallica/metallica.jpg,0.144
Depeche Mode,UK,Some Great Reward,1984,data/Depeche Mode/some_great_reward.jpg,0.464,0.407,45.5,#486574,Massive Attack,100th Window,2003,data/Massive Attack/100th_window.jpg,0.88,Pet Shop Boys,Fundamental,2006,data/Pet Shop Boys/fundamental.jpg,0.141
Depeche Mode,UK,Black Celebration,1986,data/Depeche Mode/black_celebration.jpg,0.194,0.566,53.9,#27201f,Cream,Goodbye,1969,data/Cream/goodbye.jpg,0.702,Steely Dan,Aja,1977,data/Steely Dan/aja.jpg,0.153
Depeche Mode,UK,Music for the Masses,1987,data/Depeche Mode/music_for_the_masses.jpg,0.78,0.372,46.9,#b7aa91,"Earth, Wind & Fire",Head to the Sky,1973,"data/Earth, Wind & Fire/head_to_the_sky.jpg",0.961,Pet Shop Boys,Fundamental,2006,data/Pet Shop Boys/fundamental.jpg,0.188
Depeche Mode,UK,Violator,1990,data/Depeche Mode/violator.jpg,0.082,0.931,32.2,#10080d,Amy Winehouse,Back to Black,2006,data/Amy Winehouse/back_to_black.jpg,0.483,Pet Shop Boys,Fundamental,2006,data/Pet Shop Boys/fundamental.jpg,0.039
Depeche Mode,UK,Songs of Faith and Devotion,1993,data/Depeche Mode/songs_of_faith_and_devotion.jpg,0.218,0.417,43.4,#2d1a2e,Yes,Union,1991,data/Yes/union.jpg,0.706,Pet Shop Boys,Fundamental,2006,data/Pet Shop Boys/fundamental.jpg,0.101
Depeche Mode,UK,Ultra,1997,data/Depeche Mode/ultra.jpg,0.183,0.735,28.8,#2b1f24,Stevie Wonder,Talking Book,1972,data/Stevie Wonder/talking_book.jpg,0.631,Steely Dan,Aja,1977,data/Steely Dan/aja.jpg,0.118
Depeche Mode,UK,Exciter,2001,data/Depeche Mode/exciter.jpg,0.456,0.451,42.2,#4e734f,Pet Shop Boys,Elysium,2012,data/Pet Shop Boys/elysium.jpg,0.847,Pet Shop Boys,Fundamental,2006,data/Pet Shop Boys/fundamental.jpg,0.135
Depeche Mode,UK,Playing the Angel,2005,data/Depeche Mode/playing_the_angel.jpg,0.57,0.056,13.6,#8e8c8e,Foo Fighters,"Echoes, Silence, Patience & Grace",2007,data/Foo Fighters/echoes_silence_patience_grace.jpg,0.936,Steely Dan,Aja,1977,data/Steely Dan/aja.jpg,0.113
Depeche Mode,UK,Sounds of the Universe,2009,data/Depeche Mode/sounds_of_the_universe.jpg,0.793,0.118,46.1,#bbbbc1,The Beatles,The Beatles,1968,data/The Beatles/the_beatles.jpg,0.989,Pet Shop Boys,Fundamental,2006,data/Pet Shop Boys/fundamental.jpg,0.171
Depeche Mode,UK,Delta Machine,2013,data/Depeche Mode/delta_machine.jpg,0.758,0.33,79.2,#c18e8e,Blondie,Autoamerican,1980,data/Blondie/autoamerican.jpg,0.895,Steely Dan,Aja,1977,data/Steely Dan/aja.jpg,0.177
Depeche Mode,UK,Spirit,2017,data/Depeche Mode/spirit.jpg,0.458,0.157,24.5,#736e6f,Taylor Swift,1989,2014,data/Taylor Swift/1989.jpg,0.925,Steely Dan,Aja,1977,data/Steely Dan/aja.jpg,0.19
Depeche Mode,UK,Memento Mori,2023,data/Depeche Mode/memento_mori.jpg,0.14,0.03,15.5,#232222,Arctic Monkeys,AM,2013,data/Arctic Monkeys/am.jpg,0.764,Pet Shop Boys,Fundamental,2006,data/Pet Shop Boys/fundamental.jpg,0.041
Dire Straits,UK,Dire Straits,1978,data/Dire Straits/dire_straits.jpg,0.81,0.135,19.4,#c9c4c1,Tears for Fears,Elemental,1993,data/Tears for Fears/elemental.jpg,0.951,Steely Dan,Aja,1977,data/Steely Dan/aja.jpg,0.197
Dire Straits,UK,Communiqué,1979,data/Dire Straits/communiqu.jpg,0.745,0.768,106.5,#3083ba,King Crimson,Beat,1982,data/King Crimson/beat.jpg,0.918,Pet Shop Boys,Fundamental,2006,data/Pet Shop Boys/fundamental.jpg,0.124
Dire Straits,UK,Making Movies,1980,data/Dire Straits/making_movies.jpg,0.55,0.734,49.5,#852a2c,Pet Shop Boys,Very,1993,data/Pet Shop Boys/very.jpg,0.937,Pet Shop Boys,Fundamental,2006,data/Pet Shop Boys/fundamental.jpg,0.132
Dire Straits,UK,Love over Gold,1982,data/Dire Straits/love_over_gold.jpg,0.343,0.557,45.9,#2e2a57,Oasis,Standing on the Shoulder of Giants,2000,data/Oasis/standing_on_the_shoulder_of_giants.jpg,0.844,Steely Dan,Aja,1977,data/Steely Dan/aja.jpg,0.16
Dire Straits,UK,Brothers in Arms,1985,data/Dire Straits/brothers_in_arms.jpg,0.767,0.265,36.9,#94a4be,Foo Fighters,But Here We Are,2023,data/Foo Fighters/but_here_we_are.jpg,0.967,Pet Shop Boys,Fundamental,2006,data/Pet Shop Boys/fundamental.jpg,0.172
Dire Straits,UK,On Every Street,1991,data/Dire Straits/on_every_street.jpg,0.506,0.676,69.7,#49536b,Massive Attack,100th Window,2003,data/Massive Attack/100th_window.jpg,0.83,Pet Shop Boys,Fundamental,2006,data/Pet Shop Boys/fundamental.jpg,0.081
Dua Lipa,UK,Dua Lipa,2017,data/Dua Lipa/dua_lipa.jpg,0.528,0.343,30.7,#856d76,The Cure,Seventeen Seconds,1980,data/The Cure/seventeen_seconds.jpg,0.9,Metallica,Metallica,1991,data/Metallica/metallica.jpg,0.176
Dua Lipa,UK,Future Nostalgia,2020,data/Dua Lipa/future_nostalgia.jpg,0.345,0.25,28.0,#414d55,Kate Bush,50 Words for Snow,2011,data/Kate Bush/50_words_for_snow.jpg,0.876,Pet Shop Boys,Fundamental,2006,data/Pet Shop Boys/fundamental.jpg,0.07
Dua Lipa,UK,Radical Optimism,2024,data/Dua Lipa/radical_optimism.jpg,0.58,0.397,44.7,#6f8889,The Cure,Seventeen Seconds,1980,data/The Cure/seventeen_seconds.jpg,0.943,Pet Shop Boys,Fundamental,2006,data/Pet Shop Boys/fundamental.jpg,0.184
Duran Duran,UK,Duran Duran,1981,data/Duran Duran/duran_duran.jpg,0.73,0.229,63.1,#ba9d9c,Kendrick Lamar,To Pimp a Butterfly,2015,data/Kendrick Lamar/to_pimp_a_butterfly.jpg,0.928,Metallica,Metallica,1991,data/Metallica/metallica.jpg,0.154
Duran Duran,UK,Rio,1982,data/Duran Duran/rio.jpg,0.542,0.496,69.1,#874f60,Roxy Music,Flesh and Blood,1980,data/Roxy Music/flesh_and_blood.jpg,0.83,Pet Shop Boys,Fundamental,2006,data/Pet Shop Boys/fundamental.jpg,0.109
Duran Duran,UK,Seven and the Ragged Tiger,1983,data/Duran Duran/seven_and_the_ragged_tiger.jpg,0.477,0.535,66.9,#784d3c,Massive Attack,Blue Lines,1991,data/Massive Attack/blue_lines.jpg,0.87,Pet Shop Boys,Fundamental,2006,data/Pet Shop Boys/fundamental.jpg,0.169
Duran Duran,UK,Notorious,1986,data/Duran Duran/notorious.jpg,0.353,0.077,11.5,#595657,Kendrick Lamar,GNX,2024,data/Kendrick Lamar/gnx.jpg,0.854,Metallica,Metallica,1991,data/Metallica/metallica.jpg,0.155
Duran Duran,UK,Big Thing,1988,data/Duran Duran/big_thing.jpg,0.317,0.369,69.3,#504235,Blur,Think Tank,2003,data/Blur/think_tank.jpg,0.644,Steely Dan,Aja,1977,data/Steely Dan/aja.jpg,0.066
Duran Duran,UK,Liberty,1990,data/Duran Duran/liberty.jpg,0.403,0.293,57.8,#64524b,Bob Dylan,Blood on the Tracks,1975,data/Bob Dylan/blood_on_the_tracks.jpg,0.819,Pet Shop Boys,Fundamental,2006,data/Pet Shop Boys/fundamental.jpg,0.077
Duran Duran,UK,The Wedding Album,1993,data/Duran Duran/the_wedding_album.jpg,0.305,0.123,15.0,#4c4647,Bob Dylan,Blood on the Tracks,1975,data/Bob Dylan/blood_on_the_tracks.jpg,0.829,Pet Shop Boys,Fundamental,2006,data/Pet Shop Boys/fundamental.jpg,0.08
Duran Duran,UK,Astronaut,2004,data/Duran Duran/astronaut.jpg,0.444,0.112,28.4,#716a6c,The Beach Boys,Sunflower,1970,data/The Beach Boys/sunflower.jpg,0.806,Beyoncé,Renaissance,2022,data/Beyoncé/renaissance.jpg,0.095
Duran Duran,UK,All You Need Is Now,2010,data/Duran Duran/all_you_need_is_now.jpg,0.579,0.479,106.9,#8e445f,"Earth, Wind & Fire",Raise!,1981,"data/Earth, Wind & Fire/raise.jpg",0.866,Pet Shop Boys,Fundamental,2006,data/Pet Shop Boys/fundamental.jpg,0.097
Duran Duran,UK,Paper Gods,2015,data/Duran Duran/paper_gods.jpg,0.805,0.399,87.6,#95a4bb,Foo Fighters,But Here We Are,2023,data/Foo Fighters/but_here_we_are.jpg,0.944,Pet Shop Boys,Fundamental,2006,data/Pet Shop Boys/fundamental.jpg,0.169
Duran Duran,UK,Future Past,2021,data/Duran Duran/future_past.jpg,0.47,0.749,110.7,#763822,The Cure,"Kiss Me, Kiss Me, Kiss Me",1987,data/The Cure/kiss_me_kiss_me_kiss_me.jpg,0.794,Pink Floyd,The Dark Side of the Moon,1973,data/Pink Floyd/the_dark_side_of_the_moon.jpg,0.126
Duran Duran,UK,Danse Macabre,2023,data/Duran Duran/danse_macabre.jpg,0.203,0.0,0.0,#333333,Eminem,The Marshall Mathers LP,2000,data/Eminem/the_marshall_mathers_lp.jpg,0.832,Steely Dan,Aja,1977,data/Steely Dan/aja.jpg,0.16
Eagles,US,Eagles,1972,data/Eagles/eagles.jpg,0.639,0.383,47.6,#69929d,The Cure,Seventeen Seconds,1980,data/The Cure/seventeen_seconds.jpg,0.941,Pet Shop Boys,Fundamental,2006,data/Pet Shop Boys/fundamental.jpg,0.173
Eagles,US,Desperado,1973,data/Eagles/desperado.jpg,0.247,0.294,25.0,#3e2c2c,Madonna,Bedtime Stories,1994,data/Madonna/bedtime_stories.jpg,0.91,Pet Shop Boys,Fundamental,2006,data/Pet Shop Boys/fundamental.jpg,0.15
Eagles,US,On the Border,1974,data/Eagles/on_the_border.jpg,0.925,0.115,50.7,#e0dfe0,Queen,A Night at the Opera,1975,data/Queen/a_night_at_the_opera.jpg,0.982,Pet Shop Boys,Fundamental,2006,data/Pet Shop Boys/fundamental.jpg,0.19
Eagles,US,One of These Nights,1975,data/Eagles/one_of_these_nights.jpg,0.267,0.202,18.5,#423938,Eagles,The Long Run,1979,data/Eagles/the_long_run.jpg,0.946,Pet Shop Boys,Fundamental,2006,data/Pet Shop Boys/fundamental.jpg,0.129
Eagles,US,Hotel California,1976,data/Eagles/hotel_california.jpg,0.446,0.43,48.2,#695d56,Kanye West,Ye,2018,data/Kanye West/ye.jpg,0.863,The Smashing Pumpkins,Aghori Mhori Mei,2024,data/The Smashing Pumpkins/aghori_mhori_mei.jpg,0.163
Eagles,US,The Long Run,1979,data/Eagles/the_long_run.jpg,0.148,0.11,2.0,#252122,The Beatles,The Beatles,1968,data/The Beatles/the_beatles.jpg,0.981,Pet Shop Boys,Fundamental,2006,data/Pet Shop Boys/fundamental.jpg,0.197
Eagles,US,Long Road Out of Eden,2007,data/Eagles/long_road_out_of_eden.jpg,0.439,0.591,33.3,#6f5338,Steely Dan,Katy Lied,1975,data/Steely Dan/katy_lied.jpg,0.932,Metallica,Metallica,1991,data/Metallica/metallica.jpg,0.151
"Earth, Wind & Fire",US,"Earth, Wind & Fire",1971,"data/Earth, Wind & Fire/earth_wind_fire.jpg",0.684,0.433,62.4,#ae7862,Rod Stewart,An Old Raincoat Won't Ever Let You Down,1969,data/Rod Stewart/an_old_raincoat_wont_ever_let_you_down.jpg,0.968,Pet Shop Boys,Fundamental,2006,data/Pet Shop Boys/fundamental.jpg,0.157
"Earth, Wind & Fire",US,Head to the Sky,1973,"data/Earth, Wind & Fire/head_to_the_sky.jpg",0.823,0.138,28.6,#d1c9bb,Coldplay,A Rush of Blood to the Head,2002,data/Coldplay/a_rush_of_blood_to_the_head.jpg,0.979,Pet Shop Boys,Fundamental,2006,data/Pet Shop Boys/fundamental.jpg,0.187
"Earth, Wind & Fire",US,Open Our Eyes,1974,"data/Earth, Wind & Fire/open_our_eyes.jpg",0.633,0.276,42.7,#928c8a,Pet Shop Boys,Hotspot,2020,data/Pet Shop Boys/hotspot.jpg,0.94,Pet Shop Boys,Fundamental,2006,data/Pet Shop Boys/fundamental.jpg,0.149
"Earth, Wind & Fire",US,That's the Way of the World,1975,"data/Earth, Wind & Fire/that_s_the_way_of_the_world.jpg",0.652,0.054,10.5,#a5a4a4,R.E.M.,Around the Sun,2004,data/R.E.M./around_the_sun.jpg,0.901,Pink Floyd,The Dark Side of the Moon,1973,data/Pink Floyd/the_dark_side_of_the_moon.jpg,0.148
"Earth, Wind & Fire",US,Spirit,1976,"data/Earth, Wind & Fire/spirit.jpg",0.897,0.311,84.3,#e4cd9d,Genesis,Wind & Wuthering,1976,data/Genesis/wind_wuthering.jpg,0.971,Pet Shop Boys,Fundamental,2006,data/Pet Shop Boys/fundamental.jpg,0.13
"Earth, Wind & Fire",US,All 'n All,1977,"data/Earth, Wind & Fire/all_n_all.jpg",0.748,0.523,74.0,#939187,Eminem,The Marshall Mathers LP,2000,data/Eminem/the_marshall_mathers_lp.jpg,0.938,Pet Shop Boys,Fundamental,2006,data/Pet Shop Boys/fundamental.jpg,0.154
"Earth, Wind & Fire",US,I Am,1979,"data/Earth, Wind & Fire/i_am.jpg",0.525,0.478,72.4,#6b6459,Pearl Jam,Vitalogy,1994,data/Pearl Jam/vitalogy.jpg,0.895,Pet Shop Boys,Fundamental,2006,data/Pet Shop Boys/fundamental.jpg,0.124
"Earth, Wind & Fire",US,Faces,1980,"data/Earth, Wind & Fire/faces.jpg",0.533,0.32,49.0,#856e67,"Earth, Wind & Fire",Spirit,1976,"data/Earth, Wind & Fire/spirit.jpg",0.89,Pet Shop Boys,Fundamental,2006,data/Pet Shop Boys/fundamental.jpg,0.12
"Earth, Wind & Fire",US,Raise!,1981,"data/Earth, Wind & Fire/raise.jpg",0.584,0.535,76.1,#8f534a,Rod Stewart,An Old Raincoat Won't Ever Let You Down,1969,data/Rod Stewart/an_old_raincoat_wont_ever_let_you_down.jpg,0.907,Pet Shop Boys,Fundamental,2006,data/Pet Shop Boys/fundamental.jpg,0.122
"Earth, Wind & Fire",US,Powerlight,1983,"data/Earth, Wind & Fire/powerlight.jpg",0.583,0.578,90.0,#90493c,Pet Shop Boys,Very,1993,data/Pet Shop Boys/very.jpg,0.893,Pet Shop Boys,Fundamental,2006,data/Pet Shop Boys/fundamental.jpg,0.119
Ed Sheeran,UK,+,2011,data/Ed Sheeran/.jpg,0.695,0.678,97.8,#3492b1,Ed Sheeran,÷,2017,data/Ed Sheeran/.jpg,1.0,Steely Dan,Aja,1977,data/Steely Dan/aja.jpg,0.093
Ed Sheeran,UK,x,2014,data/Ed Sheeran/x.jpg,0.487,0.638,112.4,#117c34,New Order,Movement,1981,data/New Order/movement.jpg,0.735,Pearl Jam,Binaural,2000,data/Pearl Jam/binaural.jpg,0.082
Ed Sheeran,UK,÷,2017,data/Ed Sheeran/.jpg,0.695,0.678,97.8,#3492b1,Ed Sheeran,+,2011,data/Ed Sheeran/.jpg,1.0,Steely Dan,Aja,1977,data/Steely Dan/aja.jpg,0.093
Ed Sheeran,UK,No.6 Collaborations Project,2019,data/Ed Sheeran/no_6_collaborations_project.jpg,0.553,0.0,0.0,#8d8d8d,Depeche Mode,A Broken Frame,1982,data/Depeche Mode/a_broken_frame.jpg,0.836,Pet Shop Boys,Fundamental,2006,data/Pet Shop Boys/fundamental.jpg,0.026
Ed Sheeran,UK,=,2021,data/Ed Sheeran/.jpg,0.695,0.678,97.8,#3492b1,Ed Sheeran,+,2011,data/Ed Sheeran/.jpg,1.0,Steely Dan,Aja,1977,data/Steely Dan/aja.jpg,0.093
Ed Sheeran,UK,-,2023,data/Ed Sheeran/.jpg,0.695,0.678,97.8,#3492b1,Ed Sheeran,+,2011,data/Ed Sheeran/.jpg,1.0,Steely Dan,Aja,1977,data/Steely Dan/aja.jpg,0.093
Ed Sheeran,UK,Autumn Variations,2023,data/Ed Sheeran/autumn_variations.jpg,0.742,0.001,0.8,#bdbdbd,Foo Fighters,But Here We Are,2023,data/Foo Fighters/but_here_we_are.jpg,0.979,Pet Shop Boys,Fundamental,2006,data/Pet Shop Boys/fundamental.jpg,0.168
Electric Light Orchestra,UK,The Electric Light Orchestra,1971,data/Electric Light Orchestra/the_electric_light_orchestra.jpg,0.156,0.18,24.4,#222121,R.E.M.,Around the Sun,2004,data/R.E.M./around_the_sun.jpg,0.747,Steely Dan,Aja,1977,data/Steely Dan/aja.jpg,0.143
Electric Light Orchestra,UK,ELO 2,1973,data/Electric Light Orchestra/elo_2.jpg,0.521,0.58,82.4,#5c6465,Pet Shop Boys,Elysium,2012,data/Pet Shop Boys/elysium.jpg,0.834,Pet Shop Boys,Fundamental,2006,data/Pet Shop Boys/fundamental.jpg,0.075
Electric Light Orchestra,UK,On the Third Day,1973,data/Electric Light Orchestra/on_the_third_day.jpg,0.539,0.116,10.7,#838387,Bob Dylan,Highway 61 Revisited,1965,data/Bob Dylan/highway_61_revisited.jpg,0.887,Steely Dan,Aja,1977,data/Steely Dan/aja.jpg,0.122
Electric Light Orchestra,UK,Eldorado,1974,data/Electric Light Orchestra/eldorado.jpg,0.558,0.521,70.6,#8c6c52,David Bowie,Aladdin Sane,1973,data/David Bowie/aladdin_sane.jpg,0.876,Steely Dan,Aja,1977,data/Steely Dan/aja.jpg,0.162
Electric Light Orchestra,UK,Face the Music,1975,data/Electric Light Orchestra/face_the_music.jpg,0.253,0.731,37.1,#1f3e38,Pet Shop Boys,Electric,2013,data/Pet Shop Boys/electric.jpg,0.798,The Police,Ghost in the Machine,1981,data/The Police/ghost_in_the_machine.jpg,0.115
Electric Light Orchestra,UK,A New World Record,1976,data/Electric Light Orchestra/a_new_world_record.jpg,0.288,0.229,37.6,#483b36,Pet Shop Boys,Elysium,2012,data/Pet Shop Boys/elysium.jpg,0.889,Pet Shop Boys,Fundamental,2006,data/Pet Shop Boys/fundamental.jpg,0.145
Electric Light Orchestra,UK,Out of the Blue,1977,data/Electric Light Orchestra/out_of_the_blue.jpg,0.453,0.52,89.5,#644c49,Adele,25,2015,data/Adele/25.jpg,0.806,Pet Shop Boys,Fundamental,2006,data/Pet Shop Boys/fundamental.jpg,0.143
Electric Light Orchestra,UK,Discovery,1979,data/Electric Light Orchestra/discovery.jpg,0.215,0.676,55.7,#331c1c,Bob Dylan,Blood on the Tracks,1975,data/Bob Dylan/blood_on_the_tracks.jpg,0.714,Pet Shop Boys,Fundamental,2006,data/Pet Shop Boys/fundamental.jpg,0.086
Electric Light Orchestra,UK,Time,1981,data/Electric Light Orchestra/time.jpg,0.555,0.566,52.5,#596575,Yes,Tales from Topographic Oceans,1973,data/Yes/tales_from_topographic_oceans.jpg,0.911,Pet Shop Boys,Fundamental,2006,data/Pet Shop Boys/fundamental.jpg,0.108
Electric Light Orchestra,UK,Secret Messages,1983,data/Electric Light Orchestra/secret_messages.jpg,0.558,0.321,37.6,#897a67,Soundgarden,King Animal,2012,data/Soundgarden/king_animal.jpg,0.926,Pet Shop Boys,Fundamental,2006,data/Pet Shop Boys/fundamental.jpg,0.137
Electric Light Orchestra,UK,Balance of Power,1986,data/Electric Light Orchestra/balance_of_power.jpg,0.835,0.874,105.5,#cc2538,Talking Heads,Talking Heads: 77,1977,data/Talking Heads/talking_heads_77.jpg,0.952,Pet Shop Boys,Fundamental,2006,data/Pet Shop Boys/fundamental.jpg,0.129
Electric Light Orchestra,UK,From Out of Nowhere,2019,data/Electric Light Orchestra/from_out_of_nowhere.jpg,0.181,0.431,25.8,#242327,Kate Bush,50 Words for Snow,2011,data/Kate Bush/50_words_for_snow.jpg,0.794,Pet Shop Boys,Fundamental,2006,data/Pet Shop Boys/fundamental.jpg,0.07
Elton John,UK,Empty Sky,1969,data/Elton John/empty_sky.jpg,0.7,0.291,38.7,#9792b1,Pet Shop Boys,Elysium,2012,data/Pet Shop Boys/elysium.jpg,0.952,Pet Shop Boys,Fundamental,2006,data/Pet Shop Boys/fundamental.jpg,0.119
Elton John,UK,Elton John,1970,data/Elton John/elton_john.jpg,0.061,0.438,13.6,#0c0c0c,Billy Joel,Piano Man,1973,data/Billy Joel/piano_man.jpg,0.565,Pet Shop Boys,Fundamental,2006,data/Pet Shop Boys/fundamental.jpg,0.054
Elton John,UK,Tumbleweed Connection,1970,data/Elton John/tumbleweed_connection.jpg,0.58,0.628,38.0,#93663a,Rod Stewart,An Old Raincoat Won't Ever Let You Down,1969,data/Rod Stewart/an_old_raincoat_wont_ever_let_you_down.jpg,0.953,Pet Shop Boys,Fundamental,2006,data/Pet Shop Boys/fundamental.jpg,0.16
Elton John,UK,Madman Across the Water,1971,data/Elton John/madman_across_the_water.jpg,0.625,0.355,45.9,#70829e,The Cure,Faith,1981,data/The Cure/faith.jpg,0.934,Pet Shop Boys,Fundamental,2006,data/Pet Shop Boys/fundamental.jpg,0.181
Elton John,UK,Honky Château,1972,data/Elton John/honky_ch_teau.jpg,0.729,0.257,37.9,#b9a888,Genesis,Selling England by the Pound,1973,data/Genesis/selling_england_by_the_pound.jpg,0.957,Pet Shop Boys,Fundamental,2006,data/Pet Shop Boys/fundamental.jpg,0.192
Elton John,UK,Don't Shoot Me I'm Only the Piano Player,1973,data/Elton John/don_t_shoot_me_i_m_only_the_piano_player.jpg,0.252,0.216,28.2,#3a3737,Pink Floyd,The Endless River,2014,data/Pink Floyd/the_endless_river.jpg,0.757,Pet Shop Boys,Fundamental,2006,data/Pet Shop Boys/fundamental.jpg,0.061
Elton John,UK,Goodbye Yellow Brick Road,1973,data/Elton John/goodbye_yellow_brick_road.jpg,0.795,0.297,46.7,#c8b490,Weezer,OK Human,2021,data/Weezer/ok_human.jpg,0.978,Pet Shop Boys,Fundamental,2006,data/Pet Shop Boys/fundamental.jpg,0.177
Elton John,UK,Caribou,1974,data/Elton John/caribou.jpg,0.616,0.532,69.5,#63747e,Fleetwood Mac,Bare Trees,1972,data/Fleetwood Mac/bare_trees.jpg,0.913,Pet Shop Boys,Fundamental,2006,data/Pet Shop Boys/fundamental.jpg,0.179
Elton John,UK,Captain Fantastic and the Brown Dirt Cowboy,1975,data/Elton John/captain_fantastic_and_the_brown_dirt_cowboy.jpg,0.502,0.309,61.0,#736a5b,King Crimson,Larks' Tongues in Aspic,1973,data/King Crimson/larks_tongues_in_aspic.jpg,0.929,Pet Shop Boys,Fundamental,2006,data/Pet Shop Boys/fundamental.jpg,0.147
Elton John,UK,Rock of the Westies,1975,data/Elton John/rock_of_the_westies.jpg,0.575,0.421,52.0,#788766,Queen,A Night at the Opera,1975,data/Queen/a_night_at_the_opera.jpg,0.9,Pet Shop Boys,Fundamental,2006,data/Pet Shop Boys/fundamental.jpg,0.143
Elton John,UK,Blue Moves,1976,data/Elton John/blue_moves.jpg,0.837,0.18,34.3,#b1cbd3,Deep Purple,=1,2024,data/Deep Purple/1.jpg,0.99,Pet Shop Boys,Fundamental,2006,data/Pet Shop Boys/fundamental.jpg,0.175
Elton John,UK,Too Low for Zero,1983,data/Elton John/too_low_for_zero.jpg,0.995,0.003,7.1,#fdfdfd,Foo Fighters,But Here We Are,2023,data/Foo Fighters/but_here_we_are.jpg,1.0,Pet Shop Boys,Fundamental,2006,data/Pet Shop Boys/fundamental.jpg,0.175
Elton John,UK,Songs from the West Coast,2001,data/Elton John/songs_from_the_west_coast.jpg,0.536,0.21,44.4,#867774,Taylor Swift,Evermore,2020,data/Taylor Swift/evermore.jpg,0.919,Steely Dan,Aja,1977,data/Steely Dan/aja.jpg,0.14
Elton John,UK,The Lockdown Sessions,2021,data/Elton John/the_lockdown_sessions.jpg,0.423,0.576,67.1,#494a4e,The Cure,Seventeen Seconds,1980,data/The Cure/seventeen_seconds.jpg,0.829,Steely Dan,Aja,1977,data/Steely Dan/aja.jpg,0.113
Eminem,US,The Slim Shady LP,1999,data/Eminem/the_slim_shady_lp.jpg,0.492,0.263,19.5,#6b687c,The Cure,Seventeen Seconds,1980,data/The Cure/seventeen_seconds.jpg,0.897,Pet Shop Boys,Fundamental,2006,data/Pet Shop Boys/fundamental.jpg,0.127
Eminem,US,The Marshall Mathers LP,2000,data/Eminem/the_marshall_mathers_lp.jpg,0.483,0.041,4.5,#7b7875,Foo Fighters,But Here We Are,2023,data/Foo Fighters/but_here_we_are.jpg,0.988,Pet Shop Boys,Fundamental,2006,data/Pet Shop Boys/fundamental.jpg,0.166
Eminem,US,The Eminem Show,2002,data/Eminem/the_eminem_show.jpg,0.365,0.554,60.6,#5c2c29,Talking Heads,Naked,1988,data/Talking Heads/naked.jpg,0.849,Pet Shop Boys,Fundamental,2006,data/Pet Shop Boys/fundamental.jpg,0.133
Eminem,US,Encore,2004,data/Eminem/encore.jpg,0.288,0.572,41.2,#283447,The Who,Who's Next,1971,data/The Who/who_s_next.jpg,0.762,Pink Floyd,The Dark Side of the Moon,1973,data/Pink Floyd/the_dark_side_of_the_moon.jpg,0.154
Eminem,US,Relapse,2009,data/Eminem/relapse.jpg,0.367,0.555,60.2,#5c372f,Aretha Franklin,A Rose Is Still a Rose,1998,data/Aretha Franklin/a_rose_is_still_a_rose.jpg,0.801,Pet Shop Boys,Fundamental,2006,data/Pet Shop Boys/fundamental.jpg,0.076
Eminem,US,Recovery,2010,data/Eminem/recovery.jpg,0.608,0.138,19.7,#899099,Radiohead,A Moon Shaped Pool,2016,data/Radiohead/a_moon_shaped_pool.jpg,0.951,Metallica,Metallica,1991,data/Metallica/metallica.jpg,0.198
Eminem,US,The Marshall Mathers LP 2,2013,data/Eminem/the_marshall_mathers_lp_2.jpg,0.571,0.107,14.0,#918884,Pet Shop Boys,Elysium,2012,data/Pet Shop Boys/elysium.jpg,0.954,Pet Shop Boys,Fundamental,2006,data/Pet Shop Boys/fundamental.jpg,0.135
Eminem,US,Revival,2017,data/Eminem/revival.jpg,0.363,0.47,33.8,#5b3e41,Rod Stewart,Gasoline Alley,1970,data/Rod Stewart/gasoline_alley.jpg,0.878,Pet Shop Boys,Fundamental,2006,data/Pet Shop Boys/fundamental.jpg,0.082
Eminem,US,Kamikaze,2018,data/Eminem/kamikaze.jpg,0.734,0.149,23.1,#bab3a3,Beastie Boys,Licensed to Ill,1986,data/Beastie Boys/licensed_to_ill.jpg,0.969,Pet Shop Boys,Fundamental,2006,data/Pet Shop Boys/fundamental.jpg,0.203
Eminem,US,Music to Be Murdered By,2020,data/Eminem/music_to_be_murdered_by.jpg,0.49,0.731,90.4,#7a1c2e,Talking Heads,Talking Heads: 77,1977,data/Talking Heads/talking_heads_77.jpg,0.922,Pet Shop Boys,Fundamental,2006,data/Pet Shop Boys/fundamental.jpg,0.121
Eminem,US,The Death of Slim Shady (Coup de Grâce),2024,data/Eminem/the_death_of_slim_shady_coup_de_gr_ce.jpg,0.141,0.66,30.5,#15131e,Coldplay,Ghost Stories,2014,data/Coldplay/ghost_stories.jpg,0.748,Pet Shop Boys,Fundamental,2006,data/Pet Shop Boys/fundamental.jpg,0.108
Fleetwood Mac,UK,Fleetwood Mac,1968,data/Fleetwood Mac/fleetwood_mac.jpg,0.762,0.055,4.4,#c0bec1,Fleetwood Mac,Fleetwood Mac,1975,data/Fleetwood Mac/fleetwood_mac.jpg,1.0,Pet Shop Boys,Fundamental,2006,data/Pet Shop Boys/fundamental.jpg,0.167
Fleetwood Mac,UK,Mr. Wonderful,1968,data/Fleetwood Mac/mr_wonderful.jpg,0.562,0.39,41.4,#787574,David Bowie,Aladdin Sane,1973,data/David Bowie/aladdin_sane.jpg,0.901,Pet Shop Boys,Fundamental,2006,data/Pet Shop Boys/fundamental.jpg,0.192
Fleetwood Mac,UK,Then Play On,1969,data/Fleetwood Mac/then_play_on.jpg,0.732,0.403,68.1,#b6a26c,Fleetwood Mac,Bare Trees,1972,data/Fleetwood Mac/bare_trees.jpg,0.951,Pet Shop Boys,Fundamental,2006,data/Pet Shop Boys/fundamental.jpg,0.16
Fleetwood Mac,UK,Kiln House,1970,data/Fleetwood Mac/kiln_house.jpg,0.791,0.194,38.3,#bcbbb1,Foo Fighters,But Here We Are,2023,data/Foo Fighters/but_here_we_are.jpg,0.971,Pet Shop Boys,Fundamental,2006,data/Pet Shop Boys/fundamental.jpg,0.197
Fleetwood Mac,UK,Future Games,1971,data/Fleetwood Mac/future_games.jpg,0.902,0.373,58.2,#e5cc8c,The Who,The Who by Numbers,1975,data/The Who/the_who_by_numbers.jpg,0.984,Pet Shop Boys,Fundamental,2006,data/Pet Shop Boys/fundamental.jpg,0.162
Fleetwood Mac,UK,Bare Trees,1972,data/Fleetwood Mac/bare_trees.jpg,0.917,0.034,7.2,#e7e9e2,Deep Purple,=1,2024,data/Deep Purple/1.jpg,0.997,Pet Shop Boys,Fundamental,2006,data/Pet Shop Boys/fundamental.jpg,0.186
Fleetwood Mac,UK,Mystery to Me,1973,data/Fleetwood Mac/mystery_to_me.jpg,0.651,0.305,45.8,#948c85,Led Zeppelin,Presence,1976,data/Led Zeppelin/presence.jpg,0.942,Pet Shop Boys,Fundamental,2006,data/Pet Shop Boys/fundamental.jpg,0.192
Fleetwood Mac,UK,Heroes Are Hard to Find,1974,data/Fleetwood Mac/heroes_are_hard_to_find.jpg,0.098,0.083,7.1,#181815,Nas,Life Is Good,2012,data/Nas/life_is_good.jpg,0.658,Pet Shop Boys,Fundamental,2006,data/Pet Shop Boys/fundamental.jpg,0.062
Fleetwood Mac,UK,Fleetwood Mac,1975,data/Fleetwood Mac/fleetwood_mac.jpg,0.762,0.055,4.4,#c0bec1,Fleetwood Mac,Fleetwood Mac,1968,data/Fleetwood Mac/fleetwood_mac.jpg,1.0,Pet Shop Boys,Fundamental,2006,data/Pet Shop Boys/fundamental.jpg,0.167
Fleetwood Mac,UK,Rumours,1977,data/Fleetwood Mac/rumours.jpg,0.816,0.101,11.7,#ceccc0,Pink Floyd,Wish You Were Here,1975,data/Pink Floyd/wish_you_were_here.jpg,0.953,Steely Dan,Aja,1977,data/Steely Dan/aja.jpg,0.141
Fleetwood Mac,UK,Tusk,1979,data/Fleetwood Mac/tusk.jpg,0.814,0.159,20.1,#cfc0ae,George Michael,Patience,2004,data/George Michael/patience.jpg,0.978,Pet Shop Boys,Fundamental,2006,data/Pet Shop Boys/fundamental.jpg,0.177
Fleetwood Mac,UK,Mirage,1982,data/Fleetwood Mac/mirage.jpg,0.152,0.261,33.7,#261c17,Ed Sheeran,No.6 Collaborations Project,2019,data/Ed Sheeran/no_6_collaborations_project.jpg,0.659,Pet Shop Boys,Fundamental,2006,data/Pet Shop Boys/fundamental.jpg,0.051
Fleetwood Mac,UK,Tango in the Night,1987,data/Fleetwood Mac/tango_in_the_night.jpg,0.339,0.335,27.7,#494e47,Elton John,Empty Sky,1969,data/Elton John/empty_sky.jpg,0.844,Pet Shop Boys,Fundamental,2006,data/Pet Shop Boys/fundamental.jpg,0.115
Fleetwood Mac,UK,Behind the Mask,1990,data/Fleetwood Mac/behind_the_mask.jpg,0.8,0.339,41.8,#cbba8b,Genesis,Selling England by the Pound,1973,data/Genesis/selling_england_by_the_pound.jpg,0.967,Steely Dan,Aja,1977,data/Steely Dan/aja.jpg,0.173
Fleetwood Mac,UK,Say You Will,2003,data/Fleetwood Mac/say_you_will.jpg,0.386,0.115,20.6,#615f59,Dire Straits,Dire Straits,1978,data/Dire Straits/dire_straits.jpg,0.847,Steely Dan,Aja,1977,data/Steely Dan/aja.jpg,0.153
Foo Fighters,US,Foo Fighters,1995,data/Foo Fighters/foo_fighters.jpg,0.697,0.244,22.9,#b1a286,King Crimson,Starless and Bible Black,1974,data/King Crimson/starless_and_bible_black.jpg,0.984,Pet Shop Boys,Fundamental,2006,data/Pet Shop Boys/fundamental.jpg,0.176
Foo Fighters,US,The Colour and the Shape,1997,data/Foo Fighters/the_colour_and_the_shape.jpg,0.448,0.612,50.9,#33506c,King Crimson,Beat,1982,data/King Crimson/beat.jpg,0.932,Pet Shop Boys,Fundamental,2006,data/Pet Shop Boys/fundamental.jpg,0.154
Foo Fighters,US,There Is Nothing Left to Lose,1999,data/Foo Fighters/there_is_nothing_left_to_lose.jpg,0.727,0.178,5.5,#b9b6b3,Arctic Monkeys,The Car,2022,data/Arctic Monkeys/the_car.jpg,0.952,Pet Shop Boys,Fundamental,2006,data/Pet Shop Boys/fundamental.jpg,0.109
Foo Fighters,US,One by One,2002,data/Foo Fighters/one_by_one.jpg,0.786,0.05,8.0,#c8c7c7,Pink Floyd,Wish You Were Here,1975,data/Pink Floyd/wish_you_were_here.jpg,0.945,The Smashing Pumpkins,Aghori Mhori Mei,2024,data/The Smashing Pumpkins/aghori_mhori_mei.jpg,0.115
Foo Fighters,US,In Your Honor,2005,data/Foo Fighters/in_your_honor.jpg,0.649,0.14,19.5,#a09f9d,Genesis,Duke,1980,data/Genesis/duke.jpg,0.928,The Smashing Pumpkins,Aghori Mhori Mei,2024,data/The Smashing Pumpkins/aghori_mhori_mei.jpg,0.15
Foo Fighters,US,"Echoes, Silence, Patience & Grace",2007,data/Foo Fighters/echoes_silence_patience_grace.jpg,0.779,0.105,8.5,#c6bfb4,Nirvana,In Utero,1993,data/Nirvana/in_utero.jpg,0.975,Steely Dan,Aja,1977,data/Steely Dan/aja.jpg,0.143
Foo Fighters,US,Wasting Light,2011,data/Foo Fighters/wasting_light.jpg,0.155,0.366,52.1,#20161a,Kate Bush,50 Words for Snow,2011,data/Kate Bush/50_words_for_snow.jpg,0.744,Pet Shop Boys,Fundamental,2006,data/Pet Shop Boys/fundamental.jpg,0.092
Foo Fighters,US,Sonic Highways,2014,data/Foo Fighters/sonic_highways.jpg,0.394,0.322,26.9,#5d4c56,Pet Shop Boys,Hotspot,2020,data/Pet Shop Boys/hotspot.jpg,0.927,Steely Dan,Aja,1977,data/Steely Dan/aja.jpg,0.161
Foo Fighters,US,Concrete and Gold,2017,data/Foo Fighters/concrete_and_gold.jpg,0.314,0.094,16.2,#4e4d4b,Genesis,Wind & Wuthering,1976,data/Genesis/wind_wuthering.jpg,0.961,Pet Shop Boys,Fundamental,2006,data/Pet Shop Boys/fundamental.jpg,0.173
Foo Fighters,US,Medicine at Midnight,2021,data/Foo Fighters/medicine_at_midnight.jpg,0.722,0.67,130.0,#a1477a,The Cure,Three Imaginary Boys,1979,data/The Cure/three_imaginary_boys.jpg,0.841,Pet Shop Boys,Fundamental,2006,data/Pet Shop Boys/fundamental.jpg,0.057
Foo Fighters,US,But Here We Are,2023,data/Foo Fighters/but_here_we_are.jpg,0.994,0.001,1.3,#fdfdfd,Deep Purple,=1,2024,data/Deep Purple/1.jpg,1.0,Pet Shop Boys,Fundamental,2006,data/Pet Shop Boys/fundamental.jpg,0.174
Genesis,UK,Trespass,1970,data/Genesis/trespass.jpg,0.67,0.181,24.4,#9899a8,Pet Shop Boys,Please,1986,data/Pet Shop Boys/please.jpg,0.948,Pet Shop Boys,Fundamental,2006,data/Pet Shop Boys/fundamental.jpg,0.137
Genesis,UK,Nursery Cryme,1971,data/Genesis/nursery_cryme.jpg,0.742,0.627,80.7,#bcb246,Pet Shop Boys,Bilingual,1996,data/Pet Shop Boys/bilingual.jpg,0.959,Pet Shop Boys,Fundamental,2006,data/Pet Shop Boys/fundamental.jpg,0.169
Genesis,UK,Foxtrot,1972,data/Genesis/foxtrot.jpg,0.796,0.228,47.4,#b2bbb7,Fleetwood Mac,Bare Trees,1972,data/Fleetwood Mac/bare_trees.jpg,0.98,Pet Shop Boys,Fundamental,2006,data/Pet Shop Boys/fundamental.jpg,0.161
Genesis,UK,Selling England by the Pound,1973,data/Genesis/selling_england_by_the_pound.jpg,0.823,0.277,44.3,#d0cc96,The Who,The Who by Numbers,1975,data/The Who/the_who_by_numbers.jpg,0.985,Pet Shop Boys,Fundamental,2006,data/Pet Shop Boys/fundamental.jpg,0.187
Genesis,UK,The Lamb Lies Down on Broadway,1974,data/Genesis/the_lamb_lies_down_on_broadway.jpg,0.724,0.164,15.8,#b6b5ad,The Prodigy,Experience,1992,data/The Prodigy/experience.jpg,0.926,Steely Dan,Aja,1977,data/Steely Dan/aja.jpg,0.194
Genesis,UK,A Trick of the Tail,1976,data/Genesis/a_trick_of_the_tail.jpg,0.951,0.583,65.0,#f2d067,Rod Stewart,An Old Raincoat Won't Ever Let You Down,1969,data/Rod Stewart/an_old_raincoat_wont_ever_let_you_down.jpg,0.978,Pet Shop Boys,Fundamental,2006,data/Pet Shop Boys/fundamental.jpg,0.166
Genesis,UK,Wind & Wuthering,1976,data/Genesis/wind_wuthering.jpg,0.839,0.078,12.2,#d4d4c6,Steely Dan,Countdown to Ecstasy,1973,data/Steely Dan/countdown_to_ecstasy.jpg,0.986,Pet Shop Boys,Fundamental,2006,data/Pet Shop Boys/fundamental.jpg,0.117
Genesis,UK,...And Then There Were Three...,1978,data/Genesis/and_then_there_were_three.jpg,0.312,0.549,44.4,#4f3522,Blur,Blur,1997,data/Blur/blur.jpg,0.882,Pet Shop Boys,Fundamental,2006,data/Pet Shop Boys/fundamental.jpg,0.134
Genesis,UK,Duke,1980,data/Genesis/duke.jpg,0.921,0.082,30.9,#e1e3e4,King Crimson,Starless and Bible Black,1974,data/King Crimson/starless_and_bible_black.jpg,0.986,Pet Shop Boys,Fundamental,2006,data/Pet Shop Boys/fundamental.jpg,0.19
Genesis,UK,Abacab,1981,data/Genesis/abacab.jpg,0.777,0.205,55.2,#b9b0b6,Kate Bush,Hounds of Love,1985,data/Kate Bush/hounds_of_love.jpg,0.944,Steely Dan,Aja,1977,data/Steely Dan/aja.jpg,0.156
Genesis,UK,Genesis,1983,data/Genesis/genesis.jpg,0.447,0.745,116.2,#714c0f,Pet Shop Boys,Very,1993,data/Pet Shop Boys/very.jpg,0.761,Pet Shop Boys,Fundamental,2006,data/Pet Shop Boys/fundamental.jpg,0.082
Genesis,UK,Invisible Touch,1986,data/Genesis/invisible_touch.jpg,0.699,0.291,49.5,#a8a495,The Beach Boys,Sunflower,1970,data/The Beach Boys/sunflower.jpg,0.922,The Smashing Pumpkins,Aghori Mhori Mei,2024,data/The Smashing Pumpkins/aghori_mhori_mei.jpg,0.162
Genesis,UK,We Can't Dance,1991,data/Genesis/we_can_t_dance.jpg,0.884,0.242,41.3,#d5d8b4,A Tribe Called Quest,The Love Movement,1998,data/A Tribe Called Quest/the_love_movement.jpg,0.985,Pet Shop Boys,Fundamental,2006,data/Pet Shop Boys/fundamental.jpg,0.184
George Michael,UK,Faith,1987,data/George Michael/faith.jpg,0.338,0.353,39.6,#50423e,Pet Shop Boys,Hotspot,2020,data/Pet Shop Boys/hotspot.jpg,0.804,Steely Dan,Aja,1977,data/Steely Dan/aja.jpg,0.162
George Michael,UK,Listen Without Prejudice Vol. 1,1990,data/George Michael/listen_without_prejudice_vol_1.jpg,0.636,0.06,4.8,#a19f9c,The Beatles,The Beatles,1968,data/The Beatles/the_beatles.jpg,0.973,Pet Shop Boys,Fundamental,2006,data/Pet Shop Boys/fundamental.jpg,0.174
George Michael,UK,Older,1996,data/George Michael/older.jpg,0.26,0.15,6.5,#3c3e42,Adele,25,2015,data/Adele/25.jpg,0.8,Pet Shop Boys,Fundamental,2006,data/Pet Shop Boys/fundamental.jpg,0.034
George Michael,UK,Songs from the Last Century,1999,data/George Michael/songs_from_the_last_century.jpg,0.463,0.541,87.6,#752d2d,Jimi Hendrix,Electric Ladyland,1968,data/Jimi Hendrix/electric_ladyland.jpg,0.859,Pet Shop Boys,Fundamental,2006,data/Pet Shop Boys/fundamental.jpg,0.153
George Michael,UK,Patience,2004,data/George Michael/patience.jpg,0.947,0.024,5.6,#f0f0f0,The Beatles,The Beatles,1968,data/The Beatles/the_beatles.jpg,0.983,Pet Shop Boys,Fundamental,2006,data/Pet Shop Boys/fundamental.jpg,0.181
Gorillaz,UK,Gorillaz,2001,data/Gorillaz/gorillaz.jpg,0.749,0.18,28.3,#b7bcb3,The Beach Boys,Sunflower,1970,data/The Beach Boys/sunflower.jpg,0.932,Steely Dan,Aja,1977,data/Steely Dan/aja.jpg,0.136
Gorillaz,UK,Demon Days,2005,data/Gorillaz/demon_days.jpg,0.528,0.433,27.0,#7b7c7e,Genesis,Wind & Wuthering,1976,data/Genesis/wind_wuthering.jpg,0.836,Pet Shop Boys,Fundamental,2006,data/Pet Shop Boys/fundamental.jpg,0.086
Gorillaz,UK,Plastic Beach,2010,data/Gorillaz/plastic_beach.jpg,0.412,0.634,62.4,#274a68,Blur,The Great Escape,1995,data/Blur/the_great_escape.jpg,0.85,Pet Shop Boys,Fundamental,2006,data/Pet Shop Boys/fundamental.jpg,0.112
Gorillaz,UK,The Fall,2010,data/Gorillaz/the_fall.jpg,0.268,0.63,41.4,#442b27,The Kinks,Muswell Hillbillies,1971,data/The Kinks/muswell_hillbillies.jpg,0.807,Pet Shop Boys,Fundamental,2006,data/Pet Shop Boys/fundamental.jpg,0.079
Gorillaz,UK,Humanz,2017,data/Gorillaz/humanz.jpg,0.263,0.404,34.8,#3e342d,Pet Shop Boys,Elysium,2012,data/Pet Shop Boys/elysium.jpg,0.827,Pet Shop Boys,Fundamental,2006,data/Pet Shop Boys/fundamental.jpg,0.081
Gorillaz,UK,The Now Now,2018,data/Gorillaz/the_now_now.jpg,0.549,0.62,121.4,#3d7b7f,New Order,Movement,1981,data/New Order/movement.jpg,0.811,Steely Dan,Aja,1977,data/Steely Dan/aja.jpg,0.124
Gorillaz,UK,"Song Machine, Season One: Strange Timez",2020,data/Gorillaz/song_machine_season_one_strange_timez.jpg,0.63,0.633,83.9,#578c79,New Order,Movement,1981,data/New Order/movement.jpg,0.911,Pet Shop Boys,Fundamental,2006,data/Pet Shop Boys/fundamental.jpg,0.153
Gorillaz,UK,Cracker Island,2023,data/Gorillaz/cracker_island.jpg,0.384,0.386,45.5,#5c454c,Foo Fighters,Sonic Highways,2014,data/Foo Fighters/sonic_highways.jpg,0.856,Steely Dan,Aja,1977,data/Steely Dan/aja.jpg,0.149
Green Day,US,39/Smooth,1990,data/Green Day/39_smooth.jpg,0.671,0.08,26.1,#a9a9a2,Taylor Swift,1989,2014,data/Taylor Swift/1989.jpg,0.95,Pet Shop Boys,Fundamental,2006,data/Pet Shop Boys/fundamental.jpg,0.172
Green Day,US,Kerplunk,1991,data/Green Day/kerplunk.jpg,0.879,0.098,35.6,#d5dfd5,Steely Dan,Countdown to Ecstasy,1973,data/Steely Dan/countdown_to_ecstasy.jpg,0.971,Pet Shop Boys,Fundamental,2006,data/Pet Shop Boys/fundamental.jpg,0.197
Green Day,US,Dookie,1994,data/Green Day/dookie.jpg,0.777,0.181,47.7,#c0b9ac,Fleetwood Mac,Bare Trees,1972,data/Fleetwood Mac/bare_trees.jpg,0.974,Pet Shop Boys,Fundamental,2006,data/Pet Shop Boys/fundamental.jpg,0.183
Green Day,US,Insomniac,1995,data/Green Day/insomniac.jpg,0.553,0.51,64.9,#8c6449,Massive Attack,Blue Lines,1991,data/Massive Attack/blue_lines.jpg,0.873,Metallica,Metallica,1991,data/Metallica/metallica.jpg,0.124
Green Day,US,Nimrod,1997,data/Green Day/nimrod.jpg,0.436,0.395,55.4,#6b675a,King Crimson,Larks' Tongues in Aspic,1973,data/King Crimson/larks_tongues_in_aspic.jpg,0.847,Pet Shop Boys,Fundamental,2006,data/Pet Shop Boys/fundamental.jpg,0.125
Green Day,US,Warning,2000,data/Green Day/warning.jpg,0.36,0.125,32.6,#555a51,Taylor Swift,Midnights,2022,data/Taylor Swift/midnights.jpg,0.876,Pet Shop Boys,Fundamental,2006,data/Pet Shop Boys/fundamental.jpg,0.153
Green Day,US,American Idiot,2004,data/Green Day/american_idiot.jpg,0.372,0.701,53.5,#56454e,Jay-Z,The Blueprint,2001,data/Jay-Z/the_blueprint.jpg,0.703,Depeche Mode,Violator,1990,data/Depeche Mode/violator.jpg,0.164
Green Day,US,21st Century Breakdown,2009,data/Green Day/21st_century_breakdown.jpg,0.398,0.755,88.5,#643921,Aerosmith,Nine Lives,1997,data/Aerosmith/nine_lives.jpg,0.765,Pet Shop Boys,Fundamental,2006,data/Pet Shop Boys/fundamental.jpg,0.064
Green Day,US,¡Uno!,2012,data/Green Day/uno.jpg,0.546,0.479,98.3,#766b5c,Michael Jackson,Invincible,2001,data/Michael Jackson/invincible.jpg,0.807,Pet Shop Boys,Fundamental,2006,data/Pet Shop Boys/fundamental.jpg,0.12
Green Day,US,¡Dos!,2012,data/Green Day/dos.jpg,0.63,0.656,122.3,#86734c,"Earth, Wind & Fire",All 'n All,1977,"data/Earth, Wind & Fire/all_n_all.jpg",0.834,Pet Shop Boys,Fundamental,2006,data/Pet Shop Boys/fundamental.jpg,0.127
Green Day,US,¡Tré!,2012,data/Green Day/tr.jpg,0.561,0.572,111.9,#5d8070,The Rolling Stones,Emotional Rescue,1980,data/The Rolling Stones/emotional_rescue.jpg,0.828,Pet Shop Boys,Fundamental,2006,data/Pet Shop Boys/fundamental.jpg,0.124
Green Day,US,Revolution Radio,2016,data/Green Day/revolution_radio.jpg,0.152,0.161,35.6,#261f19,Kate Bush,50 Words for Snow,2011,data/Kate Bush/50_words_for_snow.jpg,0.756,Pet Shop Boys,Fundamental,2006,data/Pet Shop Boys/fundamental.jpg,0.021
Green Day,US,Father of All Motherfuckers,2020,data/Green Day/father_of_all_motherfuckers.jpg,0.428,0.309,61.8,#6b5553,Coldplay,Everyday Life,2019,data/Coldplay/everyday_life.jpg,0.787,Pet Shop Boys,Fundamental,2006,data/Pet Shop Boys/fundamental.jpg,0.093
Green Day,US,Saviors,2024,data/Green Day/saviors.jpg,0.484,0.1,61.5,#7b6a73,Pet Shop Boys,Elysium,2012,data/Pet Shop Boys/elysium.jpg,0.857,Pet Shop Boys,Fundamental,2006,data/Pet Shop Boys/fundamental.jpg,0.112
Guns N' Roses,US,Appetite for Destruction,1987,data/Guns N' Roses/appetite_for_destruction.jpg,0.126,0.17,43.3,#1f1513,Aretha Franklin,"Young, Gifted and Black",1972,data/Aretha Franklin/young_gifted_and_black.jpg,0.67,Pet Shop Boys,Fundamental,2006,data/Pet Shop Boys/fundamental.jpg,0.016
Guns N' Roses,US,G N' R Lies,1988,data/Guns N' Roses/g_n_r_lies.jpg,0.711,0.246,62.8,#b19d91,Taylor Swift,1989,2014,data/Taylor Swift/1989.jpg,0.95,Pet Shop Boys,Fundamental,2006,data/Pet Shop Boys/fundamental.jpg,0.178
Guns N' Roses,US,Use Your Illusion I,1991,data/Guns N' Roses/use_your_illusion_i.jpg,0.593,0.73,129.5,#965a24,Kate Bush,The Kick Inside,1978,data/Kate Bush/the_kick_inside.jpg,0.855,Pet Shop Boys,Fundamental,2006,data/Pet Shop Boys/fundamental.jpg,0.186
Guns N' Roses,US,Use Your Illusion II,1991,data/Guns N' Roses/use_your_illusion_ii.jpg,0.536,0.811,110.5,#195388,King Crimson,Beat,1982,data/King Crimson/beat.jpg,0.874,Steely Dan,Aja,1977,data/Steely Dan/aja.jpg,0.172
Guns N' Roses,US,The Spaghetti Incident?,1993,data/Guns N' Roses/the_spaghetti_incident.jpg,0.789,0.627,86.7,#c8744b,Pet Shop Boys,Very,1993,data/Pet Shop Boys/very.jpg,0.965,Pet Shop Boys,Fundamental,2006,data/Pet Shop Boys/fundamental.jpg,0.16
Guns N' Roses,US,Chinese Democracy,2008,data/Guns N' Roses/chinese_democracy.jpg,0.39,0.517,24.6,#635742,Electric Light Orchestra,Secret Messages,1983,data/Electric Light Orchestra/secret_messages.jpg,0.857,Pet Shop Boys,Fundamental,2006,data/Pet Shop Boys/fundamental.jpg,0.108
Iron Maiden,UK,Iron Maiden,1980,data/Iron Maiden/iron_maiden.jpg,0.531,0.339,76.6,#807257,Fleetwood Mac,Bare Trees,1972,data/Fleetwood Mac/bare_trees.jpg,0.927,Pet Shop Boys,Fundamental,2006,data/Pet Shop Boys/fundamental.jpg,0.197
Iron Maiden,UK,Killers,1981,data/Iron Maiden/killers.jpg,0.408,0.384,74.2,#62583b,Iron Maiden,Iron Maiden,1980,data/Iron Maiden/iron_maiden.jpg,0.876,Steely Dan,Aja,1977,data/Steely Dan/aja.jpg,0.203
Iron Maiden,UK,The Number of the Beast,1982,data/Iron Maiden/the_number_of_the_beast.jpg,0.446,0.29,70.1,#6c5c51,Pet Shop Boys,Hotspot,2020,data/Pet Shop Boys/hotspot.jpg,0.901,Steely Dan,Aja,1977,data/Steely Dan/aja.jpg,0.212
Iron Maiden,UK,Piece of Mind,1983,data/Iron Maiden/piece_of_mind.jpg,0.506,0.409,88.9,#737646,Elton John,Goodbye Yellow Brick Road,1973,data/Elton John/goodbye_yellow_brick_road.jpg,0.919,Pet Shop Boys,Fundamental,2006,data/Pet Shop Boys/fundamental.jpg,0.201
Iron Maiden,UK,Powerslave,1984,data/Iron Maiden/powerslave.jpg,0.748,0.56,67.4,#a8886b,Weezer,OK Human,2021,data/Weezer/ok_human.jpg,0.935,Pet Shop Boys,Fundamental,2006,data/Pet Shop Boys/fundamental.jpg,0.13
Iron Maiden,UK,Somewhere in Time,1986,data/Iron Maiden/somewhere_in_time.jpg,0.307,0.289,34.1,#44483f,King Crimson,Starless and Bible Black,1974,data/King Crimson/starless_and_bible_black.jpg,0.897,Pet Shop Boys,Fundamental,2006,data/Pet Shop Boys/fundamental.jpg,0.142
Iron Maiden,UK,Seventh Son of a Seventh Son,1988,data/Iron Maiden/seventh_son_of_a_seventh_son.jpg,0.78,0.393,55.8,#80a0bf,Elton John,Blue Moves,1976,data/Elton John/blue_moves.jpg,0.964,Pet Shop Boys,Fundamental,2006,data/Pet Shop Boys/fundamental.jpg,0.111
Iron Maiden,UK,No Prayer for the Dying,1990,data/Iron Maiden/no_prayer_for_the_dying.jpg,0.405,0.471,49.9,#4d4e55,Eminem,The Marshall Mathers LP,2000,data/Eminem/the_marshall_mathers_lp.jpg,0.861,Metallica,Metallica,1991,data/Metallica/metallica.jpg,0.208
Iron Maiden,UK,Fear of the Dark,1992,data/Iron Maiden/fear_of_the_dark.jpg,0.339,0.689,71.7,#223c50,King Crimson,THRAK,1995,data/King Crimson/thrak.jpg,0.785,Pet Shop Boys,Fundamental,2006,data/Pet Shop Boys/fundamental.jpg,0.08
Iron Maiden,UK,Brave New World,2000,data/Iron Maiden/brave_new_world.jpg,0.619,0.441,46.2,#5f749d,Massive Attack,100th Window,2003,data/Massive Attack/100th_window.jpg,0.932,Pet Shop Boys,Fundamental,2006,data/Pet Shop Boys/fundamental.jpg,0.149
Iron Maiden,UK,Dance of Death,2003,data/Iron Maiden/dance_of_death.jpg,0.445,0.597,64.0,#714235,Rod Stewart,An Old Raincoat Won't Ever Let You Down,1969,data/Rod Stewart/an_old_raincoat_wont_ever_let_you_down.jpg,0.864,Pet Shop Boys,Fundamental,2006,data/Pet Shop Boys/fundamental.jpg,0.082
Iron Maiden,UK,A Matter of Life and Death,2006,data/Iron Maiden/a_matter_of_life_and_death.jpg,0.312,0.165,17.2,#4b4b45,Fleetwood Mac,Bare Trees,1972,data/Fleetwood Mac/bare_trees.jpg,0.939,Pet Shop Boys,Fundamental,2006,data/Pet Shop Boys/fundamental.jpg,0.199
Iron Maiden,UK,The Final Frontier,2010,data/Iron Maiden/the_final_frontier.jpg,0.396,0.603,63.8,#344459,Massive Attack,100th Window,2003,data/Massive Attack/100th_window.jpg,0.863,Pet Shop Boys,Fundamental,2006,data/Pet Shop Boys/fundamental.jpg,0.179
Iron Maiden,UK,The Book of Souls,2015,data/Iron Maiden/the_book_of_souls.jpg,0.121,0.202,18.9,#1e1916,Cream,Goodbye,1969,data/Cream/goodbye.jpg,0.68,Pink Floyd,The Dark Side of the Moon,1973,data/Pink Floyd/the_dark_side_of_the_moon.jpg,0.162
Iron Maiden,UK,Senjutsu,2021,data/Iron Maiden/senjutsu.jpg,0.134,0.502,35.2,#1f1813,Adele,25,2015,data/Adele/25.jpg,0.753,Pink Floyd,The Dark Side of the Moon,1973,data/Pink Floyd/the_dark_side_of_the_moon.jpg,0.189
Janet Jackson,US,Janet Jackson,1982,data/Janet Jackson/janet_jackson.jpg,0.676,0.481,103.9,#678890,Elton John,Blue Moves,1976,data/Elton John/blue_moves.jpg,0.883,Pet Shop Boys,Fundamental,2006,data/Pet Shop Boys/fundamental.jpg,0.193
Janet Jackson,US,Dream Street,1984,data/Janet Jackson/dream_street.jpg,0.382,0.398,47.3,#5b3b40,Madonna,Bedtime Stories,1994,data/Madonna/bedtime_stories.jpg,0.9,Pet Shop Boys,Fundamental,2006,data/Pet Shop Boys/fundamental.jpg,0.138
Janet Jackson,US,Control,1986,data/Janet Jackson/control.jpg,0.676,0.742,115.1,#a5283d,King Crimson,Discipline,1981,data/King Crimson/discipline.jpg,0.931,Pet Shop Boys,Fundamental,2006,data/Pet Shop Boys/fundamental.jpg,0.152
Janet Jackson,US,Janet Jackson's Rhythm Nation 1814,1989,data/Janet Jackson/janet_jackson_s_rhythm_nation_1814.jpg,0.167,0.173,2.7,#26282a,Pink Floyd,The Endless River,2014,data/Pink Floyd/the_endless_river.jpg,0.735,Pet Shop Boys,Fundamental,2006,data/Pet Shop Boys/fundamental.jpg,0.084
Janet Jackson,US,janet.,1993,data/Janet Jackson/janet.jpg,0.554,0.125,26.4,#8c817b,Muse,The Resistance,2009,data/Muse/the_resistance.jpg,0.893,Pet Shop Boys,Fundamental,2006,data/Pet Shop Boys/fundamental.jpg,0.191
Janet Jackson,US,The Velvet Rope,1997,data/Janet Jackson/the_velvet_rope.jpg,0.576,0.464,67.8,#90584b,Rod Stewart,An Old Raincoat Won't Ever Let You Down,1969,data/Rod Stewart/an_old_raincoat_wont_ever_let_you_down.jpg,0.923,Pet Shop Boys,Fundamental,2006,data/Pet Shop Boys/fundamental.jpg,0.14
Janet Jackson,US,All for You,2001,data/Janet Jackson/all_for_you.jpg,0.705,0.339,52.7,#b39184,Tom Petty and the Heartbreakers,Southern Accents,1985,data/Tom Petty and the Heartbreakers/southern_accents.jpg,0.905,Pink Floyd,The Dark Side of the Moon,1973,data/Pink Floyd/the_dark_side_of_the_moon.jpg,0.134
Janet Jackson,US,Damita Jo,2004,data/Janet Jackson/damita_jo.jpg,0.77,0.132,13.8,#c4bfbb,Red Hot Chili Peppers,I'm with You,2011,data/Red Hot Chili Peppers/i_m_with_you.jpg,0.922,Pet Shop Boys,Fundamental,2006,data/Pet Shop Boys/fundamental.jpg,0.141
Janet Jackson,US,Discipline,2008,data/Janet Jackson/discipline.jpg,0.541,0.082,4.3,#858889,Pet Shop Boys,Hotspot,2020,data/Pet Shop Boys/hotspot.jpg,0.906,Steely Dan,Aja,1977,data/Steely Dan/aja.jpg,0.169
Janet Jackson,US,Unbreakable,2015,data/Janet Jackson/unbreakable.jpg,0.242,0.259,20.9,#3d3430,"Earth, Wind & Fire",I Am,1979,"data/Earth, Wind & Fire/i_am.jpg",0.816,Pet Shop Boys,Fundamental,2006,data/Pet Shop Boys/fundamental.jpg,0.128
Jay-Z,US,Reasonable Doubt,1996,data/Jay-Z/reasonable_doubt.jpg,0.368,0.299,5.7,#58585d,Weezer,Pacific Daydream,2017,data/Weezer/pacific_daydream.jpg,0.762,Pet Shop Boys,Fundamental,2006,data/Pet Shop Boys/fundamental.jpg,0.045
Jay-Z,US,"In My Lifetime, Vol. 1",1997,data/Jay-Z/in_my_lifetime_vol_1.jpg,0.527,0.035,2.7,#868484,The Who,Who's Next,1971,data/The Who/who_s_next.jpg,0.886,Metallica,Metallica,1991,data/Metallica/metallica.jpg,0.148
Jay-Z,US,Vol. 2... Hard Knock Life,1998,data/Jay-Z/vol_2_hard_knock_life.jpg,0.505,0.25,19.4,#727e7e,David Bowie,1. Outside,1995,data/David Bowie/1_outside.jpg,0.869,Steely Dan,Aja,1977,data/Steely Dan/aja.jpg,0.123
Jay-Z,US,Vol. 3... Life and Times of S. Carter,1999,data/Jay-Z/vol_3_life_and_times_of_s_carter.jpg,0.294,0.119,2.2,#4a4949,Pet Shop Boys,Hotspot,2020,data/Pet Shop Boys/hotspot.jpg,0.868,Steely Dan,Aja,1977,data/Steely Dan/aja.jpg,0.14
Jay-Z,US,The Blueprint,2001,data/Jay-Z/the_blueprint.jpg,0.536,0.183,22.3,#6f7988,Red Hot Chili Peppers,I'm with You,2011,data/Red Hot Chili Peppers/i_m_with_you.jpg,0.916,Steely Dan,Aja,1977,data/Steely Dan/aja.jpg,0.173
Jay-Z,US,The Blueprint 2: The Gift & The Curse,2002,data/Jay-Z/the_blueprint_2_the_gift_the_curse.jpg,0.509,0.068,11.8,#7f8081,David Bowie,Heathen,2002,data/David Bowie/heathen.jpg,0.886,Steely Dan,Aja,1977,data/Steely Dan/aja.jpg,0.159
Jay-Z,US,The Black Album,2003,data/Jay-Z/the_black_album.jpg,0.074,0.293,2.2,#101112,Eagles,Eagles,1972,data/Eagles/eagles.jpg,0.661,Pet Shop Boys,Fundamental,2006,data/Pet Shop Boys/fundamental.jpg,0.128
Jay-Z,US,Kingdom Come,2006,data/Jay-Z/kingdom_come.jpg,0.261,0.501,57.0,#421a1c,Rod Stewart,Foot Loose & Fancy Free,1977,data/Rod Stewart/foot_loose_fancy_free.jpg,0.8,Steely Dan,Aja,1977,data/Steely Dan/aja.jpg,0.19
Jay-Z,US,American Gangster,2007,data/Jay-Z/american_gangster.jpg,0.559,0.193,20.8,#81898d,Pet Shop Boys,Behaviour,1990,data/Pet Shop Boys/behaviour.jpg,0.876,Steely Dan,Aja,1977,data/Steely Dan/aja.jpg,0.084
Jay-Z,US,The Blueprint 3,2009,data/Jay-Z/the_blueprint_3.jpg,0.728,0.123,41.4,#b7a9ac,Depeche Mode,Sounds of the Universe,2009,data/Depeche Mode/sounds_of_the_universe.jpg,0.963,Pet Shop Boys,Fundamental,2006,data/Pet Shop Boys/fundamental.jpg,0.199
Jay-Z,US,Magna Carta Holy Grail,2013,data/Jay-Z/magna_carta_holy_grail.jpg,0.46,0.0,0.1,#757575,The Prodigy,Experience,1992,data/The Prodigy/experience.jpg,0.915,Pet Shop Boys,Fundamental,2006,data/Pet Shop Boys/fundamental.jpg,0.155
Jay-Z,US,4:44,2017,data/Jay-Z/4_44.jpg,0.868,0.37,43.6,#ddb490,Elton John,Goodbye Yellow Brick Road,1973,data/Elton John/goodbye_yellow_brick_road.jpg,0.958,Pet Shop Boys,Fundamental,2006,data/Pet Shop Boys/fundamental.jpg,0.182
Jimi Hendrix,US,Are You Experienced,1967,data/Jimi Hendrix/are_you_experienced.jpg,0.759,0.698,119.4,#bda245,Pet Shop Boys,Bilingual,1996,data/Pet Shop Boys/bilingual.jpg,0.946,Pet Shop Boys,Fundamental,2006,data/Pet Shop Boys/fundamental.jpg,0.144
Jimi Hendrix,US,Axis: Bold as Love,1967,data/Jimi Hendrix/axis_bold_as_love.jpg,0.729,0.39,56.5,#9182a0,Pet Shop Boys,Elysium,2012,data/Pet Shop Boys/elysium.jpg,0.962,Pet Shop Boys,Fundamental,2006,data/Pet Shop Boys/fundamental.jpg,0.157
Jimi Hendrix,US,Electric Ladyland,1968,data/Jimi Hendrix/electric_ladyland.jpg,0.646,0.527,89.2,#a45b46,Rod Stewart,An Old Raincoat Won't Ever Let You Down,1969,data/Rod Stewart/an_old_raincoat_wont_ever_let_you_down.jpg,0.911,Pet Shop Boys,Fundamental,2006,data/Pet Shop Boys/fundamental.jpg,0.149
Jimi Hendrix,US,Band of Gypsys,1970,data/Jimi Hendrix/band_of_gypsys.jpg,0.25,0.42,64.7,#3d2a22,The Rolling Stones,Black and Blue,1976,data/The Rolling Stones/black_and_blue.jpg,0.751,Steely Dan,Aja,1977,data/Steely Dan/aja.jpg,0.106
Jimi Hendrix,US,First Rays of the New Rising Sun,1997,data/Jimi Hendrix/first_rays_of_the_new_rising_sun.jpg,0.666,0.517,74.8,#a95e83,The Who,The Who Sell Out,1967,data/The Who/the_who_sell_out.jpg,0.923,Pet Shop Boys,Fundamental,2006,data/Pet Shop Boys/fundamental.jpg,0.153
Joy Division,UK,Unknown Pleasures,1979,data/Joy Division/unknown_pleasures.jpg,0.15,0.894,11.5,#0f1e26,Coldplay,Ghost Stories,2014,data/Coldplay/ghost_stories.jpg,0.864,Pet Shop Boys,Fundamental,2006,data/Pet Shop Boys/fundamental.jpg,0.077
Joy Division,UK,Closer,1980,data/Joy Division/closer.jpg,0.778,0.011,1.3,#c6c5c6,Pink Floyd,Wish You Were Here,1975,data/Pink Floyd/wish_you_were_here.jpg,0.953,Beyoncé,Renaissance,2022,data/Beyoncé/renaissance.jpg,0.172
Judas Priest,UK,Sad Wings of Destiny,1976,data/Judas Priest/sad_wings_of_destiny.jpg,0.304,0.415,53.5,#4d3325,Rod Stewart,An Old Raincoat Won't Ever Let You Down,1969,data/Rod Stewart/an_old_raincoat_wont_ever_let_you_down.jpg,0.903,Pet Shop Boys,Fundamental,2006,data/Pet Shop Boys/fundamental.jpg,0.079
Judas Priest,UK,Sin After Sin,1977,data/Judas Priest/sin_after_sin.jpg,0.429,0.25,26.9,#676355,Genesis,Wind & Wuthering,1976,data/Genesis/wind_wuthering.jpg,0.899,Pet Shop Boys,Fundamental,2006,data/Pet Shop Boys/fundamental.jpg,0.072
Judas Priest,UK,Stained Class,1978,data/Judas Priest/stained_class.jpg,0.292,0.545,79.9,#462124,"Earth, Wind & Fire",Raise!,1981,"data/Earth, Wind & Fire/raise.jpg",0.68,Pet Shop Boys,Fundamental,2006,data/Pet Shop Boys/fundamental.jpg,0.082
Judas Priest,UK,Killing Machine,1978,data/Judas Priest/killing_machine.jpg,0.172,0.227,33.3,#292421,Mariah Carey,Mariah Carey,1990,data/Mariah Carey/mariah_carey.jpg,0.656,Pet Shop Boys,Fundamental,2006,data/Pet Shop Boys/fundamental.jpg,0.045
Judas Priest,UK,British Steel,1980,data/Judas Priest/british_steel.jpg,0.246,0.72,32.7,#343830,Kate Bush,50 Words for Snow,2011,data/Kate Bush/50_words_for_snow.jpg,0.733,Pet Shop Boys,Fundamental,2006,data/Pet Shop Boys/fundamental.jpg,0.045
Judas Priest,UK,Point of Entry,1981,data/Judas Priest/point_of_entry.jpg,0.256,0.641,73.6,#362a1b,Depeche Mode,A Broken Frame,1982,data/Depeche Mode/a_broken_frame.jpg,0.745,Pet Shop Boys,Fundamental,2006,data/Pet Shop Boys/fundamental.jpg,0.049
Judas Priest,UK,Screaming for Vengeance,1982,data/Judas Priest/screaming_for_vengeance.jpg,0.675,0.651,134.6,#a67536,Massive Attack,Blue Lines,1991,data/Massive Attack/blue_lines.jpg,0.899,Steely Dan,Aja,1977,data/Steely Dan/aja.jpg,0.156
Judas Priest,UK,Defenders of the Faith,1984,data/Judas Priest/defenders_of_the_faith.jpg,0.304,0.744,61.4,#372b36,Yes,Fragile,1971,data/Yes/fragile.jpg,0.759,Pet Shop Boys,Fundamental,2006,data/Pet Shop Boys/fundamental.jpg,0.04
Judas Priest,UK,Turbo,1986,data/Judas Priest/turbo.jpg,0.348,0.777,85.3,#3d1e3f,Kate Bush,50 Words for Snow,2011,data/Kate Bush/50_words_for_snow.jpg,0.772,Pet Shop Boys,Fundamental,2006,data/Pet Shop Boys/fundamental.jpg,0.09
Judas Priest,UK,Ram It Down,1988,data/Judas Priest/ram_it_down.jpg,0.511,0.615,76.3,#47556f,Massive Attack,100th Window,2003,data/Massive Attack/100th_window.jpg,0.841,Pet Shop Boys,Fundamental,2006,data/Pet Shop Boys/fundamental.jpg,0.152
Judas Priest,UK,Painkiller,1990,data/Judas Priest/painkiller.jpg,0.497,0.453,60.6,#644f5f,Pet Shop Boys,Elysium,2012,data/Pet Shop Boys/elysium.jpg,0.912,Pet Shop Boys,Fundamental,2006,data/Pet Shop Boys/fundamental.jpg,0.149
Judas Priest,UK,Angel of Retribution,2005,data/Judas Priest/angel_of_retribution.jpg,0.085,0.213,13.1,#131212,Bruce Springsteen,Nebraska,1982,data/Bruce Springsteen/nebraska.jpg,0.677,Pet Shop Boys,Fundamental,2006,data/Pet Shop Boys/fundamental.jpg,0.024
Judas Priest,UK,Firepower,2018,data/Judas Priest/firepower.jpg,0.697,0.634,86.0,#b17548,Rod Stewart,An Old Raincoat Won't Ever Let You Down,1969,data/Rod Stewart/an_old_raincoat_wont_ever_let_you_down.jpg,0.912,Pet Shop Boys,Fundamental,2006,data/Pet Shop Boys/fundamental.jpg,0.109
Judas Priest,UK,Invincible Shield,2024,data/Judas Priest/invincible_shield.jpg,0.521,0.739,94.6,#773339,Pet Shop Boys,Very,1993,data/Pet Shop Boys/very.jpg,0.855,Pet Shop Boys,Fundamental,2006,data/Pet Shop Boys/fundamental.jpg,0.128
Kanye West,US,The College Dropout,2004,data/Kanye West/the_college_dropout.jpg,0.761,0.445,86.4,#c19d7e,Bob Dylan,Bringing It All Back Home,1965,data/Bob Dylan/bringing_it_all_back_home.jpg,0.931,Steely Dan,Aja,1977,data/Steely Dan/aja.jpg,0.131
Kanye West,US,Late Registration,2005,data/Kanye West/late_registration.jpg,0.193,0.477,31.7,#2e241e,King Crimson,Larks' Tongues in Aspic,1973,data/King Crimson/larks_tongues_in_aspic.jpg,0.675,Metallica,Metallica,1991,data/Metallica/metallica.jpg,0.124
Kanye West,US,Graduation,2007,data/Kanye West/graduation.jpg,0.641,0.489,72.6,#9a5f80,Taylor Swift,Lover,2019,data/Taylor Swift/lover.jpg,0.931,Pet Shop Boys,Fundamental,2006,data/Pet Shop Boys/fundamental.jpg,0.14
Kanye West,US,808s & Heartbreak,2008,data/Kanye West/808s_heartbreak.jpg,0.853,0.105,50.5,#d0cdcc,Pet Shop Boys,Please,1986,data/Pet Shop Boys/please.jpg,0.99,Pet Shop Boys,Fundamental,2006,data/Pet Shop Boys/fundamental.jpg,0.18
Kanye West,US,My Beautiful Dark Twisted Fantasy,2010,data/Kanye West/my_beautiful_dark_twisted_fantasy.jpg,0.877,0.777,118.0,#dc3147,King Crimson,Discipline,1981,data/King Crimson/discipline.jpg,0.976,Pet Shop Boys,Fundamental,2006,data/Pet Shop Boys/fundamental.jpg,0.141
Kanye West,US,Yeezus,2013,data/Kanye West/yeezus.jpg,0.778,0.205,84.5,#bbabac,David Bowie,1. Outside,1995,data/David Bowie/1_outside.jpg,0.934,Steely Dan,Aja,1977,data/Steely Dan/aja.jpg,0.163
Kanye West,US,The Life of Pablo,2016,data/Kanye West/the_life_of_pablo.jpg,0.82,0.619,84.5,#d07e54,Rod Stewart,An Old Raincoat Won't Ever Let You Down,1969,data/Rod Stewart/an_old_raincoat_wont_ever_let_you_down.jpg,0.973,Pet Shop Boys,Fundamental,2006,data/Pet Shop Boys/fundamental.jpg,0.154
Kanye West,US,Ye,2018,data/Kanye West/ye.jpg,0.431,0.436,28.5,#4e5c6a,Taylor Swift,Evermore,2020,data/Taylor Swift/evermore.jpg,0.919,Metallica,Metallica,1991,data/Metallica/metallica.jpg,0.134
Kanye West,US,Jesus Is King,2019,data/Kanye West/jesus_is_king.jpg,0.796,0.597,99.8,#5f6dca,Pet Shop Boys,Super,2016,data/Pet Shop Boys/super.jpg,0.93,Coldplay,Parachutes,2000,data/Coldplay/parachutes.jpg,0.104
Kanye West,US,Donda,2021,data/Kanye West/donda.jpg,0.02,0.6,0.8,#020305,The Velvet Underground,White Light/White Heat,1968,data/The Velvet Underground/white_light_white_heat.jpg,0.675,Coldplay,Parachutes,2000,data/Coldplay/parachutes.jpg,0.217
Kate Bush,UK,The Kick Inside,1978,data/Kate Bush/the_kick_inside.jpg,0.803,0.639,85.1,#cc8147,Pet Shop Boys,Very,1993,data/Pet Shop Boys/very.jpg,0.958,Pet Shop Boys,Fundamental,2006,data/Pet Shop Boys/fundamental.jpg,0.173
Kate Bush,UK,Lionheart,1978,data/Kate Bush/lionheart.jpg,0.421,0.628,47.6,#6b4f34,Blur,13,1999,data/Blur/13.jpg,0.796,Pet Shop Boys,Fundamental,2006,data/Pet Shop Boys/fundamental.jpg,0.166
Kate Bush,UK,Never for Ever,1980,data/Kate Bush/never_for_ever.jpg,0.431,0.215,29.1,#6d6355,Genesis,Wind & Wuthering,1976,data/Genesis/wind_wuthering.jpg,0.89,Pet Shop Boys,Fundamental,2006,data/Pet Shop Boys/fundamental.jpg,0.116
Kate Bush,UK,The Dreaming,1982,data/Kate Bush/the_dreaming.jpg,0.586,0.412,33.2,#957e6b,R.E.M.,Around the Sun,2004,data/R.E.M./around_the_sun.jpg,0.883,Steely Dan,Aja,1977,data/Steely Dan/aja.jpg,0.216
Kate Bush,UK,Hounds of Love,1985,data/Kate Bush/hounds_of_love.jpg,0.86,0.121,28.9,#d8cbd6,Pet Shop Boys,Behaviour,1990,data/Pet Shop Boys/behaviour.jpg,0.973,The Smashing Pumpkins,Aghori Mhori Mei,2024,data/The Smashing Pumpkins/aghori_mhori_mei.jpg,0.191
Kate Bush,UK,The Sensual World,1989,data/Kate Bush/the_sensual_world.jpg,0.237,0.008,3.6,#3c3c3c,The Smashing Pumpkins,Cyr,2020,data/The Smashing Pumpkins/cyr.jpg,0.822,Pet Shop Boys,Fundamental,2006,data/Pet Shop Boys/fundamental.jpg,0.018
Kate Bush,UK,The Red Shoes,1993,data/Kate Bush/the_red_shoes.jpg,0.317,0.431,48.1,#503f2e,Beastie Boys,Hello Nasty,1998,data/Beastie Boys/hello_nasty.jpg,0.78,Pet Shop Boys,Fundamental,2006,data/Pet Shop Boys/fundamental.jpg,0.03
Kate Bush,UK,Aerial,2005,data/Kate Bush/aerial.jpg,0.849,0.599,64.9,#d8a558,Rod Stewart,An Old Raincoat Won't Ever Let You Down,1969,data/Rod Stewart/an_old_raincoat_wont_ever_let_you_down.jpg,0.976,Pet Shop Boys,Fundamental,2006,data/Pet Shop Boys/fundamental.jpg,0.148
Kate Bush,UK,50 Words for Snow,2011,data/Kate Bush/50_words_for_snow.jpg,0.397,0.049,2.2,#626464,David Bowie,The Next Day,2013,data/David Bowie/the_next_day.jpg,0.945,Pet Shop Boys,Fundamental,2006,data/Pet Shop Boys/fundamental.jpg,0.117
Kendrick Lamar,US,Section.80,2011,data/Kendrick Lamar/section_80.jpg,0.356,0.356,26.4,#565447,The Who,Who's Next,1971,data/The Who/who_s_next.jpg,0.836,Pink Floyd,The Dark Side of the Moon,1973,data/Pink Floyd/the_dark_side_of_the_moon.jpg,0.168
Kendrick Lamar,US,"good kid, m.A.A.d city",2012,data/Kendrick Lamar/good_kid_m_a_a_d_city.jpg,0.566,0.27,45.1,#6d848c,Taylor Swift,1989 (Taylor's Version),2023,data/Taylor Swift/1989_taylors_version.jpg,0.933,Pet Shop Boys,Fundamental,2006,data/Pet Shop Boys/fundamental.jpg,0.154
Kendrick Lamar,US,To Pimp a Butterfly,2015,data/Kendrick Lamar/to_pimp_a_butterfly.jpg,0.581,0.028,2.7,#939192,Pet Shop Boys,Hotspot,2020,data/Pet Shop Boys/hotspot.jpg,0.946,Steely Dan,Aja,1977,data/Steely Dan/aja.jpg,0.2
Kendrick Lamar,US,DAMN.,2017,data/Kendrick Lamar/damn.jpg,0.609,0.311,73.3,#94717d,Taylor Swift,Fearless (Taylor's Version),2021,data/Taylor Swift/fearless_taylors_version.jpg,0.887,Pet Shop Boys,Fundamental,2006,data/Pet Shop Boys/fundamental.jpg,0.098
Kendrick Lamar,US,Mr. Morale & the Big Steppers,2022,data/Kendrick Lamar/mr_morale_the_big_steppers.jpg,0.402,0.402,37.7,#635342,Michael Jackson,Invincible,2001,data/Michael Jackson/invincible.jpg,0.85,Pink Floyd,The Dark Side of the Moon,1973,data/Pink Floyd/the_dark_side_of_the_moon.jpg,0.203
Kendrick Lamar,US,GNX,2024,data/Kendrick Lamar/gnx.jpg,0.595,0.081,3.7,#949597,Dua Lipa,Radical Optimism,2024,data/Dua Lipa/radical_optimism.jpg,0.927,Metallica,Metallica,1991,data/Metallica/metallica.jpg,0.186
King Crimson,UK,In the Court of the Crimson King,1969,data/King Crimson/in_the_court_of_the_crimson_king.jpg,0.687,0.293,57.1,#ab7e7e,Fleetwood Mac,Bare Trees,1972,data/Fleetwood Mac/bare_trees.jpg,0.961,Pet Shop Boys,Fundamental,2006,data/Pet Shop Boys/fundamental.jpg,0.181
King Crimson,UK,In the Wake of Poseidon,1970,data/King Crimson/in_the_wake_of_poseidon.jpg,0.528,0.354,58.9,#7e6458,The Who,The Who by Numbers,1975,data/The Who/the_who_by_numbers.jpg,0.929,Steely Dan,Aja,1977,data/Steely Dan/aja.jpg,0.178
King Crimson,UK,Lizard,1970,data/King Crimson/lizard.jpg,0.684,0.39,72.8,#9c987e,Arctic Monkeys,Suck It and See,2011,data/Arctic Monkeys/suck_it_and_see.jpg,0.955,Pet Shop Boys,Fundamental,2006,data/Pet Shop Boys/fundamental.jpg,0.138
King Crimson,UK,Islands,1971,data/King Crimson/islands.jpg,0.392,0.232,35.3,#614d4f,Pet Shop Boys,Elysium,2012,data/Pet Shop Boys/elysium.jpg,0.907,Pet Shop Boys,Fundamental,2006,data/Pet Shop Boys/fundamental.jpg,0.128
King Crimson,UK,Larks' Tongues in Aspic,1973,data/King Crimson/larks_tongues_in_aspic.jpg,0.904,0.309,84.2,#e3c2b1,Genesis,Wind & Wuthering,1976,data/Genesis/wind_wuthering.jpg,0.954,Pet Shop Boys,Fundamental,2006,data/Pet Shop Boys/fundamental.jpg,0.167
King Crimson,UK,Starless and Bible Black,1974,data/King Crimson/starless_and_bible_black.jpg,0.923,0.091,10.7,#eae5d6,Pet Shop Boys,Please,1986,data/Pet Shop Boys/please.jpg,0.991,Pet Shop Boys,Fundamental,2006,data/Pet Shop Boys/fundamental.jpg,0.178
King Crimson,UK,Red,1974,data/King Crimson/red.jpg,0.082,0.074,9.3,#141412,Steely Dan,Everything Must Go,2003,data/Steely Dan/everything_must_go.jpg,0.518,Metallica,Metallica,1991,data/Metallica/metallica.jpg,0.101
King Crimson,UK,Discipline,1981,data/King Crimson/discipline.jpg,0.643,0.843,79.3,#a31630,Talking Heads,Talking Heads: 77,1977,data/Talking Heads/talking_heads_77.jpg,0.978,Pet Shop Boys,Fundamental,2006,data/Pet Shop Boys/fundamental.jpg,0.134
King Crimson,UK,Beat,1982,data/King Crimson/beat.jpg,0.734,0.79,52.3,#2776ba,Nirvana,Nevermind,1991,data/Nirvana/nevermind.jpg,0.964,Pet Shop Boys,Fundamental,2006,data/Pet Shop Boys/fundamental.jpg,0.154
King Crimson,UK,Three of a Perfect Pair,1984,data/King Crimson/three_of_a_perfect_pair.jpg,0.979,0.86,80.2,#f6d525,Genesis,A Trick of the Tail,1976,data/Genesis/a_trick_of_the_tail.jpg,0.965,Pet Shop Boys,Fundamental,2006,data/Pet Shop Boys/fundamental.jpg,0.15
King Crimson,UK,THRAK,1995,data/King Crimson/thrak.jpg,0.496,0.296,23.0,#60717e,R.E.M.,Document,1987,data/R.E.M./document.jpg,0.926,Pet Shop Boys,Fundamental,2006,data/Pet Shop Boys/fundamental.jpg,0.113
King Crimson,UK,The Power to Believe,2003,data/King Crimson/the_power_to_believe.jpg,0.371,0.281,47.5,#524f4e,Pet Shop Boys,Elysium,2012,data/Pet Shop Boys/elysium.jpg,0.818,Pet Shop Boys,Fundamental,2006,data/Pet Shop Boys/fundamental.jpg,0.048
Led Zeppelin,UK,Led Zeppelin,1969,data/Led Zeppelin/led_zeppelin.jpg,0.657,0.323,23.0,#a6a198,Madonna,Bedtime Stories,1994,data/Madonna/bedtime_stories.jpg,0.871,Beyoncé,Renaissance,2022,data/Beyoncé/renaissance.jpg,0.168
Led Zeppelin,UK,Led Zeppelin II,1969,data/Led Zeppelin/led_zeppelin_ii.jpg,0.732,0.227,34.9,#baa294,Fleetwood Mac,Bare Trees,1972,data/Fleetwood Mac/bare_trees.jpg,0.961,Pet Shop Boys,Fundamental,2006,data/Pet Shop Boys/fundamental.jpg,0.154
Led Zeppelin,UK,Led Zeppelin III,1970,data/Led Zeppelin/led_zeppelin_iii.jpg,0.794,0.168,29.9,#c7c3b5,Foo Fighters,But Here We Are,2023,data/Foo Fighters/but_here_we_are.jpg,0.977,Pet Shop Boys,Fundamental,2006,data/Pet Shop Boys/fundamental.jpg,0.185
Led Zeppelin,UK,Led Zeppelin IV,1971,data/Led Zeppelin/led_zeppelin_iv.jpg,0.624,0.117,15.4,#9d968f,Genesis,Duke,1980,data/Genesis/duke.jpg,0.969,Pet Shop Boys,Fundamental,2006,data/Pet Shop Boys/fundamental.jpg,0.176
Led Zeppelin,UK,Houses of the Holy,1973,data/Led Zeppelin/houses_of_the_holy.jpg,0.668,0.384,75.2,#a7866d,Fleetwood Mac,Bare Trees,1972,data/Fleetwood Mac/bare_trees.jpg,0.902,Steely Dan,Aja,1977,data/Steely Dan/aja.jpg,0.206
Led Zeppelin,UK,Physical Graffiti,1975,data/Led Zeppelin/physical_graffiti.jpg,0.471,0.389,24.0,#776c58,Genesis,Selling England by the Pound,1973,data/Genesis/selling_england_by_the_pound.jpg,0.945,Pet Shop Boys,Fundamental,2006,data/Pet Shop Boys/fundamental.jpg,0.192
Led Zeppelin,UK,Presence,1976,data/Led Zeppelin/presence.jpg,0.806,0.09,24.6,#cbc5c0,Pink Floyd,Wish You Were Here,1975,data/Pink Floyd/wish_you_were_here.jpg,0.976,Steely Dan,Aja,1977,data/Steely Dan/aja.jpg,0.179
Led Zeppelin,UK,In Through the Out Door,1979,data/Led Zeppelin/in_through_the_out_door.jpg,0.405,0.588,26.5,#674332,Bob Dylan,Blood on the Tracks,1975,data/Bob Dylan/blood_on_the_tracks.jpg,0.881,Pet Shop Boys,Fundamental,2006,data/Pet Shop Boys/fundamental.jpg,0.155
Led Zeppelin,UK,Coda,1982,data/Led Zeppelin/coda.jpg,0.193,0.136,10.9,#31302e,R.E.M.,New Adventures in Hi-Fi,1996,data/R.E.M./new_adventures_in_hi_fi.jpg,0.79,Pet Shop Boys,Fundamental,2006,data/Pet Shop Boys/fundamental.jpg,0.15
Madonna,US,Madonna,1983,data/Madonna/madonna.jpg,0.692,0.089,9.2,#b0aaa2,Pet Shop Boys,Elysium,2012,data/Pet Shop Boys/elysium.jpg,0.954,Pet Shop Boys,Fundamental,2006,data/Pet Shop Boys/fundamental.jpg,0.199
Madonna,US,Like a Virgin,1984,data/Madonna/like_a_virgin.jpg,0.519,0.238,17.9,#847369,Madonna,Bedtime Stories,1994,data/Madonna/bedtime_stories.jpg,0.887,Pet Shop Boys,Fundamental,2006,data/Pet Shop Boys/fundamental.jpg,0.208
Madonna,US,True Blue,1986,data/Madonna/true_blue.jpg,0.664,0.145,21.0,#9d96a6,Genesis,Wind & Wuthering,1976,data/Genesis/wind_wuthering.jpg,0.948,Pet Shop Boys,Fundamental,2006,data/Pet Shop Boys/fundamental.jpg,0.119
Madonna,US,Like a Prayer,1989,data/Madonna/like_a_prayer.jpg,0.66,0.303,43.6,#a4847b,Taylor Swift,1989,2014,data/Taylor Swift/1989.jpg,0.947,Pet Shop Boys,Fundamental,2006,data/Pet Shop Boys/fundamental.jpg,0.128
Madonna,US,Erotica,1992,data/Madonna/erotica.jpg,0.93,0.113,38.1,#dce1ec,Fleetwood Mac,Bare Trees,1972,data/Fleetwood Mac/bare_trees.jpg,0.972,Pet Shop Boys,Fundamental,2006,data/Pet Shop Boys/fundamental.jpg,0.162
Madonna,US,Bedtime Stories,1994,data/Madonna/bedtime_stories.jpg,0.796,0.234,32.9,#c6b0a1,Foo Fighters,But Here We Are,2023,data/Foo Fighters/but_here_we_are.jpg,0.984,Pet Shop Boys,Fundamental,2006,data/Pet Shop Boys/fundamental.jpg,0.149
Madonna,US,Ray of Light,1998,data/Madonna/ray_of_light.jpg,0.6,0.465,58.3,#72867e,Genesis,Duke,1980,data/Genesis/duke.jpg,0.902,Steely Dan,Aja,1977,data/Steely Dan/aja.jpg,0.139
Madonna,US,Music,2000,data/Madonna/music.jpg,0.402,0.451,61.0,#44505c,New Order,Movement,1981,data/New Order/movement.jpg,0.777,Pink Floyd,The Dark Side of the Moon,1973,data/Pink Floyd/the_dark_side_of_the_moon.jpg,0.148
Madonna,US,American Life,2003,data/Madonna/american_life.jpg,0.668,0.149,41.8,#a89fa2,David Bowie,1. Outside,1995,data/David Bowie/1_outside.jpg,0.896,Pet Shop Boys,Fundamental,2006,data/Pet Shop Boys/fundamental.jpg,0.146
Madonna,US,Confessions on a Dance Floor,2005,data/Madonna/confessions_on_a_dance_floor.jpg,0.323,0.473,54.8,#503136,David Bowie,The Next Day,2013,data/David Bowie/the_next_day.jpg,0.759,Pet Shop Boys,Fundamental,2006,data/Pet Shop Boys/fundamental.jpg,0.096
Madonna,US,Hard Candy,2008,data/Madonna/hard_candy.jpg,0.709,0.386,67.5,#b18596,Fleetwood Mac,Bare Trees,1972,data/Fleetwood Mac/bare_trees.jpg,0.912,Pet Shop Boys,Fundamental,2006,data/Pet Shop Boys/fundamental.jpg,0.179
Madonna,US,MDNA,2012,data/Madonna/mdna.jpg,0.566,0.511,91.5,#7c5e6e,Eminem,Recovery,2010,data/Eminem/recovery.jpg,0.855,Pet Shop Boys,Fundamental,2006,data/Pet Shop Boys/fundamental.jpg,0.193
Madonna,US,Rebel Heart,2015,data/Madonna/rebel_heart.jpg,0.576,0.001,0.3,#929292,Foo Fighters,But Here We Are,2023,data/Foo Fighters/but_here_we_are.jpg,0.946,Pet Shop Boys,Fundamental,2006,data/Pet Shop Boys/fundamental.jpg,0.144
Madonna,US,Madame X,2019,data/Madonna/madame_x.jpg,0.452,0.166,25.7,#726962,Adele,25,2015,data/Adele/25.jpg,0.817,Pet Shop Boys,Fundamental,2006,data/Pet Shop Boys/fundamental.jpg,0.072
Mariah Carey,US,Mariah Carey,1990,data/Mariah Carey/mariah_carey.jpg,0.36,0.382,45.1,#594340,The Smashing Pumpkins,Cyr,2020,data/The Smashing Pumpkins/cyr.jpg,0.843,Pet Shop Boys,Fundamental,2006,data/Pet Shop Boys/fundamental.jpg,0.059
Mariah Carey,US,Emotions,1991,data/Mariah Carey/emotions.jpg,0.306,0.474,34.6,#4e332c,Taylor Swift,Taylor Swift,2006,data/Taylor Swift/taylor_swift.jpg,0.764,Pet Shop Boys,Fundamental,2006,data/Pet Shop Boys/fundamental.jpg,0.041
Mariah Carey,US,Music Box,1993,data/Mariah Carey/music_box.jpg,0.755,0.099,13.8,#c0b5b0,Fleetwood Mac,Bare Trees,1972,data/Fleetwood Mac/bare_trees.jpg,0.969,Pet Shop Boys,Fundamental,2006,data/Pet Shop Boys/fundamental.jpg,0.107
Mariah Carey,US,Merry Christmas,1994,data/Mariah Carey/merry_christmas.jpg,0.898,0.178,64.9,#e4c9ca,David Bowie,1. Outside,1995,data/David Bowie/1_outside.jpg,0.952,Steely Dan,Aja,1977,data/Steely Dan/aja.jpg,0.183
Mariah Carey,US,Daydream,1995,data/Mariah Carey/daydream.jpg,0.289,0.145,8.6,#494845,Jay-Z,The Blueprint,2001,data/Jay-Z/the_blueprint.jpg,0.731,Pet Shop Boys,Fundamental,2006,data/Pet Shop Boys/fundamental.jpg,0.099
Mariah Carey,US,Butterfly,1997,data/Mariah Carey/butterfly.jpg,0.556,0.588,43.8,#8d6141,Rod Stewart,An Old Raincoat Won't Ever Let You Down,1969,data/Rod Stewart/an_old_raincoat_wont_ever_let_you_down.jpg,0.91,Pet Shop Boys,Fundamental,2006,data/Pet Shop Boys/fundamental.jpg,0.13
Mariah Carey,US,Rainbow,1999,data/Mariah Carey/rainbow.jpg,0.92,0.175,56.5,#e6d2ca,Taylor Swift,1989,2014,data/Taylor Swift/1989.jpg,0.977,Pet Shop Boys,Fundamental,2006,data/Pet Shop Boys/fundamental.jpg,0.188
Mariah Carey,US,Charmbracelet,2002,data/Mariah Carey/charmbracelet.jpg,0.773,0.469,52.7,#c5936f,Elton John,Goodbye Yellow Brick Road,1973,data/Elton John/goodbye_yellow_brick_road.jpg,0.946,Pet Shop Boys,Fundamental,2006,data/Pet Shop Boys/fundamental.jpg,0.199
Mariah Carey,US,The Emancipation of Mimi,2005,data/Mariah Carey/the_emancipation_of_mimi.jpg,0.171,0.625,27.0,#29221b,Radiohead,The Bends,1995,data/Radiohead/the_bends.jpg,0.705,Pet Shop Boys,Fundamental,2006,data/Pet Shop Boys/fundamental.jpg,0.025
Mariah Carey,US,E=MC²,2008,data/Mariah Carey/e_mc.jpg,0.244,0.056,25.1,#3d363b,The Smashing Pumpkins,Cyr,2020,data/The Smashing Pumpkins/cyr.jpg,0.814,Pet Shop Boys,Fundamental,2006,data/Pet Shop Boys/fundamental.jpg,0.038
Mariah Carey,US,Memoirs of an Imperfect Angel,2009,data/Mariah Carey/memoirs_of_an_imperfect_angel.jpg,0.871,0.198,50.4,#ddc6ba,King Crimson,Starless and Bible Black,1974,data/King Crimson/starless_and_bible_black.jpg,0.97,Pet Shop Boys,Fundamental,2006,data/Pet Shop Boys/fundamental.jpg,0.181
Mariah Carey,US,Caution,2018,data/Mariah Carey/caution.jpg,0.507,0.886,87.5,#105680,King Crimson,Beat,1982,data/King Crimson/beat.jpg,0.9,The Police,Ghost in the Machine,1981,data/The Police/ghost_in_the_machine.jpg,0.115
Marvin Gaye,US,The Soulful Moods of Marvin Gaye,1961,data/Marvin Gaye/the_soulful_moods_of_marvin_gaye.jpg,0.592,0.453,74.4,#964e62,Rod Stewart,An Old Raincoat Won't Ever Let You Down,1969,data/Rod Stewart/an_old_raincoat_wont_ever_let_you_down.jpg,0.933,Pet Shop Boys,Fundamental,2006,data/Pet Shop Boys/fundamental.jpg,0.174
Marvin Gaye,US,That Stubborn Kinda Fellow,1963,data/Marvin Gaye/that_stubborn_kinda_fellow.jpg,0.695,0.644,116.9,#b03c43,Pet Shop Boys,Very,1993,data/Pet Shop Boys/very.jpg,0.917,Pet Shop Boys,Fundamental,2006,data/Pet Shop Boys/fundamental.jpg,0.186
Marvin Gaye,US,How Sweet It Is to Be Loved by You,1965,data/Marvin Gaye/how_sweet_it_is_to_be_loved_by_you.jpg,0.745,0.669,96.0,#8da352,Genesis,Selling England by the Pound,1973,data/Genesis/selling_england_by_the_pound.jpg,0.917,Pet Shop Boys,Fundamental,2006,data/Pet Shop Boys/fundamental.jpg,0.137
Marvin Gaye,US,Moods of Marvin Gaye,1966,data/Marvin Gaye/moods_of_marvin_gaye.jpg,0.61,0.226,44.2,#99927b,Rod Stewart,Time,2013,data/Rod Stewart/time.jpg,0.926,Pet Shop Boys,Fundamental,2006,data/Pet Shop Boys/fundamental.jpg,0.185
Marvin Gaye,US,In the Groove,1968,data/Marvin Gaye/in_the_groove.jpg,0.651,0.382,59.2,#829c6b,Deep Purple,=1,2024,data/Deep Purple/1.jpg,0.952,Pet Shop Boys,Fundamental,2006,data/Pet Shop Boys/fundamental.jpg,0.169
Marvin Gaye,US,M.P.G.,1969,data/Marvin Gaye/m_p_g.jpg,0.46,0.14,7.8,#6a756a,Genesis,Wind & Wuthering,1976,data/Genesis/wind_wuthering.jpg,0.913,Pet Shop Boys,Fundamental,2006,data/Pet Shop Boys/fundamental.jpg,0.123
Marvin Gaye,US,That's the Way Love Is,1970,data/Marvin Gaye/that_s_the_way_love_is.jpg,0.615,0.396,41.2,#8e6593,Genesis,Wind & Wuthering,1976,data/Genesis/wind_wuthering.jpg,0.945,Pet Shop Boys,Fundamental,2006,data/Pet Shop Boys/fundamental.jpg,0.131
Marvin Gaye,US,What's Going On,1971,data/Marvin Gaye/what_s_going_on.jpg,0.35,0.298,26.4,#47544c,Soundgarden,King Animal,2012,data/Soundgarden/king_animal.jpg,0.887,Pet Shop Boys,Fundamental,2006,data/Pet Shop Boys/fundamental.jpg,0.13
Marvin Gaye,US,Trouble Man,1972,data/Marvin Gaye/trouble_man.jpg,0.35,0.201,18.0,#55544c,Eminem,Recovery,2010,data/Eminem/recovery.jpg,0.853,Pet Shop Boys,Fundamental,2006,data/Pet Shop Boys/fundamental.jpg,0.168
Marvin Gaye,US,Let's Get It On,1973,data/Marvin Gaye/let_s_get_it_on.jpg,0.333,0.347,62.0,#513b33,Led Zeppelin,Led Zeppelin II,1969,data/Led Zeppelin/led_zeppelin_ii.jpg,0.846,Pet Shop Boys,Fundamental,2006,data/Pet Shop Boys/fundamental.jpg,0.172
Marvin Gaye,US,I Want You,1976,data/Marvin Gaye/i_want_you.jpg,0.37,0.394,47.1,#5b4337,"Earth, Wind & Fire",Spirit,1976,"data/Earth, Wind & Fire/spirit.jpg",0.91,Pet Shop Boys,Fundamental,2006,data/Pet Shop Boys/fundamental.jpg,0.124
Marvin Gaye,US,"Here, My Dear",1978,data/Marvin Gaye/here_my_dear.jpg,0.499,0.253,23.1,#7d7468,King Crimson,Starless and Bible Black,1974,data/King Crimson/starless_and_bible_black.jpg,0.92,Pet Shop Boys,Fundamental,2006,data/Pet Shop Boys/fundamental.jpg,0.163
Marvin Gaye,US,Midnight Love,1982,data/Marvin Gaye/midnight_love.jpg,0.311,0.264,45.0,#4e4235,Eminem,The Marshall Mathers LP,2000,data/Eminem/the_marshall_mathers_lp.jpg,0.858,Pet Shop Boys,Fundamental,2006,data/Pet Shop Boys/fundamental.jpg,0.114
Massive Attack,UK,Blue Lines,1991,data/Massive Attack/blue_lines.jpg,0.731,0.47,65.0,#ba805d,Rod Stewart,An Old Raincoat Won't Ever Let You Down,1969,data/Rod Stewart/an_old_raincoat_wont_ever_let_you_down.jpg,0.964,Steely Dan,Aja,1977,data/Steely Dan/aja.jpg,0.185
Massive Attack,UK,Protection,1994,data/Massive Attack/protection.jpg,0.638,0.159,24.8,#999595,Queen,A Night at the Opera,1975,data/Queen/a_night_at_the_opera.jpg,0.93,Pet Shop Boys,Fundamental,2006,data/Pet Shop Boys/fundamental.jpg,0.175
Massive Attack,UK,Mezzanine,1998,data/Massive Attack/mezzanine.jpg,0.574,0.069,5.2,#90908e,Kate Bush,Hounds of Love,1985,data/Kate Bush/hounds_of_love.jpg,0.863,The Smashing Pumpkins,Aghori Mhori Mei,2024,data/The Smashing Pumpkins/aghori_mhori_mei.jpg,0.167
Massive Attack,UK,100th Window,2003,data/Massive Attack/100th_window.jpg,0.678,0.119,13.5,#9a9eac,Foo Fighters,But Here We Are,2023,data/Foo Fighters/but_here_we_are.jpg,0.981,Pet Shop Boys,Fundamental,2006,data/Pet Shop Boys/fundamental.jpg,0.126
Massive Attack,UK,Heligoland,2010,data/Massive Attack/heligoland.jpg,0.721,0.646,122.1,#b37835,Pet Shop Boys,Very,1993,data/Pet Shop Boys/very.jpg,0.898,Pet Shop Boys,Fundamental,2006,data/Pet Shop Boys/fundamental.jpg,0.169
Metallica,US,Kill 'Em All,1983,data/Metallica/kill_em_all.jpg,0.441,0.368,109.7,#703835,Stevie Wonder,Hotter than July,1980,data/Stevie Wonder/hotter_than_july.jpg,0.805,Pet Shop Boys,Fundamental,2006,data/Pet Shop Boys/fundamental.jpg,0.029
Metallica,US,Ride the Lightning,1984,data/Metallica/ride_the_lightning.jpg,0.519,0.436,55.9,#4d5284,The Who,Who's Next,1971,data/The Who/who_s_next.jpg,0.905,Pet Shop Boys,Fundamental,2006,data/Pet Shop Boys/fundamental.jpg,0.203
Metallica,US,Master of Puppets,1986,data/Metallica/master_of_puppets.jpg,0.503,0.362,50.4,#7f6255,Pet Shop Boys,Elysium,2012,data/Pet Shop Boys/elysium.jpg,0.902,Pet Shop Boys,Fundamental,2006,data/Pet Shop Boys/fundamental.jpg,0.127
Metallica,US,...And Justice for All,1988,data/Metallica/and_justice_for_all.jpg,0.826,0.063,11.2,#d0d0c7,Fleetwood Mac,Bare Trees,1972,data/Fleetwood Mac/bare_trees.jpg,0.991,Pet Shop Boys,Fundamental,2006,data/Pet Shop Boys/fundamental.jpg,0.165
Metallica,US,Metallica,1991,data/Metallica/metallica.jpg,0.01,0.057,3.0,#020202,Kanye West,Donda,2021,data/Kanye West/donda.jpg,0.628,Aerosmith,Rocks,1976,data/Aerosmith/rocks.jpg,0.063
Metallica,US,Load,1996,data/Metallica/load.jpg,0.434,0.331,75.8,#6e413a,Genesis,Wind & Wuthering,1976,data/Genesis/wind_wuthering.jpg,0.82,Steely Dan,Aja,1977,data/Steely Dan/aja.jpg,0.164
Metallica,US,Reload,1997,data/Metallica/reload.jpg,0.536,0.552,115.1,#875025,Pulp,Freaks,1987,data/Pulp/freaks.jpg,0.836,Pet Shop Boys,Fundamental,2006,data/Pet Shop Boys/fundamental.jpg,0.157
Metallica,US,St. Anger,2003,data/Metallica/st_anger.jpg,0.569,0.822,117.3,#913022,Talking Heads,Talking Heads: 77,1977,data/Talking Heads/talking_heads_77.jpg,0.903,Pet Shop Boys,Fundamental,2006,data/Pet Shop Boys/fundamental.jpg,0.162
Metallica,US,Death Magnetic,2008,data/Metallica/death_magnetic.jpg,0.656,0.114,8.3,#a7a2a0,David Bowie,1. Outside,1995,data/David Bowie/1_outside.jpg,0.953,The Smashing Pumpkins,Aghori Mhori Mei,2024,data/The Smashing Pumpkins/aghori_mhori_mei.jpg,0.197
Metallica,US,Hardwired... to Self-Destruct,2016,data/Metallica/hardwired_to_self_destruct.jpg,0.733,0.238,57.0,#b5aaa6,Pet Shop Boys,Behaviour,1990,data/Pet Shop Boys/behaviour.jpg,0.914,Steely Dan,Aja,1977,data/Steely Dan/aja.jpg,0.144
Metallica,US,72 Seasons,2023,data/Metallica/72_seasons.jpg,0.692,0.834,144.3,#b0ab17,King Crimson,Three of a Perfect Pair,1984,data/King Crimson/three_of_a_perfect_pair.jpg,0.903,Metallica,Metallica,1991,data/Metallica/metallica.jpg,0.172
Michael Jackson,US,Got to Be There,1972,data/Michael Jackson/got_to_be_there.jpg,0.328,0.329,45.6,#4a4538,R.E.M.,Lifes Rich Pageant,1986,data/R.E.M./lifes_rich_pageant.jpg,0.834,Pet Shop Boys,Fundamental,2006,data/Pet Shop Boys/fundamental.jpg,0.127
Michael Jackson,US,Ben,1972,data/Michael Jackson/ben.jpg,0.308,0.448,36.0,#4e3c2b,Bob Dylan,Slow Train Coming,1979,data/Bob Dylan/slow_train_coming.jpg,0.892,The Smashing Pumpkins,Aghori Mhori Mei,2024,data/The Smashing Pumpkins/aghori_mhori_mei.jpg,0.178
Michael Jackson,US,Music & Me,1973,data/Michael Jackson/music_me.jpg,0.46,0.719,66.0,#2a7362,Weezer,Weezer (Blue Album),1994,data/Weezer/weezer_blue_album.jpg,0.912,Pet Shop Boys,Fundamental,2006,data/Pet Shop Boys/fundamental.jpg,0.124
Michael Jackson,US,"Forever, Michael",1975,data/Michael Jackson/forever_michael.jpg,0.202,0.395,36.7,#312424,King Crimson,Larks' Tongues in Aspic,1973,data/King Crimson/larks_tongues_in_aspic.jpg,0.761,Pet Shop Boys,Fundamental,2006,data/Pet Shop Boys/fundamental.jpg,0.113
Michael Jackson,US,Off the Wall,1979,data/Michael Jackson/off_the_wall.jpg,0.521,0.286,41.2,#7e6f62,Fleetwood Mac,Bare Trees,1972,data/Fleetwood Mac/bare_trees.jpg,0.897,Pet Shop Boys,Fundamental,2006,data/Pet Shop Boys/fundamental.jpg,0.219
Michael Jackson,US,Thriller,1982,data/Michael Jackson/thriller.jpg,0.485,0.202,24.5,#75746e,Marvin Gaye,That's the Way Love Is,1970,data/Marvin Gaye/that_s_the_way_love_is.jpg,0.849,Steely Dan,Aja,1977,data/Steely Dan/aja.jpg,0.192
Michael Jackson,US,Bad,1987,data/Michael Jackson/bad.jpg,0.57,0.106,30.5,#908a89,Jay-Z,The Blueprint,2001,data/Jay-Z/the_blueprint.jpg,0.88,Steely Dan,Aja,1977,data/Steely Dan/aja.jpg,0.103
Michael Jackson,US,Dangerous,1991,data/Michael Jackson/dangerous.jpg,0.396,0.3,37.3,#60524a,Genesis,Wind & Wuthering,1976,data/Genesis/wind_wuthering.jpg,0.888,Pet Shop Boys,Fundamental,2006,data/Pet Shop Boys/fundamental.jpg,0.051
Michael Jackson,US,"HIStory: Past, Present and Future, Book I",1995,data/Michael Jackson/history_past_present_and_future_book_i.jpg,0.258,0.505,40.2,#3a2a31,Taylor Swift,Fearless (Taylor's Version),2021,data/Taylor Swift/fearless_taylors_version.jpg,0.761,Pet Shop Boys,Fundamental,2006,data/Pet Shop Boys/fundamental.jpg,0.022
Michael Jackson,US,Invincible,2001,data/Michael Jackson/invincible.jpg,0.864,0.017,4.9,#d9dadb,Foo Fighters,But Here We Are,2023,data/Foo Fighters/but_here_we_are.jpg,0.988,Pet Shop Boys,Fundamental,2006,data/Pet Shop Boys/fundamental.jpg,0.169
Muse,UK,Showbiz,1999,data/Muse/showbiz.jpg,0.431,0.686,68.0,#2f536d,Eagles,Eagles,1972,data/Eagles/eagles.jpg,0.809,Pet Shop Boys,Fundamental,2006,data/Pet Shop Boys/fundamental.jpg,0.15
Muse,UK,Origin of Symmetry,2001,data/Muse/origin_of_symmetry.jpg,0.843,0.607,115.6,#d6af54,Genesis,A Trick of the Tail,1976,data/Genesis/a_trick_of_the_tail.jpg,0.953,Pet Shop Boys,Fundamental,2006,data/Pet Shop Boys/fundamental.jpg,0.188
Muse,UK,Absolution,2003,data/Muse/absolution.jpg,0.673,0.108,18.9,#9fa4a9,Fleetwood Mac,Bare Trees,1972,data/Fleetwood Mac/bare_trees.jpg,0.97,Pet Shop Boys,Fundamental,2006,data/Pet Shop Boys/fundamental.jpg,0.162
Muse,UK,Black Holes and Revelations,2006,data/Muse/black_holes_and_revelations.jpg,0.574,0.617,74.5,#744c55,"Earth, Wind & Fire",All 'n All,1977,"data/Earth, Wind & Fire/all_n_all.jpg",0.925,Pet Shop Boys,Fundamental,2006,data/Pet Shop Boys/fundamental.jpg,0.139
Muse,UK,The Resistance,2009,data/Muse/the_resistance.jpg,0.516,0.447,70.2,#6f6265,Janet Jackson,janet.,1993,data/Janet Jackson/janet.jpg,0.893,The Police,Ghost in the Machine,1981,data/The Police/ghost_in_the_machine.jpg,0.202
Muse,UK,The 2nd Law,2012,data/Muse/the_2nd_law.jpg,0.278,0.273,45.2,#33343e,Kate Bush,50 Words for Snow,2011,data/Kate Bush/50_words_for_snow.jpg,0.837,Metallica,Metallica,1991,data/Metallica/metallica.jpg,0.085
Muse,UK,Drones,2015,data/Muse/drones.jpg,0.338,0.127,13.0,#525450,Kate Bush,50 Words for Snow,2011,data/Kate Bush/50_words_for_snow.jpg,0.914,Pet Shop Boys,Fundamental,2006,data/Pet Shop Boys/fundamental.jpg,0.085
Muse,UK,Simulation Theory,2018,data/Muse/simulation_theory.jpg,0.507,0.695,78.6,#5f3e70,Adele,25,2015,data/Adele/25.jpg,0.857,Pet Shop Boys,Fundamental,2006,data/Pet Shop Boys/fundamental.jpg,0.178
Muse,UK,Will of the People,2022,data/Muse/will_of_the_people.jpg,0.52,0.584,87.4,#844532,The Rolling Stones,Beggars Banquet,1968,data/The Rolling Stones/beggars_banquet.jpg,0.881,Metallica,Metallica,1991,data/Metallica/metallica.jpg,0.136
Nas,US,Illmatic,1994,data/Nas/illmatic.jpg,0.443,0.362,36.8,#705548,Elton John,Goodbye Yellow Brick Road,1973,data/Elton John/goodbye_yellow_brick_road.jpg,0.935,Pet Shop Boys,Fundamental,2006,data/Pet Shop Boys/fundamental.jpg,0.216
Nas,US,It Was Written,1996,data/Nas/it_was_written.jpg,0.566,0.394,42.6,#8f6f5b,Mariah Carey,Merry Christmas,1994,data/Mariah Carey/merry_christmas.jpg,0.913,Steely Dan,Aja,1977,data/Steely Dan/aja.jpg,0.166
Nas,US,I Am...,1999,data/Nas/i_am.jpg,0.566,0.543,55.9,#906c50,Nas,It Was Written,1996,data/Nas/it_was_written.jpg,0.881,Metallica,Metallica,1991,data/Metallica/metallica.jpg,0.204
Nas,US,Nastradamus,1999,data/Nas/nastradamus.jpg,0.256,0.469,34.7,#412c25,Nas,It Was Written,1996,data/Nas/it_was_written.jpg,0.739,Metallica,Metallica,1991,data/Metallica/metallica.jpg,0.066
Nas,US,Stillmatic,2001,data/Nas/stillmatic.jpg,0.577,0.403,70.4,#86736a,The Cure,Seventeen Seconds,1980,data/The Cure/seventeen_seconds.jpg,0.907,Steely Dan,Aja,1977,data/Steely Dan/aja.jpg,0.169
Nas,US,God's Son,2002,data/Nas/god_s_son.jpg,0.439,0.73,77.7,#32546b,Iron Maiden,Brave New World,2000,data/Iron Maiden/brave_new_world.jpg,0.793,Metallica,Metallica,1991,data/Metallica/metallica.jpg,0.133
Nas,US,Street's Disciple,2004,data/Nas/street_s_disciple.jpg,0.377,0.46,71.5,#5f3d2d,Mariah Carey,Butterfly,1997,data/Mariah Carey/butterfly.jpg,0.791,Pet Shop Boys,Fundamental,2006,data/Pet Shop Boys/fundamental.jpg,0.063
Nas,US,Hip Hop Is Dead,2006,data/Nas/hip_hop_is_dead.jpg,0.213,0.227,19.7,#33312d,Yes,Tales from Topographic Oceans,1973,data/Yes/tales_from_topographic_oceans.jpg,0.786,The Police,Ghost in the Machine,1981,data/The Police/ghost_in_the_machine.jpg,0.103
Nas,US,Life Is Good,2012,data/Nas/life_is_good.jpg,0.238,0.274,21.1,#38352f,Janet Jackson,Unbreakable,2015,data/Janet Jackson/unbreakable.jpg,0.8,Metallica,Metallica,1991,data/Metallica/metallica.jpg,0.134
Nas,US,King's Disease,2020,data/Nas/king_s_disease.jpg,0.462,0.581,85.1,#704833,Kate Bush,The Kick Inside,1978,data/Kate Bush/the_kick_inside.jpg,0.849,Pet Shop Boys,Fundamental,2006,data/Pet Shop Boys/fundamental.jpg,0.146
Nas,US,King's Disease II,2021,data/Nas/king_s_disease_ii.jpg,0.712,0.85,104.1,#b53919,Talking Heads,Talking Heads: 77,1977,data/Talking Heads/talking_heads_77.jpg,0.925,Pet Shop Boys,Fundamental,2006,data/Pet Shop Boys/fundamental.jpg,0.154
Nas,US,Magic,2021,data/Nas/magic.jpg,0.285,0.439,12.0,#483d3a,Stevie Wonder,Music of My Mind,1972,data/Stevie Wonder/music_of_my_mind.jpg,0.785,Pet Shop Boys,Fundamental,2006,data/Pet Shop Boys/fundamental.jpg,0.033
Nas,US,King's Disease III,2022,data/Nas/king_s_disease_iii.jpg,0.684,0.938,128.4,#ae350c,Talking Heads,Talking Heads: 77,1977,data/Talking Heads/talking_heads_77.jpg,0.869,Pet Shop Boys,Fundamental,2006,data/Pet Shop Boys/fundamental.jpg,0.116
Nas,US,Magic 3,2023,data/Nas/magic_3.jpg,0.17,0.032,2.8,#2b292a,Def Leppard,Hysteria,1987,data/Def Leppard/hysteria.jpg,0.703,Pet Shop Boys,Fundamental,2006,data/Pet Shop Boys/fundamental.jpg,0.076
New Order,UK,Movement,1981,data/New Order/movement.jpg,0.853,0.345,40.3,#94c9d9,Pet Shop Boys,Electric,2013,data/Pet Shop Boys/electric.jpg,0.98,Steely Dan,Aja,1977,data/Steely Dan/aja.jpg,0.179
New Order,UK,"Power, Corruption & Lies",1983,data/New Order/power_corruption_lies.jpg,0.404,0.166,17.0,#645f5a,Genesis,We Can't Dance,1991,data/Genesis/we_can_t_dance.jpg,0.898,Pet Shop Boys,Fundamental,2006,data/Pet Shop Boys/fundamental.jpg,0.145
New Order,UK,Low-Life,1985,data/New Order/low_life.jpg,0.409,0.12,2.3,#646468,Bob Dylan,Bob Dylan,1962,data/Bob Dylan/bob_dylan.jpg,0.811,Steely Dan,Aja,1977,data/Steely Dan/aja.jpg,0.125
New Order,UK,Brotherhood,1986,data/New Order/brotherhood.jpg,0.46,0.338,19.3,#586475,Pet Shop Boys,Elysium,2012,data/Pet Shop Boys/elysium.jpg,0.876,Pet Shop Boys,Fundamental,2006,data/Pet Shop Boys/fundamental.jpg,0.065
New Order,UK,Technique,1989,data/New Order/technique.jpg,0.606,0.758,100.0,#7b3a7a,Taylor Swift,Lover,2019,data/Taylor Swift/lover.jpg,0.869,Pet Shop Boys,Fundamental,2006,data/Pet Shop Boys/fundamental.jpg,0.135
New Order,UK,Republic,1993,data/New Order/republic.jpg,0.598,0.443,91.0,#706b73,R.E.M.,Up,1998,data/R.E.M./up.jpg,0.863,Pet Shop Boys,Fundamental,2006,data/Pet Shop Boys/fundamental.jpg,0.054
New Order,UK,Get Ready,2001,data/New Order/get_ready.jpg,0.741,0.109,47.9,#b9b3aa,Fleetwood Mac,Bare Trees,1972,data/Fleetwood Mac/bare_trees.jpg,0.958,Steely Dan,Aja,1977,data/Steely Dan/aja.jpg,0.166
New Order,UK,Waiting for the Sirens' Call,2005,data/New Order/waiting_for_the_sirens_call.jpg,0.996,0.072,53.1,#fdf4ec,The Beatles,The Beatles,1968,data/The Beatles/the_beatles.jpg,0.991,Pet Shop Boys,Fundamental,2006,data/Pet Shop Boys/fundamental.jpg,0.177
New Order,UK,Music Complete,2015,data/New Order/music_complete.jpg,0.604,0.372,109.4,#808158,Black Sabbath,Technical Ecstasy,1976,data/Black Sabbath/technical_ecstasy.jpg,0.797,Steely Dan,Aja,1977,data/Steely Dan/aja.jpg,0.062
Nirvana,US,Bleach,1989,data/Nirvana/bleach.jpg,0.392,0.013,0.8,#636364,Genesis,Wind & Wuthering,1976,data/Genesis/wind_wuthering.jpg,0.835,Pet Shop Boys,Fundamental,2006,data/Pet Shop Boys/fundamental.jpg,0.023
Nirvana,US,Nevermind,1991,data/Nirvana/nevermind.jpg,0.657,0.875,99.7,#1077a7,King Crimson,Beat,1982,data/King Crimson/beat.jpg,0.964,Steely Dan,Aja,1977,data/Steely Dan/aja.jpg,0.152
Nirvana,US,In Utero,1993,data/Nirvana/in_utero.jpg,0.909,0.26,31.7,#e7dcae,The Who,The Who by Numbers,1975,data/The Who/the_who_by_numbers.jpg,0.988,Pet Shop Boys,Fundamental,2006,data/Pet Shop Boys/fundamental.jpg,0.177
Oasis,UK,Definitely Maybe,1994,data/Oasis/definitely_maybe.jpg,0.641,0.288,43.9,#959382,Soundgarden,King Animal,2012,data/Soundgarden/king_animal.jpg,0.937,Pet Shop Boys,Fundamental,2006,data/Pet Shop Boys/fundamental.jpg,0.127
Oasis,UK,(What's the Story) Morning Glory?,1995,data/Oasis/what_s_the_story_morning_glory.jpg,0.581,0.169,20.5,#8d8c88,Fleetwood Mac,Bare Trees,1972,data/Fleetwood Mac/bare_trees.jpg,0.926,Pet Shop Boys,Fundamental,2006,data/Pet Shop Boys/fundamental.jpg,0.18
Oasis,UK,Be Here Now,1997,data/Oasis/be_here_now.jpg,0.616,0.339,46.6,#90897f,King Crimson,Starless and Bible Black,1974,data/King Crimson/starless_and_bible_black.jpg,0.903,Pet Shop Boys,Fundamental,2006,data/Pet Shop Boys/fundamental.jpg,0.162
Oasis,UK,Standing on the Shoulder of Giants,2000,data/Oasis/standing_on_the_shoulder_of_giants.jpg,0.547,0.404,46.2,#5c6587,Eminem,Recovery,2010,data/Eminem/recovery.jpg,0.919,Metallica,Metallica,1991,data/Metallica/metallica.jpg,0.168
Oasis,UK,Heathen Chemistry,2002,data/Oasis/heathen_chemistry.jpg,0.473,0.145,10.1,#74786d,The Cure,Seventeen Seconds,1980,data/The Cure/seventeen_seconds.jpg,0.91,Pet Shop Boys,Fundamental,2006,data/Pet Shop Boys/fundamental.jpg,0.173
Oasis,UK,Don't Believe the Truth,2005,data/Oasis/don_t_believe_the_truth.jpg,0.202,0.634,7.3,#2d332a,Kate Bush,50 Words for Snow,2011,data/Kate Bush/50_words_for_snow.jpg,0.765,Metallica,Metallica,1991,data/Metallica/metallica.jpg,0.137
Oasis,UK,Dig Out Your Soul,2008,data/Oasis/dig_out_your_soul.jpg,0.623,0.573,77.7,#9a734b,Rod Stewart,An Old Raincoat Won't Ever Let You Down,1969,data/Rod Stewart/an_old_raincoat_wont_ever_let_you_down.jpg,0.891,Pink Floyd,The Dark Side of the Moon,1973,data/Pink Floyd/the_dark_side_of_the_moon.jpg,0.199
Outkast,US,Southernplayalisticadillacmuzik,1994,data/Outkast/southernplayalisticadillacmuzik.jpg,0.396,0.692,69.0,#63272d,Dire Straits,Making Movies,1980,data/Dire Straits/making_movies.jpg,0.845,Steely Dan,Aja,1977,data/Steely Dan/aja.jpg,0.146
Outkast,US,ATLiens,1996,data/Outkast/atliens.jpg,0.418,0.416,50.2,#4e6155,King Crimson,Larks' Tongues in Aspic,1973,data/King Crimson/larks_tongues_in_aspic.jpg,0.848,Pet Shop Boys,Fundamental,2006,data/Pet Shop Boys/fundamental.jpg,0.154
Outkast,US,Aquemini,1998,data/Outkast/aquemini.jpg,0.35,0.373,33.7,#534c45,Elton John,Empty Sky,1969,data/Elton John/empty_sky.jpg,0.831,Steely Dan,Aja,1977,data/Steely Dan/aja.jpg,0.187
Outkast,US,Stankonia,2000,data/Outkast/stankonia.jpg,0.527,0.249,35.7,#827873,Genesis,We Can't Dance,1991,data/Genesis/we_can_t_dance.jpg,0.847,Pet Shop Boys,Fundamental,2006,data/Pet Shop Boys/fundamental.jpg,0.078
Outkast,US,Speakerboxxx/The Love Below,2003,data/Outkast/speakerboxxx_the_love_below.jpg,0.568,0.312,66.3,#8d6f6b,Fleetwood Mac,Bare Trees,1972,data/Fleetwood Mac/bare_trees.jpg,0.869,Pet Shop Boys,Fundamental,2006,data/Pet Shop Boys/fundamental.jpg,0.174
Outkast,US,Idlewild,2006,data/Outkast/idlewild.jpg,0.373,0.457,54.9,#5d4130,Adele,30,2021,data/Adele/30.jpg,0.839,Pet Shop Boys,Fundamental,2006,data/Pet Shop Boys/fundamental.jpg,0.038
Pearl Jam,US,Ten,1991,data/Pearl Jam/ten.jpg,0.531,0.524,70.8,#844859,Led Zeppelin,Led Zeppelin II,1969,data/Led Zeppelin/led_zeppelin_ii.jpg,0.872,Pet Shop Boys,Fundamental,2006,data/Pet Shop Boys/fundamental.jpg,0.11
Pearl Jam,US,Vs.,1993,data/Pearl Jam/vs.jpg,0.602,0.077,8.4,#999295,Pet Shop Boys,Hotspot,2020,data/Pet Shop Boys/hotspot.jpg,0.944,Steely Dan,Aja,1977,data/Steely Dan/aja.jpg,0.166
Pearl Jam,US,Vitalogy,1994,data/Pearl Jam/vitalogy.jpg,0.244,0.101,27.3,#3d3b34,Fleetwood Mac,Bare Trees,1972,data/Fleetwood Mac/bare_trees.jpg,0.967,Pet Shop Boys,Fundamental,2006,data/Pet Shop Boys/fundamental.jpg,0.192
Pearl Jam,US,No Code,1996,data/Pearl Jam/no_code.jpg,0.564,0.262,42.0,#8f7c6f,Pink Floyd,The Wall,1979,data/Pink Floyd/the_wall.jpg,0.918,Pet Shop Boys,Fundamental,2006,data/Pet Shop Boys/fundamental.jpg,0.087
Pearl Jam,US,Yield,1998,data/Pearl Jam/yield.jpg,0.293,0.298,27.5,#3f3e42,Bon Jovi,Lost Highway,2007,data/Bon Jovi/lost_highway.jpg,0.849,Pet Shop Boys,Fundamental,2006,data/Pet Shop Boys/fundamental.jpg,0.035
Pearl Jam,US,Binaural,2000,data/Pearl Jam/binaural.jpg,0.098,0.947,45.4,#140a0a,Billy Joel,Piano Man,1973,data/Billy Joel/piano_man.jpg,0.664,Pet Shop Boys,Fundamental,2006,data/Pet Shop Boys/fundamental.jpg,0.032
Pearl Jam,US,Riot Act,2002,data/Pearl Jam/riot_act.jpg,0.245,0.343,54.6,#3e2b1a,Muse,Will of the People,2022,data/Muse/will_of_the_people.jpg,0.669,Metallica,Metallica,1991,data/Metallica/metallica.jpg,0.064
Pearl Jam,US,Pearl Jam,2006,data/Pearl Jam/pearl_jam.jpg,0.458,0.717,74.2,#22496b,The Smashing Pumpkins,Atum: A Rock Opera in Three Acts,2023,data/The Smashing Pumpkins/atum_a_rock_opera_in_three_acts.jpg,0.896,Pet Shop Boys,Fundamental,2006,data/Pet Shop Boys/fundamental.jpg,0.104
Pearl Jam,US,Backspacer,2009,data/Pearl Jam/backspacer.jpg,0.507,0.382,74.4,#71625e,Foo Fighters,Concrete and Gold,2017,data/Foo Fighters/concrete_and_gold.jpg,0.887,Pet Shop Boys,Fundamental,2006,data/Pet Shop Boys/fundamental.jpg,0.118
Pearl Jam,US,Lightning Bolt,2013,data/Pearl Jam/lightning_bolt.jpg,0.622,0.211,79.0,#9e8181,Arctic Monkeys,The Car,2022,data/Arctic Monkeys/the_car.jpg,0.838,The Smashing Pumpkins,Aghori Mhori Mei,2024,data/The Smashing Pumpkins/aghori_mhori_mei.jpg,0.173
Pearl Jam,US,Gigaton,2020,data/Pearl Jam/gigaton.jpg,0.417,0.401,25.5,#4a5869,The Cure,Seventeen Seconds,1980,data/The Cure/seventeen_seconds.jpg,0.896,Pet Shop Boys,Fundamental,2006,data/Pet Shop Boys/fundamental.jpg,0.122
Pearl Jam,US,Dark Matter,2024,data/Pearl Jam/dark_matter.jpg,0.186,0.251,37.1,#2a2824,Queen,Jazz,1978,data/Queen/jazz.jpg,0.73,Pet Shop Boys,Fundamental,2006,data/Pet Shop Boys/fundamental.jpg,0.034
Pet Shop Boys,UK,Please,1986,data/Pet Shop Boys/please.jpg,0.993,0.016,18.6,#fcfbf9,Deep Purple,=1,2024,data/Deep Purple/1.jpg,0.998,Pet Shop Boys,Fundamental,2006,data/Pet Shop Boys/fundamental.jpg,0.176
Pet Shop Boys,UK,Actually,1987,data/Pet Shop Boys/actually.jpg,0.752,0.112,22.8,#bdbcb1,The Cure,Seventeen Seconds,1980,data/The Cure/seventeen_seconds.jpg,0.955,Steely Dan,Aja,1977,data/Steely Dan/aja.jpg,0.209
Pet Shop Boys,UK,Introspective,1988,data/Pet Shop Boys/introspective.jpg,0.79,0.88,164.0,#ac485f,Rod Stewart,An Old Raincoat Won't Ever Let You Down,1969,data/Rod Stewart/an_old_raincoat_wont_ever_let_you_down.jpg,0.835,Steely Dan,Aja,1977,data/Steely Dan/aja.jpg,0.128
Pet Shop Boys,UK,Behaviour,1990,data/Pet Shop Boys/behaviour.jpg,0.902,0.012,6.3,#e5e5e4,Coldplay,A Rush of Blood to the Head,2002,data/Coldplay/a_rush_of_blood_to_the_head.jpg,0.983,Steely Dan,Aja,1977,data/Steely Dan/aja.jpg,0.171
Pet Shop Boys,UK,Very,1993,data/Pet Shop Boys/very.jpg,0.962,0.704,55.3,#f58548,Rod Stewart,An Old Raincoat Won't Ever Let You Down,1969,data/Rod Stewart/an_old_raincoat_wont_ever_let_you_down.jpg,0.994,Pet Shop Boys,Fundamental,2006,data/Pet Shop Boys/fundamental.jpg,0.155
Pet Shop Boys,UK,Bilingual,1996,data/Pet Shop Boys/bilingual.jpg,0.976,0.553,102.5,#f8f26e,Genesis,A Trick of the Tail,1976,data/Genesis/a_trick_of_the_tail.jpg,0.975,Pet Shop Boys,Fundamental,2006,data/Pet Shop Boys/fundamental.jpg,0.163
Pet Shop Boys,UK,Nightlife,1999,data/Pet Shop Boys/nightlife.jpg,0.268,0.295,47.9,#43342b,Mariah Carey,Charmbracelet,2002,data/Mariah Carey/charmbracelet.jpg,0.823,Pet Shop Boys,Fundamental,2006,data/Pet Shop Boys/fundamental.jpg,0.119
Pet Shop Boys,UK,Release,2002,data/Pet Shop Boys/release.jpg,0.242,0.215,15.0,#303d37,Tears for Fears,Raoul and the Kings of Spain,1995,data/Tears for Fears/raoul_and_the_kings_of_spain.jpg,0.879,The Smashing Pumpkins,Aghori Mhori Mei,2024,data/The Smashing Pumpkins/aghori_mhori_mei.jpg,0.069
Pet Shop Boys,UK,Fundamental,2006,data/Pet Shop Boys/fundamental.jpg,0.016,0.015,1.7,#030304,Nas,Nastradamus,1999,data/Nas/nastradamus.jpg,0.416,Radiohead,The Bends,1995,data/Radiohead/the_bends.jpg,0.007
Pet Shop Boys,UK,Yes,2009,data/Pet Shop Boys/yes.jpg,0.97,0.093,58.7,#f0eeec,The Cure,Faith,1981,data/The Cure/faith.jpg,0.98,Pet Shop Boys,Fundamental,2006,data/Pet Shop Boys/fundamental.jpg,0.16
Pet Shop Boys,UK,Elysium,2012,data/Pet Shop Boys/elysium.jpg,0.85,0.072,24.0,#ced2d6,Michael Jackson,Invincible,2001,data/Michael Jackson/invincible.jpg,0.979,Pet Shop Boys,Fundamental,2006,data/Pet Shop Boys/fundamental.jpg,0.159
Pet Shop Boys,UK,Electric,2013,data/Pet Shop Boys/electric.jpg,0.975,0.202,91.6,#caecf8,Genesis,Duke,1980,data/Genesis/duke.jpg,0.985,Pet Shop Boys,Fundamental,2006,data/Pet Shop Boys/fundamental.jpg,0.188
Pet Shop Boys,UK,Super,2016,data/Pet Shop Boys/super.jpg,0.992,0.54,171.2,#7f75f9,Kanye West,Jesus Is King,2019,data/Kanye West/jesus_is_king.jpg,0.93,Coldplay,Parachutes,2000,data/Coldplay/parachutes.jpg,0.071
Pet Shop Boys,UK,Hotspot,2020,data/Pet Shop Boys/hotspot.jpg,0.526,0.15,15.2,#858073,Fleetwood Mac,Bare Trees,1972,data/Fleetwood Mac/bare_trees.jpg,0.978,Steely Dan,Aja,1977,data/Steely Dan/aja.jpg,0.191
Pet Shop Boys,UK,Nonetheless,2024,data/Pet Shop Boys/nonetheless.jpg,0.655,0.195,9.6,#98a2a6,The Beach Boys,Sunflower,1970,data/The Beach Boys/sunflower.jpg,0.951,The Smashing Pumpkins,Aghori Mhori Mei,2024,data/The Smashing Pumpkins/aghori_mhori_mei.jpg,0.136
Pink Floyd,UK,The Piper at the Gates of Dawn,1967,data/Pink Floyd/the_piper_at_the_gates_of_dawn.jpg,0.412,0.44,60.2,#67473c,Rod Stewart,An Old Raincoat Won't Ever Let You Down,1969,data/Rod Stewart/an_old_raincoat_wont_ever_let_you_down.jpg,0.876,Pet Shop Boys,Fundamental,2006,data/Pet Shop Boys/fundamental.jpg,0.171
Pink Floyd,UK,A Saucerful of Secrets,1968,data/Pink Floyd/a_saucerful_of_secrets.jpg,0.421,0.346,35.0,#66604a,Foo Fighters,Foo Fighters,1995,data/Foo Fighters/foo_fighters.jpg,0.895,Pet Shop Boys,Fundamental,2006,data/Pet Shop Boys/fundamental.jpg,0.183
Pink Floyd,UK,More,1969,data/Pink Floyd/more.jpg,0.723,0.677,73.5,#817071,Steely Dan,Katy Lied,1975,data/Steely Dan/katy_lied.jpg,0.914,Pet Shop Boys,Fundamental,2006,data/Pet Shop Boys/fundamental.jpg,0.195
Pink Floyd,UK,Ummagumma,1969,data/Pink Floyd/ummagumma.jpg,0.511,0.365,34.4,#807155,Genesis,Selling England by the Pound,1973,data/Genesis/selling_england_by_the_pound.jpg,0.908,Pet Shop Boys,Fundamental,2006,data/Pet Shop Boys/fundamental.jpg,0.173
Pink Floyd,UK,Atom Heart Mother,1970,data/Pink Floyd/atom_heart_mother.jpg,0.584,0.386,28.9,#74887c,The Who,Who's Next,1971,data/The Who/who_s_next.jpg,0.934,Steely Dan,Aja,1977,data/Steely Dan/aja.jpg,0.182
Pink Floyd,UK,Meddle,1971,data/Pink Floyd/meddle.jpg,0.503,0.496,73.2,#52626c,Pink Floyd,The Wall,1979,data/Pink Floyd/the_wall.jpg,0.913,Steely Dan,Aja,1977,data/Steely Dan/aja.jpg,0.19
Pink Floyd,UK,Obscured by Clouds,1972,data/Pink Floyd/obscured_by_clouds.jpg,0.392,0.215,23.3,#5b5e54,Red Hot Chili Peppers,I'm with You,2011,data/Red Hot Chili Peppers/i_m_with_you.jpg,0.884,Pet Shop Boys,Fundamental,2006,data/Pet Shop Boys/fundamental.jpg,0.16
Pink Floyd,UK,The Dark Side of the Moon,1973,data/Pink Floyd/the_dark_side_of_the_moon.jpg,0.04,0.063,32.8,#080706,Janet Jackson,Janet Jackson's Rhythm Nation 1814,1989,data/Janet Jackson/janet_jackson_s_rhythm_nation_1814.jpg,0.45,Steely Dan,Aja,1977,data/Steely Dan/aja.jpg,0.056
Pink Floyd,UK,Wish You Were Here,1975,data/Pink Floyd/wish_you_were_here.jpg,0.87,0.055,16.8,#d7d9dc,Queen,Innuendo,1991,data/Queen/innuendo.jpg,0.978,Steely Dan,Aja,1977,data/Steely Dan/aja.jpg,0.176
Pink Floyd,UK,Animals,1977,data/Pink Floyd/animals.jpg,0.35,0.431,43.3,#4d3d40,Led Zeppelin,Led Zeppelin II,1969,data/Led Zeppelin/led_zeppelin_ii.jpg,0.885,Pet Shop Boys,Fundamental,2006,data/Pet Shop Boys/fundamental.jpg,0.13
Pink Floyd,UK,The Wall,1979,data/Pink Floyd/the_wall.jpg,0.984,0.038,34.2,#f8f4f5,Deep Purple,=1,2024,data/Deep Purple/1.jpg,0.998,Pet Shop Boys,Fundamental,2006,data/Pet Shop Boys/fundamental.jpg,0.176
Pink Floyd,UK,The Final Cut,1983,data/Pink Floyd/the_final_cut.jpg,0.335,0.372,82.5,#4f3232,Yes,Tales from Topographic Oceans,1973,data/Yes/tales_from_topographic_oceans.jpg,0.765,Pink Floyd,The Dark Side of the Moon,1973,data/Pink Floyd/the_dark_side_of_the_moon.jpg,0.069
Pink Floyd,UK,A Momentary Lapse of Reason,1987,data/Pink Floyd/a_momentary_lapse_of_reason.jpg,0.449,0.387,30.9,#705a53,Fleetwood Mac,Bare Trees,1972,data/Fleetwood Mac/bare_trees.jpg,0.938,Pet Shop Boys,Fundamental,2006,data/Pet Shop Boys/fundamental.jpg,0.181
Pink Floyd,UK,The Division Bell,1994,data/Pink Floyd/the_division_bell.jpg,0.545,0.323,45.9,#757577,The Cure,Seventeen Seconds,1980,data/The Cure/seventeen_seconds.jpg,0.929,Pet Shop Boys,Fundamental,2006,data/Pet Shop Boys/fundamental.jpg,0.152
Pink Floyd,UK,The Endless River,2014,data/Pink Floyd/the_endless_river.jpg,0.511,0.201,32.2,#717278,Led Zeppelin,Led Zeppelin II,1969,data/Led Zeppelin/led_zeppelin_ii.jpg,0.922,Pet Shop Boys,Fundamental,2006,data/Pet Shop Boys/fundamental.jpg,0.139
Prince,US,For You,1978,data/Prince/for_you.jpg,0.167,0.434,35.8,#2a1812,Taylor Swift,Fearless (Taylor's Version),2021,data/Taylor Swift/fearless_taylors_version.jpg,0.782,Pet Shop Boys,Fundamental,2006,data/Pet Shop Boys/fundamental.jpg,0.138
Prince,US,Prince,1979,data/Prince/prince.jpg,0.6,0.376,50.4,#847775,Kate Bush,Hounds of Love,1985,data/Kate Bush/hounds_of_love.jpg,0.943,The Smashing Pumpkins,Aghori Mhori Mei,2024,data/The Smashing Pumpkins/aghori_mhori_mei.jpg,0.18
Prince,US,Dirty Mind,1980,data/Prince/dirty_mind.jpg,0.382,0.055,4.4,#5c5e61,A Tribe Called Quest,The Love Movement,1998,data/A Tribe Called Quest/the_love_movement.jpg,0.864,Metallica,Metallica,1991,data/Metallica/metallica.jpg,0.203
Prince,US,Controversy,1981,data/Prince/controversy.jpg,0.501,0.226,30.4,#7e696e,David Bowie,Aladdin Sane,1973,data/David Bowie/aladdin_sane.jpg,0.926,Pet Shop Boys,Fundamental,2006,data/Pet Shop Boys/fundamental.jpg,0.182
Prince,US,1999,1982,data/Prince/1999.jpg,0.73,0.533,74.1,#7762a8,Massive Attack,100th Window,2003,data/Massive Attack/100th_window.jpg,0.947,Pet Shop Boys,Fundamental,2006,data/Pet Shop Boys/fundamental.jpg,0.149
Prince,US,Purple Rain,1984,data/Prince/purple_rain.jpg,0.421,0.306,43.9,#64565a,The Beach Boys,Little Deuce Coupe,1963,data/The Beach Boys/little_deuce_coupe.jpg,0.834,Steely Dan,Aja,1977,data/Steely Dan/aja.jpg,0.093
Prince,US,Around the World in a Day,1985,data/Prince/around_the_world_in_a_day.jpg,0.601,0.377,56.9,#7b7d80,The Cure,Faith,1981,data/The Cure/faith.jpg,0.932,Pet Shop Boys,Fundamental,2006,data/Pet Shop Boys/fundamental.jpg,0.149
Prince,US,Parade,1986,data/Prince/parade.jpg,0.777,0.066,6.1,#c5c5bd,New Order,Get Ready,2001,data/New Order/get_ready.jpg,0.949,Steely Dan,Aja,1977,data/Steely Dan/aja.jpg,0.116
Prince,US,Sign o' the Times,1987,data/Prince/sign_o_the_times.jpg,0.469,0.481,76.8,#745935,"Earth, Wind & Fire","Earth, Wind & Fire",1971,"data/Earth, Wind & Fire/earth_wind_fire.jpg",0.851,Pet Shop Boys,Fundamental,2006,data/Pet Shop Boys/fundamental.jpg,0.111
Prince,US,Lovesexy,1988,data/Prince/lovesexy.jpg,0.803,0.205,33.2,#cab9ac,Red Hot Chili Peppers,I'm with You,2011,data/Red Hot Chili Peppers/i_m_with_you.jpg,0.956,Steely Dan,Aja,1977,data/Steely Dan/aja.jpg,0.208
Prince,US,Batman,1989,data/Prince/batman.jpg,0.291,0.438,71.4,#492d1a,Kate Bush,The Kick Inside,1978,data/Kate Bush/the_kick_inside.jpg,0.702,Pink Floyd,The Dark Side of the Moon,1973,data/Pink Floyd/the_dark_side_of_the_moon.jpg,0.076
Prince,US,Diamonds and Pearls,1991,data/Prince/diamonds_and_pearls.jpg,0.564,0.484,65.9,#796565,Eagles,The Long Run,1979,data/Eagles/the_long_run.jpg,0.842,Pet Shop Boys,Fundamental,2006,data/Pet Shop Boys/fundamental.jpg,0.137
Prince,US,The Gold Experience,1995,data/Prince/the_gold_experience.jpg,0.734,0.835,94.2,#bb6423,Pet Shop Boys,Very,1993,data/Pet Shop Boys/very.jpg,0.918,Pet Shop Boys,Fundamental,2006,data/Pet Shop Boys/fundamental.jpg,0.075
Prince,US,Musicology,2004,data/Prince/musicology.jpg,0.574,0.249,35.2,#917c7b,David Bowie,Heathen,2002,data/David Bowie/heathen.jpg,0.912,Metallica,Metallica,1991,data/Metallica/metallica.jpg,0.192
Prince,US,3121,2006,data/Prince/3121.jpg,0.418,0.563,83.3,#694424,Rod Stewart,Foot Loose & Fancy Free,1977,data/Rod Stewart/foot_loose_fancy_free.jpg,0.791,Pet Shop Boys,Fundamental,2006,data/Pet Shop Boys/fundamental.jpg,0.145
Prince,US,ART OFFICIAL AGE,2014,data/Prince/art_official_age.jpg,0.695,0.268,52.3,#98a4a1,Metallica,Death Magnetic,2008,data/Metallica/death_magnetic.jpg,0.932,Steely Dan,Aja,1977,data/Steely Dan/aja.jpg,0.155
Pulp,UK,It,1983,data/Pulp/it.jpg,0.755,0.45,76.8,#a9be70,Pet Shop Boys,Hotspot,2020,data/Pet Shop Boys/hotspot.jpg,0.949,Steely Dan,Aja,1977,data/Steely Dan/aja.jpg,0.194
Pulp,UK,Freaks,1987,data/Pulp/freaks.jpg,0.5,0.598,93.1,#7e4827,Metallica,Reload,1997,data/Metallica/reload.jpg,0.836,Pet Shop Boys,Fundamental,2006,data/Pet Shop Boys/fundamental.jpg,0.05
Pulp,UK,Separations,1992,data/Pulp/separations.jpg,0.673,0.746,90.4,#6eab29,Pet Shop Boys,Bilingual,1996,data/Pet Shop Boys/bilingual.jpg,0.93,Pet Shop Boys,Fundamental,2006,data/Pet Shop Boys/fundamental.jpg,0.149
Pulp,UK,His 'n' Hers,1994,data/Pulp/his_n_hers.jpg,0.64,0.288,65.0,#a09174,Pet Shop Boys,Hotspot,2020,data/Pet Shop Boys/hotspot.jpg,0.928,Steely Dan,Aja,1977,data/Steely Dan/aja.jpg,0.14
Pulp,UK,Different Class,1995,data/Pulp/different_class.jpg,0.331,0.448,29.0,#444e4a,Massive Attack,100th Window,2003,data/Massive Attack/100th_window.jpg,0.806,Pet Shop Boys,Fundamental,2006,data/Pet Shop Boys/fundamental.jpg,0.106
Pulp,UK,This Is Hardcore,1998,data/Pulp/this_is_hardcore.jpg,0.457,0.387,52.3,#735452,Radiohead,Kid A,2000,data/Radiohead/kid_a.jpg,0.789,Pet Shop Boys,Fundamental,2006,data/Pet Shop Boys/fundamental.jpg,0.12
Pulp,UK,We Love Life,2001,data/Pulp/we_love_life.jpg,0.757,0.171,28.8,#bcc1b3,Taylor Swift,The Tortured Poets Department,2024,data/Taylor Swift/the_tortured_poets_department.jpg,0.932,Pet Shop Boys,Fundamental,2006,data/Pet Shop Boys/fundamental.jpg,0.209
Queen,UK,Queen,1973,data/Queen/queen.jpg,0.313,0.303,29.8,#4f3844,Pet Shop Boys,Elysium,2012,data/Pet Shop Boys/elysium.jpg,0.801,Pet Shop Boys,Fundamental,2006,data/Pet Shop Boys/fundamental.jpg,0.216
Queen,UK,Queen II,1974,data/Queen/queen_ii.jpg,0.197,0.496,17.5,#23232d,Pink Floyd,The Division Bell,1994,data/Pink Floyd/the_division_bell.jpg,0.765,Pet Shop Boys,Fundamental,2006,data/Pet Shop Boys/fundamental.jpg,0.165
Queen,UK,Sheer Heart Attack,1974,data/Queen/sheer_heart_attack.jpg,0.421,0.374,72.8,#6b4739,Madonna,Bedtime Stories,1994,data/Madonna/bedtime_stories.jpg,0.835,Pet Shop Boys,Fundamental,2006,data/Pet Shop Boys/fundamental.jpg,0.135
Queen,UK,A Night at the Opera,1975,data/Queen/a_night_at_the_opera.jpg,0.942,0.091,40.4,#ece6e4,King Crimson,Starless and Bible Black,1974,data/King Crimson/starless_and_bible_black.jpg,0.987,Pet Shop Boys,Fundamental,2006,data/Pet Shop Boys/fundamental.jpg,0.186
Queen,UK,A Day at the Races,1976,data/Queen/a_day_at_the_races.jpg,0.331,0.182,35.3,#534c43,Kate Bush,50 Words for Snow,2011,data/Kate Bush/50_words_for_snow.jpg,0.854,Pet Shop Boys,Fundamental,2006,data/Pet Shop Boys/fundamental.jpg,0.064
Queen,UK,News of the World,1977,data/Queen/news_of_the_world.jpg,0.545,0.328,33.9,#81805f,Genesis,Wind & Wuthering,1976,data/Genesis/wind_wuthering.jpg,0.958,Pet Shop Boys,Fundamental,2006,data/Pet Shop Boys/fundamental.jpg,0.141
Queen,UK,Jazz,1978,data/Queen/jazz.jpg,0.302,0.059,14.7,#4b4a4c,Foo Fighters,Concrete and Gold,2017,data/Foo Fighters/concrete_and_gold.jpg,0.858,Pet Shop Boys,Fundamental,2006,data/Pet Shop Boys/fundamental.jpg,0.083
Queen,UK,The Game,1980,data/Queen/the_game.jpg,0.394,0.011,4.8,#646363,Pet Shop Boys,Hotspot,2020,data/Pet Shop Boys/hotspot.jpg,0.886,Steely Dan,Aja,1977,data/Steely Dan/aja.jpg,0.196
Queen,UK,Hot Space,1982,data/Queen/hot_space.jpg,0.768,0.821,145.6,#798862,Steely Dan,Two Against Nature,2000,data/Steely Dan/two_against_nature.jpg,0.829,Pet Shop Boys,Fundamental,2006,data/Pet Shop Boys/fundamental.jpg,0.11
Queen,UK,The Works,1984,data/Queen/the_works.jpg,0.51,0.232,20.0,#81756b,Kanye West,Ye,2018,data/Kanye West/ye.jpg,0.917,Steely Dan,Aja,1977,data/Steely Dan/aja.jpg,0.164
Queen,UK,A Kind of Magic,1986,data/Queen/a_kind_of_magic.jpg,0.35,0.329,63.3,#524735,Kate Bush,50 Words for Snow,2011,data/Kate Bush/50_words_for_snow.jpg,0.849,Pet Shop Boys,Fundamental,2006,data/Pet Shop Boys/fundamental.jpg,0.083
Queen,UK,The Miracle,1989,data/Queen/the_miracle.jpg,0.542,0.604,75.1,#6d6f5a,Adele,30,2021,data/Adele/30.jpg,0.835,Pet Shop Boys,Fundamental,2006,data/Pet Shop Boys/fundamental.jpg,0.072
Queen,UK,Innuendo,1991,data/Queen/innuendo.jpg,0.841,0.096,32.3,#d0d1cc,Pink Floyd,Wish You Were Here,1975,data/Pink Floyd/wish_you_were_here.jpg,0.978,Steely Dan,Aja,1977,data/Steely Dan/aja.jpg,0.187
Queen,UK,Made in Heaven,1995,data/Queen/made_in_heaven.jpg,0.418,0.388,41.8,#475169,Pink Floyd,The Endless River,2014,data/Pink Floyd/the_endless_river.jpg,0.898,Pet Shop Boys,Fundamental,2006,data/Pet Shop Boys/fundamental.jpg,0.128
R.E.M.,US,Murmur,1983,data/R.E.M./murmur.jpg,0.352,0.25,15.4,#4a5557,Genesis,The Lamb Lies Down on Broadway,1974,data/Genesis/the_lamb_lies_down_on_broadway.jpg,0.898,Pink Floyd,The Dark Side of the Moon,1973,data/Pink Floyd/the_dark_side_of_the_moon.jpg,0.146
R.E.M.,US,Reckoning,1984,data/R.E.M./reckoning.jpg,0.533,0.168,20.5,#787f85,Fleetwood Mac,Bare Trees,1972,data/Fleetwood Mac/bare_trees.jpg,0.899,Pet Shop Boys,Fundamental,2006,data/Pet Shop Boys/fundamental.jpg,0.157
R.E.M.,US,Fables of the Reconstruction,1985,data/R.E.M./fables_of_the_reconstruction.jpg,0.427,0.603,61.7,#64462f,Rod Stewart,An Old Raincoat Won't Ever Let You Down,1969,data/Rod Stewart/an_old_raincoat_wont_ever_let_you_down.jpg,0.859,Pet Shop Boys,Fundamental,2006,data/Pet Shop Boys/fundamental.jpg,0.12
R.E.M.,US,Lifes Rich Pageant,1986,data/R.E.M./lifes_rich_pageant.jpg,0.612,0.157,20.1,#9b8e83,The Smiths,"Strangeways, Here We Come",1987,data/The Smiths/strangeways_here_we_come.jpg,0.967,Pet Shop Boys,Fundamental,2006,data/Pet Shop Boys/fundamental.jpg,0.127
R.E.M.,US,Document,1987,data/R.E.M./document.jpg,0.507,0.158,23.8,#797979,King Crimson,THRAK,1995,data/King Crimson/thrak.jpg,0.926,Pet Shop Boys,Fundamental,2006,data/Pet Shop Boys/fundamental.jpg,0.12
R.E.M.,US,Green,1988,data/R.E.M./green.jpg,0.548,0.749,80.4,#8b6422,Pet Shop Boys,Very,1993,data/Pet Shop Boys/very.jpg,0.901,Steely Dan,Aja,1977,data/Steely Dan/aja.jpg,0.189
R.E.M.,US,Out of Time,1991,data/R.E.M./out_of_time.jpg,0.732,0.628,122.0,#baa247,Pulp,It,1983,data/Pulp/it.jpg,0.923,Metallica,Metallica,1991,data/Metallica/metallica.jpg,0.196
R.E.M.,US,Automatic for the People,1992,data/R.E.M./automatic_for_the_people.jpg,0.356,0.091,4.2,#585859,"Earth, Wind & Fire",Head to the Sky,1973,"data/Earth, Wind & Fire/head_to_the_sky.jpg",0.921,Steely Dan,Aja,1977,data/Steely Dan/aja.jpg,0.173
R.E.M.,US,Monster,1994,data/R.E.M./monster.jpg,0.525,0.832,103.5,#833c18,Pet Shop Boys,Very,1993,data/Pet Shop Boys/very.jpg,0.824,Steely Dan,Aja,1977,data/Steely Dan/aja.jpg,0.139
R.E.M.,US,New Adventures in Hi-Fi,1996,data/R.E.M./new_adventures_in_hi_fi.jpg,0.614,0.082,4.4,#969a9c,Pet Shop Boys,Elysium,2012,data/Pet Shop Boys/elysium.jpg,0.923,Pet Shop Boys,Fundamental,2006,data/Pet Shop Boys/fundamental.jpg,0.155
R.E.M.,US,Up,1998,data/R.E.M./up.jpg,0.733,0.314,104.1,#87aaac,Red Hot Chili Peppers,By the Way,2002,data/Red Hot Chili Peppers/by_the_way.jpg,0.914,Pet Shop Boys,Fundamental,2006,data/Pet Shop Boys/fundamental.jpg,0.137
R.E.M.,US,Reveal,2001,data/R.E.M./reveal.jpg,0.731,0.531,93.6,#ba9f54,Fleetwood Mac,Then Play On,1969,data/Fleetwood Mac/then_play_on.jpg,0.928,Pet Shop Boys,Fundamental,2006,data/Pet Shop Boys/fundamental.jpg,0.169
R.E.M.,US,Around the Sun,2004,data/R.E.M./around_the_sun.jpg,0.868,0.048,13.6,#d8dadb,George Michael,Patience,2004,data/George Michael/patience.jpg,0.975,Pet Shop Boys,Fundamental,2006,data/Pet Shop Boys/fundamental.jpg,0.184
R.E.M.,US,Accelerate,2008,data/R.E.M./accelerate.jpg,0.434,0.105,2.2,#6d6d6e,The Who,Who's Next,1971,data/The Who/who_s_next.jpg,0.825,Metallica,Metallica,1991,data/Metallica/metallica.jpg,0.181
R.E.M.,US,Collapse into Now,2011,data/R.E.M./collapse_into_now.jpg,0.482,0.41,55.4,#797562,Elton John,Songs from the West Coast,2001,data/Elton John/songs_from_the_west_coast.jpg,0.884,Steely Dan,Aja,1977,data/Steely Dan/aja.jpg,0.097
Radiohead,UK,Pablo Honey,1993,data/Radiohead/pablo_honey.jpg,0.851,0.533,118.9,#d8b269,Genesis,A Trick of the Tail,1976,data/Genesis/a_trick_of_the_tail.jpg,0.934,Pet Shop Boys,Fundamental,2006,data/Pet Shop Boys/fundamental.jpg,0.171
Radiohead,UK,The Bends,1995,data/Radiohead/the_bends.jpg,0.632,0.586,83.3,#a07863,R.E.M.,Lifes Rich Pageant,1986,data/R.E.M./lifes_rich_pageant.jpg,0.846,Pet Shop Boys,Fundamental,2006,data/Pet Shop Boys/fundamental.jpg,0.007
Radiohead,UK,OK Computer,1997,data/Radiohead/ok_computer.jpg,0.901,0.119,34.4,#d1dde4,The Cure,Faith,1981,data/The Cure/faith.jpg,0.981,Pet Shop Boys,Fundamental,2006,data/Pet Shop Boys/fundamental.jpg,0.188
Radiohead,UK,Kid A,2000,data/Radiohead/kid_a.jpg,0.527,0.188,29.0,#7c7d7e,Rod Stewart,Gasoline Alley,1970,data/Rod Stewart/gasoline_alley.jpg,0.893,Pet Shop Boys,Fundamental,2006,data/Pet Shop Boys/fundamental.jpg,0.03
Radiohead,UK,Amnesiac,2001,data/Radiohead/amnesiac.jpg,0.45,0.46,131.1,#721616,The Cure,Pornography,1982,data/The Cure/pornography.jpg,0.785,Pet Shop Boys,Fundamental,2006,data/Pet Shop Boys/fundamental.jpg,0.019
Radiohead,UK,Hail to the Thief,2003,data/Radiohead/hail_to_the_thief.jpg,0.64,0.482,86.9,#807774,Fleetwood Mac,Bare Trees,1972,data/Fleetwood Mac/bare_trees.jpg,0.928,Steely Dan,Aja,1977,data/Steely Dan/aja.jpg,0.207
Radiohead,UK,In Rainbows,2007,data/Radiohead/in_rainbows.jpg,0.492,0.685,98.5,#6e4b32,Blur,13,1999,data/Blur/13.jpg,0.871,Pet Shop Boys,Fundamental,2006,data/Pet Shop Boys/fundamental.jpg,0.11
Radiohead,UK,The King of Limbs,2011,data/Radiohead/the_king_of_limbs.jpg,0.4,0.395,62.5,#634f3a,Fleetwood Mac,Then Play On,1969,data/Fleetwood Mac/then_play_on.jpg,0.843,Pet Shop Boys,Fundamental,2006,data/Pet Shop Boys/fundamental.jpg,0.149
Radiohead,UK,A Moon Shaped Pool,2016,data/Radiohead/a_moon_shaped_pool.jpg,0.73,0.031,2.9,#b7b6b9,The Cure,Seventeen Seconds,1980,data/The Cure/seventeen_seconds.jpg,0.961,Pet Shop Boys,Fundamental,2006,data/Pet Shop Boys/fundamental.jpg,0.191
Ramones,US,Ramones,1976,data/Ramones/ramones.jpg,0.352,0.002,0.6,#595959,R.E.M.,Murmur,1983,data/R.E.M./murmur.jpg,0.824,Pink Floyd,The Dark Side of the Moon,1973,data/Pink Floyd/the_dark_side_of_the_moon.jpg,0.134
Ramones,US,Leave Home,1977,data/Ramones/leave_home.jpg,0.478,0.237,45.9,#636d75,Eminem,Recovery,2010,data/Eminem/recovery.jpg,0.848,Metallica,Metallica,1991,data/Metallica/metallica.jpg,0.173
Ramones,US,Rocket to Russia,1977,data/Ramones/rocket_to_russia.jpg,0.405,0.071,54.4,#675b62,David Bowie,Heathen,2002,data/David Bowie/heathen.jpg,0.778,Pink Floyd,The Dark Side of the Moon,1973,data/Pink Floyd/the_dark_side_of_the_moon.jpg,0.12
Ramones,US,Road to Ruin,1978,data/Ramones/road_to_ruin.jpg,0.287,0.264,86.3,#40412e,Kate Bush,50 Words for Snow,2011,data/Kate Bush/50_words_for_snow.jpg,0.719,Metallica,Metallica,1991,data/Metallica/metallica.jpg,0.128
Ramones,US,End of the Century,1980,data/Ramones/end_of_the_century.jpg,0.405,0.541,95.4,#602c2a,Rod Stewart,An Old Raincoat Won't Ever Let You Down,1969,data/Rod Stewart/an_old_raincoat_wont_ever_let_you_down.jpg,0.75,Pet Shop Boys,Fundamental,2006,data/Pet Shop Boys/fundamental.jpg,0.18
Ramones,US,Pleasant Dreams,1981,data/Ramones/pleasant_dreams.jpg,0.513,0.326,107.2,#7f6a40,King Crimson,Larks' Tongues in Aspic,1973,data/King Crimson/larks_tongues_in_aspic.jpg,0.815,Steely Dan,Aja,1977,data/Steely Dan/aja.jpg,0.1
Ramones,US,Subterranean Jungle,1983,data/Ramones/subterranean_jungle.jpg,0.48,0.241,55.3,#6c6b6e,Pet Shop Boys,Elysium,2012,data/Pet Shop Boys/elysium.jpg,0.88,Pet Shop Boys,Fundamental,2006,data/Pet Shop Boys/fundamental.jpg,0.129
Ramones,US,Too Tough to Die,1984,data/Ramones/too_tough_to_die.jpg,0.655,0.535,99.5,#4f78a7,King Crimson,THRAK,1995,data/King Crimson/thrak.jpg,0.876,Pet Shop Boys,Fundamental,2006,data/Pet Shop Boys/fundamental.jpg,0.158
Ramones,US,Animal Boy,1986,data/Ramones/animal_boy.jpg,0.294,0.465,91.3,#34312a,The Beatles,Sgt. Pepper's Lonely Hearts Club Band,1967,data/The Beatles/sgt_pepper_s_lonely_hearts_club_band.jpg,0.772,Pink Floyd,The Dark Side of the Moon,1973,data/Pink Floyd/the_dark_side_of_the_moon.jpg,0.102
Ramones,US,Brain Drain,1989,data/Ramones/brain_drain.jpg,0.342,0.445,69.6,#572b2f,Massive Attack,Blue Lines,1991,data/Massive Attack/blue_lines.jpg,0.833,Pet Shop Boys,Fundamental,2006,data/Pet Shop Boys/fundamental.jpg,0.142
Ramones,US,¡Adios Amigos!,1995,data/Ramones/adios_amigos.jpg,0.565,0.397,68.6,#796573,David Bowie,Heathen,2002,data/David Bowie/heathen.jpg,0.848,Pet Shop Boys,Fundamental,2006,data/Pet Shop Boys/fundamental.jpg,0.194
Red Hot Chili Peppers,US,The Red Hot Chili Peppers,1984,data/Red Hot Chili Peppers/the_red_hot_chili_peppers.jpg,0.762,0.388,78.3,#b59092,The Beatles,The Beatles,1968,data/The Beatles/the_beatles.jpg,0.966,Pet Shop Boys,Fundamental,2006,data/Pet Shop Boys/fundamental.jpg,0.155
Red Hot Chili Peppers,US,Freaky Styley,1985,data/Red Hot Chili Peppers/freaky_styley.jpg,0.481,0.464,52.9,#73535e,The Notorious B.I.G.,Life After Death,1997,data/The Notorious B.I.G./life_after_death.jpg,0.924,Pet Shop Boys,Fundamental,2006,data/Pet Shop Boys/fundamental.jpg,0.116
Red Hot Chili Peppers,US,The Uplift Mofo Party Plan,1987,data/Red Hot Chili Peppers/the_uplift_mofo_party_plan.jpg,0.738,0.48,89.9,#a18e7f,King Crimson,Starless and Bible Black,1974,data/King Crimson/starless_and_bible_black.jpg,0.938,Pet Shop Boys,Fundamental,2006,data/Pet Shop Boys/fundamental.jpg,0.152
Red Hot Chili Peppers,US,Mother's Milk,1989,data/Red Hot Chili Peppers/mother_s_milk.jpg,0.787,0.058,9.6,#c5c6c7,David Bowie,Aladdin Sane,1973,data/David Bowie/aladdin_sane.jpg,0.942,Pet Shop Boys,Fundamental,2006,data/Pet Shop Boys/fundamental.jpg,0.171
Red Hot Chili Peppers,US,Blood Sugar Sex Magik,1991,data/Red Hot Chili Peppers/blood_sugar_sex_magik.jpg,0.632,0.115,31.0,#9e9798,Foo Fighters,But Here We Are,2023,data/Foo Fighters/but_here_we_are.jpg,0.91,Pet Shop Boys,Fundamental,2006,data/Pet Shop Boys/fundamental.jpg,0.139
Red Hot Chili Peppers,US,One Hot Minute,1995,data/Red Hot Chili Peppers/one_hot_minute.jpg,0.448,0.381,63.0,#724649,Bob Dylan,Blood on the Tracks,1975,data/Bob Dylan/blood_on_the_tracks.jpg,0.864,Pet Shop Boys,Fundamental,2006,data/Pet Shop Boys/fundamental.jpg,0.07
Red Hot Chili Peppers,US,Californication,1999,data/Red Hot Chili Peppers/californication.jpg,0.702,0.728,103.0,#75686c,"Earth, Wind & Fire",All 'n All,1977,"data/Earth, Wind & Fire/all_n_all.jpg",0.899,Pet Shop Boys,Fundamental,2006,data/Pet Shop Boys/fundamental.jpg,0.16
Red Hot Chili Peppers,US,By the Way,2002,data/Red Hot Chili Peppers/by_the_way.jpg,0.755,0.155,36.3,#aab0bc,Fleetwood Mac,Bare Trees,1972,data/Fleetwood Mac/bare_trees.jpg,0.964,Pet Shop Boys,Fundamental,2006,data/Pet Shop Boys/fundamental.jpg,0.184
Red Hot Chili Peppers,US,Stadium Arcadium,2006,data/Red Hot Chili Peppers/stadium_arcadium.jpg,0.458,0.426,63.9,#585659,Genesis,Wind & Wuthering,1976,data/Genesis/wind_wuthering.jpg,0.887,Pet Shop Boys,Fundamental,2006,data/Pet Shop Boys/fundamental.jpg,0.098
Red Hot Chili Peppers,US,I'm with You,2011,data/Red Hot Chili Peppers/i_m_with_you.jpg,0.888,0.037,14.6,#e2dedd,Fleetwood Mac,Bare Trees,1972,data/Fleetwood Mac/bare_trees.jpg,0.987,Pet Shop Boys,Fundamental,2006,data/Pet Shop Boys/fundamental.jpg,0.183
Red Hot Chili Peppers,US,The Getaway,2016,data/Red Hot Chili Peppers/the_getaway.jpg,0.42,0.223,26.9,#625b60,King Crimson,Starless and Bible Black,1974,data/King Crimson/starless_and_bible_black.jpg,0.912,Steely Dan,Aja,1977,data/Steely Dan/aja.jpg,0.174
Red Hot Chili Peppers,US,Unlimited Love,2022,data/Red Hot Chili Peppers/unlimited_love.jpg,0.317,0.422,78.4,#463422,Def Leppard,Songs from the Sparkle Lounge,2008,data/Def Leppard/songs_from_the_sparkle_lounge.jpg,0.784,Pet Shop Boys,Fundamental,2006,data/Pet Shop Boys/fundamental.jpg,0.08
Red Hot Chili Peppers,US,Return of the Dream Canteen,2022,data/Red Hot Chili Peppers/return_of_the_dream_canteen.jpg,0.747,0.364,68.3,#988aa7,Foo Fighters,But Here We Are,2023,data/Foo Fighters/but_here_we_are.jpg,0.961,Pet Shop Boys,Fundamental,2006,data/Pet Shop Boys/fundamental.jpg,0.132
Rod Stewart,UK,An Old Raincoat Won't Ever Let You Down,1969,data/Rod Stewart/an_old_raincoat_wont_ever_let_you_down.jpg,0.818,0.594,46.3,#d08554,Pet Shop Boys,Very,1993,data/Pet Shop Boys/very.jpg,0.994,Pet Shop Boys,Fundamental,2006,data/Pet Shop Boys/fundamental.jpg,0.16
Rod Stewart,UK,Gasoline Alley,1970,data/Rod Stewart/gasoline_alley.jpg,0.635,0.206,33.9,#9f8c88,Genesis,Wind & Wuthering,1976,data/Genesis/wind_wuthering.jpg,0.924,Pet Shop Boys,Fundamental,2006,data/Pet Shop Boys/fundamental.jpg,0.039
Rod Stewart,UK,Every Picture Tells a Story,1971,data/Rod Stewart/every_picture_tells_a_story.jpg,0.668,0.317,37.6,#aa8f75,The Who,The Who by Numbers,1975,data/The Who/the_who_by_numbers.jpg,0.951,Pet Shop Boys,Fundamental,2006,data/Pet Shop Boys/fundamental.jpg,0.166
Rod Stewart,UK,Never a Dull Moment,1972,data/Rod Stewart/never_a_dull_moment.jpg,0.324,0.306,38.0,#4f3e3d,Steely Dan,Katy Lied,1975,data/Steely Dan/katy_lied.jpg,0.81,Pink Floyd,The Dark Side of the Moon,1973,data/Pink Floyd/the_dark_side_of_the_moon.jpg,0.146
Rod Stewart,UK,Smiler,1974,data/Rod Stewart/smiler.jpg,0.336,0.46,72.3,#54302e,Kanye West,The Life of Pablo,2016,data/Kanye West/the_life_of_pablo.jpg,0.748,Pet Shop Boys,Fundamental,2006,data/Pet Shop Boys/fundamental.jpg,0.107
Rod Stewart,UK,Atlantic Crossing,1975,data/Rod Stewart/atlantic_crossing.jpg,0.304,0.435,39.9,#4c3b36,Red Hot Chili Peppers,The Red Hot Chili Peppers,1984,data/Red Hot Chili Peppers/the_red_hot_chili_peppers.jpg,0.782,Pet Shop Boys,Fundamental,2006,data/Pet Shop Boys/fundamental.jpg,0.067
Rod Stewart,UK,A Night on the Town,1976,data/Rod Stewart/a_night_on_the_town.jpg,0.352,0.401,25.6,#425452,Fleetwood Mac,Bare Trees,1972,data/Fleetwood Mac/bare_trees.jpg,0.896,Steely Dan,Aja,1977,data/Steely Dan/aja.jpg,0.179
Rod Stewart,UK,Foot Loose & Fancy Free,1977,data/Rod Stewart/foot_loose_fancy_free.jpg,0.69,0.397,56.6,#af8070,Massive Attack,Protection,1994,data/Massive Attack/protection.jpg,0.922,Steely Dan,Aja,1977,data/Steely Dan/aja.jpg,0.179
Rod Stewart,UK,Blondes Have More Fun,1978,data/Rod Stewart/blondes_have_more_fun.jpg,0.324,0.536,46.4,#343141,Beyoncé,Dangerously in Love,2003,data/Beyoncé/dangerously_in_love.jpg,0.81,Pet Shop Boys,Fundamental,2006,data/Pet Shop Boys/fundamental.jpg,0.109
Rod Stewart,UK,Foolish Behaviour,1980,data/Rod Stewart/foolish_behaviour.jpg,0.36,0.404,64.3,#5a3f30,Taylor Swift,Speak Now (Taylor's Version),2023,data/Taylor Swift/speak_now_taylors_version.jpg,0.824,Pet Shop Boys,Fundamental,2006,data/Pet Shop Boys/fundamental.jpg,0.152
Rod Stewart,UK,Tonight I'm Yours,1981,data/Rod Stewart/tonight_i_m_yours.jpg,0.353,0.617,83.0,#5a3c19,Prince,The Gold Experience,1995,data/Prince/the_gold_experience.jpg,0.755,Pet Shop Boys,Fundamental,2006,data/Pet Shop Boys/fundamental.jpg,0.072
Rod Stewart,UK,Out of Order,1988,data/Rod Stewart/out_of_order.jpg,0.547,0.325,47.2,#8b6a68,Taylor Swift,Lover,2019,data/Taylor Swift/lover.jpg,0.917,Pet Shop Boys,Fundamental,2006,data/Pet Shop Boys/fundamental.jpg,0.136
Rod Stewart,UK,Vagabond Heart,1991,data/Rod Stewart/vagabond_heart.jpg,0.271,0.455,48.6,#432d2a,Marvin Gaye,The Soulful Moods of Marvin Gaye,1961,data/Marvin Gaye/the_soulful_moods_of_marvin_gaye.jpg,0.699,Pet Shop Boys,Fundamental,2006,data/Pet Shop Boys/fundamental.jpg,0.151
Rod Stewart,UK,Time,2013,data/Rod Stewart/time.jpg,0.752,0.133,23.0,#bdb5ad,The Cure,Faith,1981,data/The Cure/faith.jpg,0.971,Pet Shop Boys,Fundamental,2006,data/Pet Shop Boys/fundamental.jpg,0.15
Roxy Music,UK,Roxy Music,1972,data/Roxy Music/roxy_music.jpg,0.737,0.222,41.0,#b9a197,Foo Fighters,But Here We Are,2023,data/Foo Fighters/but_here_we_are.jpg,0.975,Pet Shop Boys,Fundamental,2006,data/Pet Shop Boys/fundamental.jpg,0.194
Roxy Music,UK,For Your Pleasure,1973,data/Roxy Music/for_your_pleasure.jpg,0.206,0.867,23.2,#132633,Pink Floyd,The Endless River,2014,data/Pink Floyd/the_endless_river.jpg,0.726,Pet Shop Boys,Fundamental,2006,data/Pet Shop Boys/fundamental.jpg,0.129
Roxy Music,UK,Stranded,1973,data/Roxy Music/stranded.jpg,0.343,0.52,57.7,#573228,Rod Stewart,An Old Raincoat Won't Ever Let You Down,1969,data/Rod Stewart/an_old_raincoat_wont_ever_let_you_down.jpg,0.878,Pet Shop Boys,Fundamental,2006,data/Pet Shop Boys/fundamental.jpg,0.132
Roxy Music,UK,Country Life,1974,data/Roxy Music/country_life.jpg,0.519,0.431,57.8,#7f684c,Fleetwood Mac,Future Games,1971,data/Fleetwood Mac/future_games.jpg,0.87,Pet Shop Boys,Fundamental,2006,data/Pet Shop Boys/fundamental.jpg,0.103
Roxy Music,UK,Siren,1975,data/Roxy Music/siren.jpg,0.528,0.7,85.5,#246e86,Nirvana,Nevermind,1991,data/Nirvana/nevermind.jpg,0.918,Pet Shop Boys,Fundamental,2006,data/Pet Shop Boys/fundamental.jpg,0.153
Roxy Music,UK,Manifesto,1979,data/Roxy Music/manifesto.jpg,0.335,0.414,50.6,#4e3e3c,Taylor Swift,Fearless (Taylor's Version),2021,data/Taylor Swift/fearless_taylors_version.jpg,0.822,Pet Shop Boys,Fundamental,2006,data/Pet Shop Boys/fundamental.jpg,0.047
Roxy Music,UK,Flesh and Blood,1980,data/Roxy Music/flesh_and_blood.jpg,0.566,0.28,52.9,#907563,Madonna,Bedtime Stories,1994,data/Madonna/bedtime_stories.jpg,0.938,Pet Shop Boys,Fundamental,2006,data/Pet Shop Boys/fundamental.jpg,0.122
Roxy Music,UK,Avalon,1982,data/Roxy Music/avalon.jpg,0.309,0.236,36.9,#404242,Steely Dan,Katy Lied,1975,data/Steely Dan/katy_lied.jpg,0.91,Metallica,Metallica,1991,data/Metallica/metallica.jpg,0.15
Sex Pistols,UK,"Never Mind the Bollocks, Here's the Sex Pistols",1977,data/Sex Pistols/never_mind_the_bollocks_here_s_the_sex_pistols.jpg,0.817,0.481,64.3,#c58c73,Rod Stewart,An Old Raincoat Won't Ever Let You Down,1969,data/Rod Stewart/an_old_raincoat_wont_ever_let_you_down.jpg,0.953,Pet Shop Boys,Fundamental,2006,data/Pet Shop Boys/fundamental.jpg,0.11
Simon & Garfunkel,US,"Wednesday Morning, 3 A.M.",1964,data/Simon & Garfunkel/wednesday_morning_3_a_m.jpg,0.352,0.372,27.4,#52544c,Pet Shop Boys,Elysium,2012,data/Pet Shop Boys/elysium.jpg,0.851,Pet Shop Boys,Fundamental,2006,data/Pet Shop Boys/fundamental.jpg,0.175
Simon & Garfunkel,US,Sounds of Silence,1966,data/Simon & Garfunkel/sounds_of_silence.jpg,0.533,0.198,28.9,#768774,The Cure,Faith,1981,data/The Cure/faith.jpg,0.947,Pet Shop Boys,Fundamental,2006,data/Pet Shop Boys/fundamental.jpg,0.181
Simon & Garfunkel,US,"Parsley, Sage, Rosemary and Thyme",1966,data/Simon & Garfunkel/parsley_sage_rosemary_and_thyme.jpg,0.23,0.231,26.1,#34352f,Taylor Swift,Red,2012,data/Taylor Swift/red.jpg,0.79,Pet Shop Boys,Fundamental,2006,data/Pet Shop Boys/fundamental.jpg,0.065
Simon & Garfunkel,US,Bookends,1968,data/Simon & Garfunkel/bookends.jpg,0.368,0.036,1.8,#5d5d5b,The Cure,Seventeen Seconds,1980,data/The Cure/seventeen_seconds.jpg,0.887,Metallica,Metallica,1991,data/Metallica/metallica.jpg,0.136
Simon & Garfunkel,US,Bridge over Troubled Water,1970,data/Simon & Garfunkel/bridge_over_troubled_water.jpg,0.488,0.16,17.3,#757a6d,Fleetwood Mac,Bare Trees,1972,data/Fleetwood Mac/bare_trees.jpg,0.975,Pet Shop Boys,Fundamental,2006,data/Pet Shop Boys/fundamental.jpg,0.19
Soundgarden,US,Ultramega OK,1988,data/Soundgarden/ultramega_ok.jpg,0.251,0.4,38.9,#282e3f,The Smashing Pumpkins,Cyr,2020,data/The Smashing Pumpkins/cyr.jpg,0.726,Pet Shop Boys,Fundamental,2006,data/Pet Shop Boys/fundamental.jpg,0.025
Soundgarden,US,Louder Than Love,1989,data/Soundgarden/louder_than_love.jpg,0.291,0.336,67.3,#454032,Stevie Wonder,Innervisions,1973,data/Stevie Wonder/innervisions.jpg,0.792,Pet Shop Boys,Fundamental,2006,data/Pet Shop Boys/fundamental.jpg,0.138
Soundgarden,US,Badmotorfinger,1991,data/Soundgarden/badmotorfinger.jpg,0.399,0.447,71.9,#603a45,Genesis,Wind & Wuthering,1976,data/Genesis/wind_wuthering.jpg,0.858,Pet Shop Boys,Fundamental,2006,data/Pet Shop Boys/fundamental.jpg,0.139
Soundgarden,US,Superunknown,1994,data/Soundgarden/superunknown.jpg,0.236,0.139,46.3,#3c312f,The Smashing Pumpkins,Cyr,2020,data/The Smashing Pumpkins/cyr.jpg,0.719,Pet Shop Boys,Fundamental,2006,data/Pet Shop Boys/fundamental.jpg,0.031
Soundgarden,US,Down on the Upside,1996,data/Soundgarden/down_on_the_upside.jpg,0.597,0.684,99.1,#95642d,The Rolling Stones,Beggars Banquet,1968,data/The Rolling Stones/beggars_banquet.jpg,0.872,Metallica,Metallica,1991,data/Metallica/metallica.jpg,0.186
Soundgarden,US,King Animal,2012,data/Soundgarden/king_animal.jpg,0.792,0.155,23.2,#c9beaf,"Earth, Wind & Fire",Head to the Sky,1973,"data/Earth, Wind & Fire/head_to_the_sky.jpg",0.968,Pet Shop Boys,Fundamental,2006,data/Pet Shop Boys/fundamental.jpg,0.165
Steely Dan,US,Can't Buy a Thrill,1972,data/Steely Dan/can_t_buy_a_thrill.jpg,0.814,0.538,91.0,#c79d6a,Genesis,A Trick of the Tail,1976,data/Genesis/a_trick_of_the_tail.jpg,0.961,Pet Shop Boys,Fundamental,2006,data/Pet Shop Boys/fundamental.jpg,0.175
Steely Dan,US,Countdown to Ecstasy,1973,data/Steely Dan/countdown_to_ecstasy.jpg,0.858,0.086,16.9,#cfd7cc,Deep Purple,=1,2024,data/Deep Purple/1.jpg,0.993,Pet Shop Boys,Fundamental,2006,data/Pet Shop Boys/fundamental.jpg,0.153
Steely Dan,US,Pretzel Logic,1974,data/Steely Dan/pretzel_logic.jpg,0.656,0.123,6.2,#a7a399,Beastie Boys,To the 5 Boroughs,2004,data/Beastie Boys/to_the_5_boroughs.jpg,0.95,Steely Dan,Aja,1977,data/Steely Dan/aja.jpg,0.188
Steely Dan,US,Katy Lied,1975,data/Steely Dan/katy_lied.jpg,0.457,0.269,30.4,#6f6e54,Pet Shop Boys,Hotspot,2020,data/Pet Shop Boys/hotspot.jpg,0.95,Metallica,Metallica,1991,data/Metallica/metallica.jpg,0.171
Steely Dan,US,The Royal Scam,1976,data/Steely Dan/the_royal_scam.jpg,0.368,0.149,12.3,#5b5154,Foo Fighters,But Here We Are,2023,data/Foo Fighters/but_here_we_are.jpg,0.947,Pet Shop Boys,Fundamental,2006,data/Pet Shop Boys/fundamental.jpg,0.182
Steely Dan,US,Aja,1977,data/Steely Dan/aja.jpg,0.031,0.051,24.1,#070404,Nas,Magic 3,2023,data/Nas/magic_3.jpg,0.428,Pet Shop Boys,Fundamental,2006,data/Pet Shop Boys/fundamental.jpg,0.035
Steely Dan,US,Gaucho,1980,data/Steely Dan/gaucho.jpg,0.801,0.319,75.5,#9ec4be,Pink Floyd,Wish You Were Here,1975,data/Pink Floyd/wish_you_were_here.jpg,0.972,Steely Dan,Aja,1977,data/Steely Dan/aja.jpg,0.153
Steely Dan,US,Two Against Nature,2000,data/Steely Dan/two_against_nature.jpg,0.654,0.256,28.0,#9ea183,The Smiths,"Strangeways, Here We Come",1987,data/The Smiths/strangeways_here_we_come.jpg,0.959,Pet Shop Boys,Fundamental,2006,data/Pet Shop Boys/fundamental.jpg,0.11
Steely Dan,US,Everything Must Go,2003,data/Steely Dan/everything_must_go.jpg,0.405,0.158,13.0,#66605c,Eminem,Recovery,2010,data/Eminem/recovery.jpg,0.86,Metallica,Metallica,1991,data/Metallica/metallica.jpg,0.162
Stevie Wonder,US,Up-Tight,1966,data/Stevie Wonder/up_tight.jpg,0.598,0.614,91.4,#6d6061,Simon & Garfunkel,Bridge over Troubled Water,1970,data/Simon & Garfunkel/bridge_over_troubled_water.jpg,0.851,Steely Dan,Aja,1977,data/Steely Dan/aja.jpg,0.178
Stevie Wonder,US,For Once in My Life,1968,data/Stevie Wonder/for_once_in_my_life.jpg,0.48,0.58,79.5,#7a342e,Pet Shop Boys,Very,1993,data/Pet Shop Boys/very.jpg,0.919,Pink Floyd,The Dark Side of the Moon,1973,data/Pink Floyd/the_dark_side_of_the_moon.jpg,0.199
Stevie Wonder,US,My Cherie Amour,1969,data/Stevie Wonder/my_cherie_amour.jpg,0.465,0.391,63.3,#5d625e,Red Hot Chili Peppers,I'm with You,2011,data/Red Hot Chili Peppers/i_m_with_you.jpg,0.87,Pet Shop Boys,Fundamental,2006,data/Pet Shop Boys/fundamental.jpg,0.141
Stevie Wonder,US,"Signed, Sealed & Delivered",1970,data/Stevie Wonder/signed_sealed_delivered.jpg,0.837,0.267,60.4,#d1baa7,Taylor Swift,1989,2014,data/Taylor Swift/1989.jpg,0.957,Steely Dan,Aja,1977,data/Steely Dan/aja.jpg,0.176
Stevie Wonder,US,Where I'm Coming From,1971,data/Stevie Wonder/where_i_m_coming_from.jpg,0.464,0.232,33.0,#726c5c,Fleetwood Mac,Bare Trees,1972,data/Fleetwood Mac/bare_trees.jpg,0.955,Pet Shop Boys,Fundamental,2006,data/Pet Shop Boys/fundamental.jpg,0.177
Stevie Wonder,US,Music of My Mind,1972,data/Stevie Wonder/music_of_my_mind.jpg,0.349,0.222,45.7,#584a48,Bon Jovi,7800° Fahrenheit,1985,data/Bon Jovi/7800_fahrenheit.jpg,0.808,Pet Shop Boys,Fundamental,2006,data/Pet Shop Boys/fundamental.jpg,0.115
Stevie Wonder,US,Talking Book,1972,data/Stevie Wonder/talking_book.jpg,0.454,0.511,61.1,#73493c,Rod Stewart,An Old Raincoat Won't Ever Let You Down,1969,data/Rod Stewart/an_old_raincoat_wont_ever_let_you_down.jpg,0.872,Pet Shop Boys,Fundamental,2006,data/Pet Shop Boys/fundamental.jpg,0.113
Stevie Wonder,US,Innervisions,1973,data/Stevie Wonder/innervisions.jpg,0.829,0.386,60.4,#d3b483,Elton John,Goodbye Yellow Brick Road,1973,data/Elton John/goodbye_yellow_brick_road.jpg,0.967,Pet Shop Boys,Fundamental,2006,data/Pet Shop Boys/fundamental.jpg,0.184
Stevie Wonder,US,Fulfillingness' First Finale,1974,data/Stevie Wonder/fulfillingness_first_finale.jpg,0.777,0.498,62.4,#c68364,Rod Stewart,An Old Raincoat Won't Ever Let You Down,1969,data/Rod Stewart/an_old_raincoat_wont_ever_let_you_down.jpg,0.973,Pet Shop Boys,Fundamental,2006,data/Pet Shop Boys/fundamental.jpg,0.205
Stevie Wonder,US,Songs in the Key of Life,1976,data/Stevie Wonder/songs_in_the_key_of_life.jpg,0.815,0.64,103.0,#cf6b4d,Pet Shop Boys,Very,1993,data/Pet Shop Boys/very.jpg,0.938,Pet Shop Boys,Fundamental,2006,data/Pet Shop Boys/fundamental.jpg,0.125
Stevie Wonder,US,Hotter than July,1980,data/Stevie Wonder/hotter_than_july.jpg,0.47,0.422,97.5,#744730,Kate Bush,50 Words for Snow,2011,data/Kate Bush/50_words_for_snow.jpg,0.844,Pet Shop Boys,Fundamental,2006,data/Pet Shop Boys/fundamental.jpg,0.068
Stevie Wonder,US,In Square Circle,1985,data/Stevie Wonder/in_square_circle.jpg,0.447,0.382,57.0,#59436b,Pet Shop Boys,Hotspot,2020,data/Pet Shop Boys/hotspot.jpg,0.887,Steely Dan,Aja,1977,data/Steely Dan/aja.jpg,0.166
Stevie Wonder,US,Conversation Peace,1995,data/Stevie Wonder/conversation_peace.jpg,0.606,0.121,16.4,#989393,Pink Floyd,Wish You Were Here,1975,data/Pink Floyd/wish_you_were_here.jpg,0.957,The Smashing Pumpkins,Aghori Mhori Mei,2024,data/The Smashing Pumpkins/aghori_mhori_mei.jpg,0.169
Stevie Wonder,US,A Time to Love,2005,data/Stevie Wonder/a_time_to_love.jpg,0.348,0.655,70.3,#57341b,Massive Attack,Blue Lines,1991,data/Massive Attack/blue_lines.jpg,0.802,The Smashing Pumpkins,Aghori Mhori Mei,2024,data/The Smashing Pumpkins/aghori_mhori_mei.jpg,0.095
Talking Heads,US,Talking Heads: 77,1977,data/Talking Heads/talking_heads_77.jpg,0.734,0.805,70.6,#ba2e25,King Crimson,Discipline,1981,data/King Crimson/discipline.jpg,0.978,Pet Shop Boys,Fundamental,2006,data/Pet Shop Boys/fundamental.jpg,0.142
Talking Heads,US,More Songs About Buildings and Food,1978,data/Talking Heads/more_songs_about_buildings_and_food.jpg,0.716,0.346,72.3,#b48486,Taylor Swift,1989,2014,data/Taylor Swift/1989.jpg,0.937,Pet Shop Boys,Fundamental,2006,data/Pet Shop Boys/fundamental.jpg,0.132
Talking Heads,US,Fear of Music,1979,data/Talking Heads/fear_of_music.jpg,0.114,0.236,7.4,#1c1718,Eagles,The Long Run,1979,data/Eagles/the_long_run.jpg,0.941,Steely Dan,Aja,1977,data/Steely Dan/aja.jpg,0.235
Talking Heads,US,Remain in Light,1980,data/Talking Heads/remain_in_light.jpg,0.563,0.501,96.2,#855246,Stevie Wonder,Fulfillingness' First Finale,1974,data/Stevie Wonder/fulfillingness_first_finale.jpg,0.873,Steely Dan,Aja,1977,data/Steely Dan/aja.jpg,0.227
Talking Heads,US,Speaking in Tongues,1983,data/Talking Heads/speaking_in_tongues.jpg,0.703,0.552,79.0,#977968,Fleetwood Mac,Future Games,1971,data/Fleetwood Mac/future_games.jpg,0.949,Pet Shop Boys,Fundamental,2006,data/Pet Shop Boys/fundamental.jpg,0.178
Talking Heads,US,Little Creatures,1985,data/Talking Heads/little_creatures.jpg,0.624,0.434,62.9,#7c8776,The Cure,Faith,1981,data/The Cure/faith.jpg,0.922,Pet Shop Boys,Fundamental,2006,data/Pet Shop Boys/fundamental.jpg,0.201
Talking Heads,US,True Stories,1986,data/Talking Heads/true_stories.jpg,0.677,0.26,96.1,#ac7a7a,Weezer,OK Human,2021,data/Weezer/ok_human.jpg,0.86,Pet Shop Boys,Fundamental,2006,data/Pet Shop Boys/fundamental.jpg,0.098
Talking Heads,US,Naked,1988,data/Talking Heads/naked.jpg,0.47,0.622,70.8,#77402d,Pet Shop Boys,Very,1993,data/Pet Shop Boys/very.jpg,0.94,Pet Shop Boys,Fundamental,2006,data/Pet Shop Boys/fundamental.jpg,0.158
Taylor Swift,US,Taylor Swift,2006,data/Taylor Swift/taylor_swift.jpg,0.603,0.439,56.3,#878069,Steely Dan,Two Against Nature,2000,data/Steely Dan/two_against_nature.jpg,0.897,Pet Shop Boys,Fundamental,2006,data/Pet Shop Boys/fundamental.jpg,0.08
Taylor Swift,US,Fearless,2008,data/Taylor Swift/fearless.jpg,0.824,0.297,48.5,#d2bc9b,Taylor Swift,1989,2014,data/Taylor Swift/1989.jpg,0.974,Pet Shop Boys,Fundamental,2006,data/Pet Shop Boys/fundamental.jpg,0.176
Taylor Swift,US,Speak Now,2010,data/Taylor Swift/speak_now.jpg,0.755,0.314,58.3,#bf96aa,Beastie Boys,To the 5 Boroughs,2004,data/Beastie Boys/to_the_5_boroughs.jpg,0.933,Steely Dan,Aja,1977,data/Steely Dan/aja.jpg,0.183
Taylor Swift,US,Red,2012,data/Taylor Swift/red.jpg,0.423,0.326,34.0,#655355,Genesis,Wind & Wuthering,1976,data/Genesis/wind_wuthering.jpg,0.919,Pet Shop Boys,Fundamental,2006,data/Pet Shop Boys/fundamental.jpg,0.078
Taylor Swift,US,1989,2014,data/Taylor Swift/1989.jpg,0.793,0.155,27.3,#c9bdac,Pink Floyd,The Wall,1979,data/Pink Floyd/the_wall.jpg,0.988,Pet Shop Boys,Fundamental,2006,data/Pet Shop Boys/fundamental.jpg,0.183
Taylor Swift,US,Reputation,2017,data/Taylor Swift/reputation.jpg,0.657,0.0,0.0,#a7a7a7,Simon & Garfunkel,Bridge over Troubled Water,1970,data/Simon & Garfunkel/bridge_over_troubled_water.jpg,0.933,Metallica,Metallica,1991,data/Metallica/metallica.jpg,0.186
Taylor Swift,US,Lover,2019,data/Taylor Swift/lover.jpg,0.891,0.211,43.2,#d6bdcd,Pet Shop Boys,Please,1986,data/Pet Shop Boys/please.jpg,0.985,Pet Shop Boys,Fundamental,2006,data/Pet Shop Boys/fundamental.jpg,0.155
Taylor Swift,US,Evermore,2020,data/Taylor Swift/evermore.jpg,0.504,0.264,28.8,#7f726b,Steely Dan,Katy Lied,1975,data/Steely Dan/katy_lied.jpg,0.929,Metallica,Metallica,1991,data/Metallica/metallica.jpg,0.132
Taylor Swift,US,Folklore,2020,data/Taylor Swift/folklore.jpg,0.66,0.0,0.0,#a8a8a8,Fleetwood Mac,Bare Trees,1972,data/Fleetwood Mac/bare_trees.jpg,0.979,Steely Dan,Aja,1977,data/Steely Dan/aja.jpg,0.213
Taylor Swift,US,Fearless (Taylor's Version),2021,data/Taylor Swift/fearless_taylors_version.jpg,0.591,0.535,37.4,#96774c,Madonna,Bedtime Stories,1994,data/Madonna/bedtime_stories.jpg,0.917,Pet Shop Boys,Fundamental,2006,data/Pet Shop Boys/fundamental.jpg,0.09
Taylor Swift,US,Red (Taylor's Version),2021,data/Taylor Swift/red_taylors_version.jpg,0.444,0.516,37.8,#705140,Fleetwood Mac,Future Games,1971,data/Fleetwood Mac/future_games.jpg,0.888,Pet Shop Boys,Fundamental,2006,data/Pet Shop Boys/fundamental.jpg,0.153
Taylor Swift,US,Midnights,2022,data/Taylor Swift/midnights.jpg,0.653,0.282,38.9,#a38d8e,Pet Shop Boys,Hotspot,2020,data/Pet Shop Boys/hotspot.jpg,0.91,Steely Dan,Aja,1977,data/Steely Dan/aja.jpg,0.134
Taylor Swift,US,1989 (Taylor's Version),2023,data/Taylor Swift/1989_taylors_version.jpg,0.719,0.268,43.2,#9fa0a1,Coldplay,A Rush of Blood to the Head,2002,data/Coldplay/a_rush_of_blood_to_the_head.jpg,0.969,Pet Shop Boys,Fundamental,2006,data/Pet Shop Boys/fundamental.jpg,0.147
Taylor Swift,US,Speak Now (Taylor's Version),2023,data/Taylor Swift/speak_now_taylors_version.jpg,0.323,0.514,46.9,#502f37,Rod Stewart,Foolish Behaviour,1980,data/Rod Stewart/foolish_behaviour.jpg,0.824,Pet Shop Boys,Fundamental,2006,data/Pet Shop Boys/fundamental.jpg,0.042
Taylor Swift,US,The Tortured Poets Department,2024,data/Taylor Swift/the_tortured_poets_department.jpg,0.795,0.06,7.8,#cac7c0,Taylor Swift,1989,2014,data/Taylor Swift/1989.jpg,0.972,Pet Shop Boys,Fundamental,2006,data/Pet Shop Boys/fundamental.jpg,0.197
Tears for Fears,UK,The Hurting,1983,data/Tears for Fears/the_hurting.jpg,0.875,0.047,14.8,#dddbda,George Michael,Patience,2004,data/George Michael/patience.jpg,0.982,Metallica,Metallica,1991,data/Metallica/metallica.jpg,0.146
Tears for Fears,UK,Songs from the Big Chair,1985,data/Tears for Fears/songs_from_the_big_chair.jpg,0.35,0.151,2.8,#575758,Pet Shop Boys,Actually,1987,data/Pet Shop Boys/actually.jpg,0.776,Steely Dan,Aja,1977,data/Steely Dan/aja.jpg,0.066
Tears for Fears,UK,The Seeds of Love,1989,data/Tears for Fears/the_seeds_of_love.jpg,0.613,0.323,44.6,#8f8578,Fleetwood Mac,Bare Trees,1972,data/Fleetwood Mac/bare_trees.jpg,0.955,Pet Shop Boys,Fundamental,2006,data/Pet Shop Boys/fundamental.jpg,0.156
Tears for Fears,UK,Elemental,1993,data/Tears for Fears/elemental.jpg,0.866,0.09,20.2,#dad8d1,Genesis,Duke,1980,data/Genesis/duke.jpg,0.964,Pet Shop Boys,Fundamental,2006,data/Pet Shop Boys/fundamental.jpg,0.196
Tears for Fears,UK,Raoul and the Kings of Spain,1995,data/Tears for Fears/raoul_and_the_kings_of_spain.jpg,0.701,0.273,26.0,#b2a198,Bob Dylan,Bringing It All Back Home,1965,data/Bob Dylan/bringing_it_all_back_home.jpg,0.959,The Smashing Pumpkins,Aghori Mhori Mei,2024,data/The Smashing Pumpkins/aghori_mhori_mei.jpg,0.149
Tears for Fears,UK,Everybody Loves a Happy Ending,2004,data/Tears for Fears/everybody_loves_a_happy_ending.jpg,0.565,0.516,67.0,#826056,Genesis,Wind & Wuthering,1976,data/Genesis/wind_wuthering.jpg,0.909,Pet Shop Boys,Fundamental,2006,data/Pet Shop Boys/fundamental.jpg,0.153
Tears for Fears,UK,The Tipping Point,2022,data/Tears for Fears/the_tipping_point.jpg,0.672,0.141,16.9,#aaa495,Pink Floyd,The Wall,1979,data/Pink Floyd/the_wall.jpg,0.98,Pet Shop Boys,Fundamental,2006,data/Pet Shop Boys/fundamental.jpg,0.187
The Beach Boys,US,Surfin' Safari,1962,data/The Beach Boys/surfin_safari.jpg,0.722,0.222,38.4,#a0a7ae,R.E.M.,Around the Sun,2004,data/R.E.M./around_the_sun.jpg,0.93,Pet Shop Boys,Fundamental,2006,data/Pet Shop Boys/fundamental.jpg,0.197
The Beach Boys,US,Surfin' U.S.A.,1963,data/The Beach Boys/surfin_u_s_a.jpg,0.574,0.401,44.4,#627d8d,The Who,Who's Next,1971,data/The Who/who_s_next.jpg,0.921,Metallica,Metallica,1991,data/Metallica/metallica.jpg,0.158
The Beach Boys,US,Surfer Girl,1963,data/The Beach Boys/surfer_girl.jpg,0.783,0.228,45.9,#aab4c0,George Michael,Patience,2004,data/George Michael/patience.jpg,0.957,Pet Shop Boys,Fundamental,2006,data/Pet Shop Boys/fundamental.jpg,0.199
The Beach Boys,US,Little Deuce Coupe,1963,data/The Beach Boys/little_deuce_coupe.jpg,0.669,0.304,59.1,#8b95a5,David Bowie,1. Outside,1995,data/David Bowie/1_outside.jpg,0.917,Steely Dan,Aja,1977,data/Steely Dan/aja.jpg,0.154
The Beach Boys,US,Shut Down Volume 2,1964,data/The Beach Boys/shut_down_volume_2.jpg,0.665,0.231,37.6,#9e9590,The Cure,Seventeen Seconds,1980,data/The Cure/seventeen_seconds.jpg,0.954,Steely Dan,Aja,1977,data/Steely Dan/aja.jpg,0.195
The Beach Boys,US,All Summer Long,1964,data/The Beach Boys/all_summer_long.jpg,0.741,0.305,63.7,#a4a5a8,Pet Shop Boys,Hotspot,2020,data/Pet Shop Boys/hotspot.jpg,0.942,Steely Dan,Aja,1977,data/Steely Dan/aja.jpg,0.175
The Beach Boys,US,The Beach Boys Today!,1965,data/The Beach Boys/the_beach_boys_today.jpg,0.327,0.5,50.0,#513e2b,Fleetwood Mac,Then Play On,1969,data/Fleetwood Mac/then_play_on.jpg,0.852,Pink Floyd,The Dark Side of the Moon,1973,data/Pink Floyd/the_dark_side_of_the_moon.jpg,0.157
The Beach Boys,US,Summer Days (And Summer Nights!!),1965,data/The Beach Boys/summer_days_and_summer_nights.jpg,0.727,0.27,55.5,#9fa4a7,Coldplay,A Rush of Blood to the Head,2002,data/Coldplay/a_rush_of_blood_to_the_head.jpg,0.931,Steely Dan,Aja,1977,data/Steely Dan/aja.jpg,0.174
The Beach Boys,US,Pet Sounds,1966,data/The Beach Boys/pet_sounds.jpg,0.603,0.355,55.5,#878666,Beastie Boys,Licensed to Ill,1986,data/Beastie Boys/licensed_to_ill.jpg,0.919,Pet Shop Boys,Fundamental,2006,data/Pet Shop Boys/fundamental.jpg,0.158
The Beach Boys,US,Smiley Smile,1967,data/The Beach Boys/smiley_smile.jpg,0.5,0.302,33.6,#6c7c5d,Fleetwood Mac,Bare Trees,1972,data/Fleetwood Mac/bare_trees.jpg,0.965,Pet Shop Boys,Fundamental,2006,data/Pet Shop Boys/fundamental.jpg,0.166
The Beach Boys,US,Wild Honey,1967,data/The Beach Boys/wild_honey.jpg,0.622,0.327,71.5,#99796c,Genesis,Selling England by the Pound,1973,data/Genesis/selling_england_by_the_pound.jpg,0.919,Metallica,Metallica,1991,data/Metallica/metallica.jpg,0.211
The Beach Boys,US,Friends,1968,data/The Beach Boys/friends.jpg,0.685,0.427,67.4,#8d9879,Pet Shop Boys,Hotspot,2020,data/Pet Shop Boys/hotspot.jpg,0.934,Steely Dan,Aja,1977,data/Steely Dan/aja.jpg,0.21
The Beach Boys,US,20/20,1969,data/The Beach Boys/20_20.jpg,0.464,0.579,85.9,#6e443c,The Smashing Pumpkins,Machina/The Machines of God,2000,data/The Smashing Pumpkins/machina_the_machines_of_god.jpg,0.832,Pet Shop Boys,Fundamental,2006,data/Pet Shop Boys/fundamental.jpg,0.106
The Beach Boys,US,Sunflower,1970,data/The Beach Boys/sunflower.jpg,0.776,0.162,46.4,#bdb6b4,Tom Petty and the Heartbreakers,Southern Accents,1985,data/Tom Petty and the Heartbreakers/southern_accents.jpg,0.953,Steely Dan,Aja,1977,data/Steely Dan/aja.jpg,0.178
The Beach Boys,US,Surf's Up,1971,data/The Beach Boys/surf_s_up.jpg,0.322,0.466,46.6,#2a4d4b,New Order,Movement,1981,data/New Order/movement.jpg,0.907,Pet Shop Boys,Fundamental,2006,data/Pet Shop Boys/fundamental.jpg,0.132
The Beach Boys,US,Holland,1973,data/The Beach Boys/holland.jpg,0.378,0.375,42.0,#5b4643,King Crimson,Starless and Bible Black,1974,data/King Crimson/starless_and_bible_black.jpg,0.877,Pink Floyd,The Dark Side of the Moon,1973,data/Pink Floyd/the_dark_side_of_the_moon.jpg,0.178
The Beatles,UK,Please Please Me,1963,data/The Beatles/please_please_me.jpg,0.678,0.244,73.9,#a59b89,Red Hot Chili Peppers,I'm with You,2011,data/Red Hot Chili Peppers/i_m_with_you.jpg,0.933,Pet Shop Boys,Fundamental,2006,data/Pet Shop Boys/fundamental.jpg,0.181
The Beatles,UK,With The Beatles,1963,data/The Beatles/with_the_beatles.jpg,0.308,0.236,1.8,#4c4d4e,Billy Joel,Streetlife Serenade,1974,data/Billy Joel/streetlife_serenade.jpg,0.733,Steely Dan,Aja,1977,data/Steely Dan/aja.jpg,0.064
The Beatles,UK,A Hard Day's Night,1964,data/The Beatles/a_hard_day_s_night.jpg,0.551,0.294,58.3,#6a788a,Elton John,Blue Moves,1976,data/Elton John/blue_moves.jpg,0.902,Steely Dan,Aja,1977,data/Steely Dan/aja.jpg,0.139
The Beatles,UK,Beatles for Sale,1964,data/The Beatles/beatles_for_sale.jpg,0.563,0.442,64.6,#887b5a,Queen,The Works,1984,data/Queen/the_works.jpg,0.865,The Smashing Pumpkins,Aghori Mhori Mei,2024,data/The Smashing Pumpkins/aghori_mhori_mei.jpg,0.171
The Beatles,UK,Help!,1965,data/The Beatles/help.jpg,0.918,0.126,45.4,#dae3e8,The Cure,Faith,1981,data/The Cure/faith.jpg,0.971,Pet Shop Boys,Fundamental,2006,data/Pet Shop Boys/fundamental.jpg,0.16
The Beatles,UK,Rubber Soul,1965,data/The Beatles/rubber_soul.jpg,0.294,0.718,59.3,#393b26,King Crimson,Starless and Bible Black,1974,data/King Crimson/starless_and_bible_black.jpg,0.715,Pink Floyd,The Dark Side of the Moon,1973,data/Pink Floyd/the_dark_side_of_the_moon.jpg,0.133
The Beatles,UK,Revolver,1966,data/The Beatles/revolver.jpg,0.724,0.007,0.4,#b8b8b8,Pet Shop Boys,Please,1986,data/Pet Shop Boys/please.jpg,0.962,Pet Shop Boys,Fundamental,2006,data/Pet Shop Boys/fundamental.jpg,0.13
The Beatles,UK,Sgt. Pepper's Lonely Hearts Club Band,1967,data/The Beatles/sgt_pepper_s_lonely_hearts_club_band.jpg,0.549,0.354,63.2,#7a7069,Pet Shop Boys,Hotspot,2020,data/Pet Shop Boys/hotspot.jpg,0.932,Metallica,Metallica,1991,data/Metallica/metallica.jpg,0.227
The Beatles,UK,Magical Mystery Tour,1967,data/The Beatles/magical_mystery_tour.jpg,0.837,0.563,114.6,#bba67c,Fleetwood Mac,Future Games,1971,data/Fleetwood Mac/future_games.jpg,0.941,Pet Shop Boys,Fundamental,2006,data/Pet Shop Boys/fundamental.jpg,0.157
The Beatles,UK,The Beatles,1968,data/The Beatles/the_beatles.jpg,0.999,0.0,0.9,#fefefe,Foo Fighters,But Here We Are,2023,data/Foo Fighters/but_here_we_are.jpg,1.0,Pet Shop Boys,Fundamental,2006,data/Pet Shop Boys/fundamental.jpg,0.174
The Beatles,UK,Yellow Submarine,1969,data/The Beatles/yellow_submarine.jpg,0.704,0.345,79.2,#999d95,Pet Shop Boys,Hotspot,2020,data/Pet Shop Boys/hotspot.jpg,0.941,Steely Dan,Aja,1977,data/Steely Dan/aja.jpg,0.189
The Beatles,UK,Abbey Road,1969,data/The Beatles/abbey_road.jpg,0.454,0.312,29.4,#5c6c6b,R.E.M.,Lifes Rich Pageant,1986,data/R.E.M./lifes_rich_pageant.jpg,0.857,Pet Shop Boys,Fundamental,2006,data/Pet Shop Boys/fundamental.jpg,0.063
The Beatles,UK,Let It Be,1970,data/The Beatles/let_it_be.jpg,0.3,0.236,42.1,#493e39,Elton John,Empty Sky,1969,data/Elton John/empty_sky.jpg,0.756,Pet Shop Boys,Fundamental,2006,data/Pet Shop Boys/fundamental.jpg,0.019
The Clash,UK,The Clash,1977,data/The Clash/the_clash.jpg,0.335,0.341,34.9,#534d4a,The Who,Who's Next,1971,data/The Who/who_s_next.jpg,0.786,The Smashing Pumpkins,Aghori Mhori Mei,2024,data/The Smashing Pumpkins/aghori_mhori_mei.jpg,0.141
The Clash,UK,Give 'Em Enough Rope,1978,data/The Clash/give_em_enough_rope.jpg,0.599,0.771,113.0,#816a39,Taylor Swift,Fearless (Taylor's Version),2021,data/Taylor Swift/fearless_taylors_version.jpg,0.841,Pet Shop Boys,Fundamental,2006,data/Pet Shop Boys/fundamental.jpg,0.069
The Clash,UK,London Calling,1979,data/The Clash/london_calling.jpg,0.533,0.234,49.8,#7c7c6f,Taylor Swift,Folklore,2020,data/Taylor Swift/folklore.jpg,0.905,Pet Shop Boys,Fundamental,2006,data/Pet Shop Boys/fundamental.jpg,0.234
The Clash,UK,Sandinista!,1980,data/The Clash/sandinista.jpg,0.373,0.33,40.6,#5e5351,Oasis,(What's the Story) Morning Glory?,1995,data/Oasis/what_s_the_story_morning_glory.jpg,0.805,Pet Shop Boys,Fundamental,2006,data/Pet Shop Boys/fundamental.jpg,0.061
The Clash,UK,Combat Rock,1982,data/The Clash/combat_rock.jpg,0.53,0.267,33.1,#857b6a,Pet Shop Boys,Hotspot,2020,data/Pet Shop Boys/hotspot.jpg,0.936,Metallica,Metallica,1991,data/Metallica/metallica.jpg,0.148
The Clash,UK,Cut the Crap,1985,data/The Clash/cut_the_crap.jpg,0.507,0.388,55.7,#815f5b,Pet Shop Boys,Hotspot,2020,data/Pet Shop Boys/hotspot.jpg,0.937,Steely Dan,Aja,1977,data/Steely Dan/aja.jpg,0.185
The Cure,UK,Three Imaginary Boys,1979,data/The Cure/three_imaginary_boys.jpg,0.779,0.365,64.7,#c6819e,Foo Fighters,But Here We Are,2023,data/Foo Fighters/but_here_we_are.jpg,0.956,Pet Shop Boys,Fundamental,2006,data/Pet Shop Boys/fundamental.jpg,0.15
The Cure,UK,Seventeen Seconds,1980,data/The Cure/seventeen_seconds.jpg,0.863,0.078,18.6,#d7d2d6,Fleetwood Mac,Bare Trees,1972,data/Fleetwood Mac/bare_trees.jpg,0.977,Pet Shop Boys,Fundamental,2006,data/Pet Shop Boys/fundamental.jpg,0.171
The Cure,UK,Faith,1981,data/The Cure/faith.jpg,0.893,0.011,1.9,#e1e2e3,Foo Fighters,But Here We Are,2023,data/Foo Fighters/but_here_we_are.jpg,0.998,Pet Shop Boys,Fundamental,2006,data/Pet Shop Boys/fundamental.jpg,0.178
The Cure,UK,Pornography,1982,data/The Cure/pornography.jpg,0.457,0.458,66.7,#743e39,Rod Stewart,Gasoline Alley,1970,data/Rod Stewart/gasoline_alley.jpg,0.854,Pet Shop Boys,Fundamental,2006,data/Pet Shop Boys/fundamental.jpg,0.017
The Cure,UK,The Top,1984,data/The Cure/the_top.jpg,0.688,0.575,99.1,#9e725d,"Earth, Wind & Fire",All 'n All,1977,"data/Earth, Wind & Fire/all_n_all.jpg",0.897,Pet Shop Boys,Fundamental,2006,data/Pet Shop Boys/fundamental.jpg,0.087
The Cure,UK,The Head on the Door,1985,data/The Cure/the_head_on_the_door.jpg,0.414,0.278,31.8,#68604f,David Bowie,Hunky Dory,1971,data/David Bowie/hunky_dory.jpg,0.827,Pet Shop Boys,Fundamental,2006,data/Pet Shop Boys/fundamental.jpg,0.134
The Cure,UK,"Kiss Me, Kiss Me, Kiss Me",1987,data/The Cure/kiss_me_kiss_me_kiss_me.jpg,0.688,0.815,92.2,#af3826,Talking Heads,Talking Heads: 77,1977,data/Talking Heads/talking_heads_77.jpg,0.893,Pink Floyd,The Dark Side of the Moon,1973,data/Pink Floyd/the_dark_side_of_the_moon.jpg,0.137
The Cure,UK,Disintegration,1989,data/The Cure/disintegration.jpg,0.298,0.249,15.5,#49443f,The Smiths,The Smiths,1984,data/The Smiths/the_smiths.jpg,0.772,Steely Dan,Aja,1977,data/Steely Dan/aja.jpg,0.143
The Cure,UK,Wish,1992,data/The Cure/wish.jpg,0.666,0.779,119.4,#8c3143,Kanye West,My Beautiful Dark Twisted Fantasy,2010,data/Kanye West/my_beautiful_dark_twisted_fantasy.jpg,0.868,Pet Shop Boys,Fundamental,2006,data/Pet Shop Boys/fundamental.jpg,0.118
The Cure,UK,Wild Mood Swings,1996,data/The Cure/wild_mood_swings.jpg,0.754,0.628,127.2,#aea052,Bob Dylan,Blood on the Tracks,1975,data/Bob Dylan/blood_on_the_tracks.jpg,0.871,Pet Shop Boys,Fundamental,2006,data/Pet Shop Boys/fundamental.jpg,0.142
The Cure,UK,Bloodflowers,2000,data/The Cure/bloodflowers.jpg,0.675,0.16,50.6,#a89ca1,Yes,Relayer,1974,data/Yes/relayer.jpg,0.871,Pet Shop Boys,Fundamental,2006,data/Pet Shop Boys/fundamental.jpg,0.188
The Cure,UK,The Cure,2004,data/The Cure/the_cure.jpg,0.863,0.092,30.8,#d1d2d8,The Beatles,The Beatles,1968,data/The Beatles/the_beatles.jpg,0.972,Pet Shop Boys,Fundamental,2006,data/Pet Shop Boys/fundamental.jpg,0.171
The Cure,UK,4:13 Dream,2008,data/The Cure/4_13_dream.jpg,0.705,0.36,65.0,#a4a38b,Weezer,OK Human,2021,data/Weezer/ok_human.jpg,0.903,Pet Shop Boys,Fundamental,2006,data/Pet Shop Boys/fundamental.jpg,0.151
The Cure,UK,Songs of a Lost World,2024,data/The Cure/songs_of_a_lost_world.jpg,0.263,0.0,0.0,#424242,Yes,Fragile,1971,data/Yes/fragile.jpg,0.85,Pet Shop Boys,Fundamental,2006,data/Pet Shop Boys/fundamental.jpg,0.044
The Doors,US,The Doors,1967,data/The Doors/the_doors.jpg,0.23,0.368,36.4,#392f28,Billy Joel,The Stranger,1977,data/Billy Joel/the_stranger.jpg,0.709,Steely Dan,Aja,1977,data/Steely Dan/aja.jpg,0.064
The Doors,US,Strange Days,1967,data/The Doors/strange_days.jpg,0.331,0.246,16.6,#4b4c4a,King Crimson,Starless and Bible Black,1974,data/King Crimson/starless_and_bible_black.jpg,0.888,Pink Floyd,The Dark Side of the Moon,1973,data/Pink Floyd/the_dark_side_of_the_moon.jpg,0.158
The Doors,US,Waiting for the Sun,1968,data/The Doors/waiting_for_the_sun.jpg,0.619,0.223,33.8,#9d9085,The Who,Who's Next,1971,data/The Who/who_s_next.jpg,0.911,Pink Floyd,The Dark Side of the Moon,1973,data/Pink Floyd/the_dark_side_of_the_moon.jpg,0.204
The Doors,US,The Soft Parade,1969,data/The Doors/the_soft_parade.jpg,0.171,0.842,53.1,#0b1e27,Queen,Made in Heaven,1995,data/Queen/made_in_heaven.jpg,0.727,Pet Shop Boys,Fundamental,2006,data/Pet Shop Boys/fundamental.jpg,0.08
The Doors,US,Morrison Hotel,1970,data/The Doors/morrison_hotel.jpg,0.514,0.632,76.2,#824535,Pet Shop Boys,Very,1993,data/Pet Shop Boys/very.jpg,0.9,Pet Shop Boys,Fundamental,2006,data/Pet Shop Boys/fundamental.jpg,0.168
The Doors,US,L.A. Woman,1971,data/The Doors/l_a_woman.jpg,0.321,0.53,91.2,#512a1a,Def Leppard,Songs from the Sparkle Lounge,2008,data/Def Leppard/songs_from_the_sparkle_lounge.jpg,0.76,Pet Shop Boys,Fundamental,2006,data/Pet Shop Boys/fundamental.jpg,0.056
The Kinks,UK,Kinks,1964,data/The Kinks/kinks.jpg,0.661,0.389,68.0,#a87e7e,The Kinks,Kinda Kinks,1965,data/The Kinks/kinda_kinks.jpg,0.96,Pet Shop Boys,Fundamental,2006,data/Pet Shop Boys/fundamental.jpg,0.148
The Kinks,UK,Kinda Kinks,1965,data/The Kinks/kinda_kinks.jpg,0.601,0.182,39.9,#968b8d,The Kinks,Kinks,1964,data/The Kinks/kinks.jpg,0.96,The Smashing Pumpkins,Aghori Mhori Mei,2024,data/The Smashing Pumpkins/aghori_mhori_mei.jpg,0.11
The Kinks,UK,The Kink Kontroversy,1965,data/The Kinks/the_kink_kontroversy.jpg,0.812,0.168,44.7,#cfbfb5,Kate Bush,Hounds of Love,1985,data/Kate Bush/hounds_of_love.jpg,0.965,The Smashing Pumpkins,Aghori Mhori Mei,2024,data/The Smashing Pumpkins/aghori_mhori_mei.jpg,0.168
The Kinks,UK,Face to Face,1966,data/The Kinks/face_to_face.jpg,0.795,0.427,97.9,#c29b8b,Taylor Swift,1989,2014,data/Taylor Swift/1989.jpg,0.912,Pet Shop Boys,Fundamental,2006,data/Pet Shop Boys/fundamental.jpg,0.143
The Kinks,UK,Something Else by The Kinks,1967,data/The Kinks/something_else_by_the_kinks.jpg,0.606,0.172,24.7,#97938e,Queen,Innuendo,1991,data/Queen/innuendo.jpg,0.961,Steely Dan,Aja,1977,data/Steely Dan/aja.jpg,0.151
The Kinks,UK,The Kinks Are the Village Green Preservation Society,1968,data/The Kinks/the_kinks_are_the_village_green_preservation_society.jpg,0.443,0.663,83.9,#70382b,Genesis,...And Then There Were Three...,1978,data/Genesis/and_then_there_were_three.jpg,0.823,Pet Shop Boys,Fundamental,2006,data/Pet Shop Boys/fundamental.jpg,0.079
The Kinks,UK,Arthur,1969,data/The Kinks/arthur.jpg,0.603,0.471,47.5,#787e73,Taylor Swift,The Tortured Poets Department,2024,data/Taylor Swift/the_tortured_poets_department.jpg,0.942,Pet Shop Boys,Fundamental,2006,data/Pet Shop Boys/fundamental.jpg,0.18
The Kinks,UK,"Lola Versus Powerman and the Moneygoround, Part One",1970,data/The Kinks/lola_versus_powerman_and_the_moneygoround_part_one.jpg,0.906,0.053,8.4,#e6e5df,Pet Shop Boys,Please,1986,data/Pet Shop Boys/please.jpg,0.989,Pet Shop Boys,Fundamental,2006,data/Pet Shop Boys/fundamental.jpg,0.186
The Kinks,UK,Muswell Hillbillies,1971,data/The Kinks/muswell_hillbillies.jpg,0.413,0.45,44.8,#68483e,Stevie Wonder,Innervisions,1973,data/Stevie Wonder/innervisions.jpg,0.871,Pet Shop Boys,Fundamental,2006,data/Pet Shop Boys/fundamental.jpg,0.112
The Notorious B.I.G.,US,Ready to Die,1994,data/The Notorious B.I.G./ready_to_die.jpg,0.955,0.034,18.2,#f3f1f0,Elton John,Too Low for Zero,1983,data/Elton John/too_low_for_zero.jpg,0.986,Steely Dan,Aja,1977,data/Steely Dan/aja.jpg,0.179
The Notorious B.I.G.,US,Life After Death,1997,data/The Notorious B.I.G./life_after_death.jpg,0.488,0.232,25.0,#7c6d6a,Red Hot Chili Peppers,Freaky Styley,1985,data/Red Hot Chili Peppers/freaky_styley.jpg,0.924,Pet Shop Boys,Fundamental,2006,data/Pet Shop Boys/fundamental.jpg,0.147
The Police,UK,Outlandos d'Amour,1978,data/The Police/outlandos_d_amour.jpg,0.31,0.678,62.7,#4e3734,Radiohead,Kid A,2000,data/Radiohead/kid_a.jpg,0.718,Pet Shop Boys,Fundamental,2006,data/Pet Shop Boys/fundamental.jpg,0.123
The Police,UK,Reggatta de Blanc,1979,data/The Police/reggatta_de_blanc.jpg,0.444,0.55,36.5,#406671,Eagles,Eagles,1972,data/Eagles/eagles.jpg,0.843,Pet Shop Boys,Fundamental,2006,data/Pet Shop Boys/fundamental.jpg,0.176
The Police,UK,Zenyatta Mondatta,1980,data/The Police/zenyatta_mondatta.jpg,0.617,0.543,98.5,#8b5a4c,Muse,Will of the People,2022,data/Muse/will_of_the_people.jpg,0.88,Steely Dan,Aja,1977,data/Steely Dan/aja.jpg,0.155
The Police,UK,Ghost in the Machine,1981,data/The Police/ghost_in_the_machine.jpg,0.066,0.121,55.6,#100405,Coldplay,Parachutes,2000,data/Coldplay/parachutes.jpg,0.471,Pet Shop Boys,Fundamental,2006,data/Pet Shop Boys/fundamental.jpg,0.06
The Police,UK,Synchronicity,1983,data/The Police/synchronicity.jpg,0.595,0.448,88.6,#857d75,Taylor Swift,The Tortured Poets Department,2024,data/Taylor Swift/the_tortured_poets_department.jpg,0.838,Steely Dan,Aja,1977,data/Steely Dan/aja.jpg,0.172
The Prodigy,UK,Experience,1992,data/The Prodigy/experience.jpg,0.844,0.0,0.0,#d7d7d7,"Earth, Wind & Fire",Head to the Sky,1973,"data/Earth, Wind & Fire/head_to_the_sky.jpg",0.969,Pink Floyd,The Dark Side of the Moon,1973,data/Pink Floyd/the_dark_side_of_the_moon.jpg,0.175
The Prodigy,UK,Music for the Jilted Generation,1994,data/The Prodigy/music_for_the_jilted_generation.jpg,0.362,0.0,0.0,#5c5c5c,Pet Shop Boys,Elysium,2012,data/Pet Shop Boys/elysium.jpg,0.901,Pet Shop Boys,Fundamental,2006,data/Pet Shop Boys/fundamental.jpg,0.157
The Prodigy,UK,The Fat of the Land,1997,data/The Prodigy/the_fat_of_the_land.jpg,0.576,0.387,71.2,#67807f,George Michael,Patience,2004,data/George Michael/patience.jpg,0.912,Pet Shop Boys,Fundamental,2006,data/Pet Shop Boys/fundamental.jpg,0.106
The Prodigy,UK,"Always Outnumbered, Never Outgunned",2004,data/The Prodigy/always_outnumbered_never_outgunned.jpg,0.838,0.288,72.2,#d4bbad,David Bowie,Aladdin Sane,1973,data/David Bowie/aladdin_sane.jpg,0.947,Pet Shop Boys,Fundamental,2006,data/Pet Shop Boys/fundamental.jpg,0.201
The Prodigy,UK,Invaders Must Die,2009,data/The Prodigy/invaders_must_die.jpg,0.531,0.187,31.5,#877f7b,Metallica,Hardwired... to Self-Destruct,2016,data/Metallica/hardwired_to_self_destruct.jpg,0.888,The Smashing Pumpkins,Aghori Mhori Mei,2024,data/The Smashing Pumpkins/aghori_mhori_mei.jpg,0.103
The Prodigy,UK,The Day Is My Enemy,2015,data/The Prodigy/the_day_is_my_enemy.jpg,0.507,0.585,114.9,#814c1e,The Police,Zenyatta Mondatta,1980,data/The Police/zenyatta_mondatta.jpg,0.817,Beyoncé,Renaissance,2022,data/Beyoncé/renaissance.jpg,0.105
The Prodigy,UK,No Tourists,2018,data/The Prodigy/no_tourists.jpg,0.082,0.312,27.3,#0d0c14,Kendrick Lamar,DAMN.,2017,data/Kendrick Lamar/damn.jpg,0.589,Pet Shop Boys,Fundamental,2006,data/Pet Shop Boys/fundamental.jpg,0.047
The Rolling Stones,UK,The Rolling Stones,1964,data/The Rolling Stones/the_rolling_stones.jpg,0.217,0.547,21.8,#233034,Aretha Franklin,Spirit in the Dark,1970,data/Aretha Franklin/spirit_in_the_dark.jpg,0.774,Pet Shop Boys,Fundamental,2006,data/Pet Shop Boys/fundamental.jpg,0.071
The Rolling Stones,UK,The Rolling Stones No. 2,1965,data/The Rolling Stones/the_rolling_stones_no_2.jpg,0.215,0.105,25.3,#352f2e,Foo Fighters,But Here We Are,2023,data/Foo Fighters/but_here_we_are.jpg,0.888,Pet Shop Boys,Fundamental,2006,data/Pet Shop Boys/fundamental.jpg,0.159
The Rolling Stones,UK,Out of Our Heads,1965,data/The Rolling Stones/out_of_our_heads.jpg,0.352,0.171,31.4,#554e4a,A Tribe Called Quest,The Love Movement,1998,data/A Tribe Called Quest/the_love_movement.jpg,0.851,Pet Shop Boys,Fundamental,2006,data/Pet Shop Boys/fundamental.jpg,0.163
The Rolling Stones,UK,Aftermath,1966,data/The Rolling Stones/aftermath.jpg,0.367,0.394,55.3,#424c56,Electric Light Orchestra,Time,1981,data/Electric Light Orchestra/time.jpg,0.817,Steely Dan,Aja,1977,data/Steely Dan/aja.jpg,0.144
The Rolling Stones,UK,Between the Buttons,1967,data/The Rolling Stones/between_the_buttons.jpg,0.463,0.552,66.2,#44656f,Kanye West,Ye,2018,data/Kanye West/ye.jpg,0.909,Steely Dan,Aja,1977,data/Steely Dan/aja.jpg,0.144
The Rolling Stones,UK,Their Satanic Majesties Request,1967,data/The Rolling Stones/their_satanic_majesties_request.jpg,0.77,0.404,66.8,#939aab,Pink Floyd,Wish You Were Here,1975,data/Pink Floyd/wish_you_were_here.jpg,0.952,Steely Dan,Aja,1977,data/Steely Dan/aja.jpg,0.166
The Rolling Stones,UK,Beggars Banquet,1968,data/The Rolling Stones/beggars_banquet.jpg,0.648,0.551,60.8,#a47447,Rod Stewart,An Old Raincoat Won't Ever Let You Down,1969,data/Rod Stewart/an_old_raincoat_wont_ever_let_you_down.jpg,0.957,Pet Shop Boys,Fundamental,2006,data/Pet Shop Boys/fundamental.jpg,0.161
The Rolling Stones,UK,Let It Bleed,1969,data/The Rolling Stones/let_it_bleed.jpg,0.725,0.231,45.0,#b8a38d,Queen,Innuendo,1991,data/Queen/innuendo.jpg,0.952,Steely Dan,Aja,1977,data/Steely Dan/aja.jpg,0.167
The Rolling Stones,UK,Sticky Fingers,1971,data/The Rolling Stones/sticky_fingers.jpg,0.268,0.026,32.0,#443f3f,Bon Jovi,New Jersey,1988,data/Bon Jovi/new_jersey.jpg,0.748,Beyoncé,Renaissance,2022,data/Beyoncé/renaissance.jpg,0.074
The Rolling Stones,UK,Exile on Main St.,1972,data/The Rolling Stones/exile_on_main_st.jpg,0.49,0.201,16.9,#7b7270,The Cure,Faith,1981,data/The Cure/faith.jpg,0.893,Pet Shop Boys,Fundamental,2006,data/Pet Shop Boys/fundamental.jpg,0.161
The Rolling Stones,UK,Goats Head Soup,1973,data/The Rolling Stones/goats_head_soup.jpg,0.774,0.596,60.6,#c5934f,Rod Stewart,An Old Raincoat Won't Ever Let You Down,1969,data/Rod Stewart/an_old_raincoat_wont_ever_let_you_down.jpg,0.974,Pet Shop Boys,Fundamental,2006,data/Pet Shop Boys/fundamental.jpg,0.155
The Rolling Stones,UK,It's Only Rock 'n Roll,1974,data/The Rolling Stones/it_s_only_rock_n_roll.jpg,0.613,0.342,56.0,#9b7462,Fleetwood Mac,Future Games,1971,data/Fleetwood Mac/future_games.jpg,0.967,Pet Shop Boys,Fundamental,2006,data/Pet Shop Boys/fundamental.jpg,0.159
The Rolling Stones,UK,Black and Blue,1976,data/The Rolling Stones/black_and_blue.jpg,0.559,0.276,48.5,#857369,Genesis,We Can't Dance,1991,data/Genesis/we_can_t_dance.jpg,0.908,Steely Dan,Aja,1977,data/Steely Dan/aja.jpg,0.164
The Rolling Stones,UK,Some Girls,1978,data/The Rolling Stones/some_girls.jpg,0.59,0.163,52.6,#8e8b88,The Beatles,The Beatles,1968,data/The Beatles/the_beatles.jpg,0.905,Pet Shop Boys,Fundamental,2006,data/Pet Shop Boys/fundamental.jpg,0.12
The Rolling Stones,UK,Emotional Rescue,1980,data/The Rolling Stones/emotional_rescue.jpg,0.589,0.195,21.0,#7f8095,Massive Attack,100th Window,2003,data/Massive Attack/100th_window.jpg,0.94,Pet Shop Boys,Fundamental,2006,data/Pet Shop Boys/fundamental.jpg,0.139
The Rolling Stones,UK,Tattoo You,1981,data/The Rolling Stones/tattoo_you.jpg,0.535,0.562,119.6,#82414d,The Cure,Three Imaginary Boys,1979,data/The Cure/three_imaginary_boys.jpg,0.843,Pet Shop Boys,Fundamental,2006,data/Pet Shop Boys/fundamental.jpg,0.137
The Rolling Stones,UK,Undercover,1983,data/The Rolling Stones/undercover.jpg,0.553,0.548,81.8,#53727f,Massive Attack,100th Window,2003,data/Massive Attack/100th_window.jpg,0.906,Pet Shop Boys,Fundamental,2006,data/Pet Shop Boys/fundamental.jpg,0.145
The Rolling Stones,UK,Dirty Work,1986,data/The Rolling Stones/dirty_work.jpg,0.534,0.663,92.8,#5c4e57,Fleetwood Mac,Bare Trees,1972,data/Fleetwood Mac/bare_trees.jpg,0.84,Pet Shop Boys,Fundamental,2006,data/Pet Shop Boys/fundamental.jpg,0.139
The Rolling Stones,UK,Steel Wheels,1989,data/The Rolling Stones/steel_wheels.jpg,0.332,0.444,25.7,#3f4c54,Foo Fighters,But Here We Are,2023,data/Foo Fighters/but_here_we_are.jpg,0.895,Pet Shop Boys,Fundamental,2006,data/Pet Shop Boys/fundamental.jpg,0.142
The Rolling Stones,UK,Voodoo Lounge,1994,data/The Rolling Stones/voodoo_lounge.jpg,0.657,0.34,91.1,#a19a85,Genesis,Wind & Wuthering,1976,data/Genesis/wind_wuthering.jpg,0.876,Pet Shop Boys,Fundamental,2006,data/Pet Shop Boys/fundamental.jpg,0.048
The Rolling Stones,UK,Bridges to Babylon,1997,data/The Rolling Stones/bridges_to_babylon.jpg,0.546,0.239,30.8,#788086,Pet Shop Boys,Elysium,2012,data/Pet Shop Boys/elysium.jpg,0.956,Pet Shop Boys,Fundamental,2006,data/Pet Shop Boys/fundamental.jpg,0.18
The Rolling Stones,UK,A Bigger Bang,2005,data/The Rolling Stones/a_bigger_bang.jpg,0.16,0.406,20.3,#211f24,Deep Purple,Perfect Strangers,1984,data/Deep Purple/perfect_strangers.jpg,0.816,Pet Shop Boys,Fundamental,2006,data/Pet Shop Boys/fundamental.jpg,0.035
The Rolling Stones,UK,Blue & Lonesome,2016,data/The Rolling Stones/blue_lonesome.jpg,0.891,0.915,163.4,#3915d9,King Crimson,Beat,1982,data/King Crimson/beat.jpg,0.815,Pet Shop Boys,Fundamental,2006,data/Pet Shop Boys/fundamental.jpg,0.161
The Rolling Stones,UK,Hackney Diamonds,2023,data/The Rolling Stones/hackney_diamonds.jpg,0.518,0.475,75.6,#83454b,The Cure,Seventeen Seconds,1980,data/The Cure/seventeen_seconds.jpg,0.871,Pet Shop Boys,Fundamental,2006,data/Pet Shop Boys/fundamental.jpg,0.083
The Smashing Pumpkins,US,Gish,1991,data/The Smashing Pumpkins/gish.jpg,0.291,0.151,27.8,#473e42,Kate Bush,50 Words for Snow,2011,data/Kate Bush/50_words_for_snow.jpg,0.88,Pet Shop Boys,Fundamental,2006,data/Pet Shop Boys/fundamental.jpg,0.089
The Smashing Pumpkins,US,Siamese Dream,1993,data/The Smashing Pumpkins/siamese_dream.jpg,0.73,0.588,92.1,#ae577a,"Earth, Wind & Fire",Spirit,1976,"data/Earth, Wind & Fire/spirit.jpg",0.924,Pet Shop Boys,Fundamental,2006,data/Pet Shop Boys/fundamental.jpg,0.142
The Smashing Pumpkins,US,Mellon Collie and the Infinite Sadness,1995,data/The Smashing Pumpkins/mellon_collie_and_the_infinite_sadness.jpg,0.499,0.457,50.8,#596367,Elton John,Too Low for Zero,1983,data/Elton John/too_low_for_zero.jpg,0.94,Pet Shop Boys,Fundamental,2006,data/Pet Shop Boys/fundamental.jpg,0.162
The Smashing Pumpkins,US,Adore,1998,data/The Smashing Pumpkins/adore.jpg,0.203,0.099,4.0,#333030,The Smiths,The Queen Is Dead,1986,data/The Smiths/the_queen_is_dead.jpg,0.829,Pet Shop Boys,Fundamental,2006,data/Pet Shop Boys/fundamental.jpg,0.135
The Smashing Pumpkins,US,Machina/The Machines of God,2000,data/The Smashing Pumpkins/machina_the_machines_of_god.jpg,0.409,0.549,58.2,#68452b,King Crimson,Larks' Tongues in Aspic,1973,data/King Crimson/larks_tongues_in_aspic.jpg,0.898,Pet Shop Boys,Fundamental,2006,data/Pet Shop Boys/fundamental.jpg,0.159
The Smashing Pumpkins,US,Zeitgeist,2007,data/The Smashing Pumpkins/zeitgeist.jpg,0.437,0.243,21.3,#6e615e,Kate Bush,50 Words for Snow,2011,data/Kate Bush/50_words_for_snow.jpg,0.872,Pet Shop Boys,Fundamental,2006,data/Pet Shop Boys/fundamental.jpg,0.145
The Smashing Pumpkins,US,Oceania,2012,data/The Smashing Pumpkins/oceania.jpg,0.543,0.697,74.8,#2b7885,King Crimson,Beat,1982,data/King Crimson/beat.jpg,0.935,Pet Shop Boys,Fundamental,2006,data/Pet Shop Boys/fundamental.jpg,0.13
The Smashing Pumpkins,US,Cyr,2020,data/The Smashing Pumpkins/cyr.jpg,0.353,0.158,14.7,#585253,Mariah Carey,Mariah Carey,1990,data/Mariah Carey/mariah_carey.jpg,0.843,Pet Shop Boys,Fundamental,2006,data/Pet Shop Boys/fundamental.jpg,0.009
The Smashing Pumpkins,US,Atum: A Rock Opera in Three Acts,2023,data/The Smashing Pumpkins/atum_a_rock_opera_in_three_acts.jpg,0.435,0.62,72.3,#1d436d,King Crimson,Beat,1982,data/King Crimson/beat.jpg,0.915,Pet Shop Boys,Fundamental,2006,data/Pet Shop Boys/fundamental.jpg,0.082
The Smashing Pumpkins,US,Aghori Mhori Mei,2024,data/The Smashing Pumpkins/aghori_mhori_mei.jpg,0.057,0.002,0.6,#0e0e0e,Coldplay,Parachutes,2000,data/Coldplay/parachutes.jpg,0.531,Pet Shop Boys,Fundamental,2006,data/Pet Shop Boys/fundamental.jpg,0.025
The Smiths,UK,The Smiths,1984,data/The Smiths/the_smiths.jpg,0.575,0.363,34.8,#8b6a85,Green Day,Dookie,1994,data/Green Day/dookie.jpg,0.893,Pet Shop Boys,Fundamental,2006,data/Pet Shop Boys/fundamental.jpg,0.137
The Smiths,UK,Meat Is Murder,1985,data/The Smiths/meat_is_murder.jpg,0.712,0.252,31.2,#b1a89c,David Bowie,1. Outside,1995,data/David Bowie/1_outside.jpg,0.945,Steely Dan,Aja,1977,data/Steely Dan/aja.jpg,0.17
The Smiths,UK,The Queen Is Dead,1986,data/The Smiths/the_queen_is_dead.jpg,0.332,0.204,9.2,#455448,Fleetwood Mac,Bare Trees,1972,data/Fleetwood Mac/bare_trees.jpg,0.95,Pet Shop Boys,Fundamental,2006,data/Pet Shop Boys/fundamental.jpg,0.16
The Smiths,UK,"Strangeways, Here We Come",1987,data/The Smiths/strangeways_here_we_come.jpg,0.799,0.145,19.3,#cbc2b1,Deep Purple,=1,2024,data/Deep Purple/1.jpg,0.988,Pet Shop Boys,Fundamental,2006,data/Pet Shop Boys/fundamental.jpg,0.14
The Velvet Underground,US,The Velvet Underground & Nico,1967,data/The Velvet Underground/the_velvet_underground_nico.jpg,0.912,0.165,70.6,#e8e5ce,Fleetwood Mac,Bare Trees,1972,data/Fleetwood Mac/bare_trees.jpg,0.959,Pet Shop Boys,Fundamental,2006,data/Pet Shop Boys/fundamental.jpg,0.187
The Velvet Underground,US,White Light/White Heat,1968,data/The Velvet Underground/white_light_white_heat.jpg,0.128,0.472,6.7,#121f20,Pet Shop Boys,Electric,2013,data/Pet Shop Boys/electric.jpg,0.929,Pet Shop Boys,Fundamental,2006,data/Pet Shop Boys/fundamental.jpg,0.203
The Velvet Underground,US,The Velvet Underground,1969,data/The Velvet Underground/the_velvet_underground.jpg,0.262,0.115,2.1,#3d3e42,Weezer,Pacific Daydream,2017,data/Weezer/pacific_daydream.jpg,0.839,Pet Shop Boys,Fundamental,2006,data/Pet Shop Boys/fundamental.jpg,0.079
The Velvet Underground,US,Loaded,1970,data/The Velvet Underground/loaded.jpg,0.753,0.166,48.4,#bfaaa7,Fleetwood Mac,Bare Trees,1972,data/Fleetwood Mac/bare_trees.jpg,0.937,Metallica,Metallica,1991,data/Metallica/metallica.jpg,0.182
The Who,UK,My Generation,1965,data/The Who/my_generation.jpg,0.583,0.244,61.1,#848186,The Kinks,Something Else by The Kinks,1967,data/The Kinks/something_else_by_the_kinks.jpg,0.9,Steely Dan,Aja,1977,data/Steely Dan/aja.jpg,0.116
The Who,UK,A Quick One,1966,data/The Who/a_quick_one.jpg,0.261,0.445,43.6,#382d32,Electric Light Orchestra,A New World Record,1976,data/Electric Light Orchestra/a_new_world_record.jpg,0.815,Pet Shop Boys,Fundamental,2006,data/Pet Shop Boys/fundamental.jpg,0.085
The Who,UK,The Who Sell Out,1967,data/The Who/the_who_sell_out.jpg,0.82,0.258,65.9,#d0ae9e,Madonna,Bedtime Stories,1994,data/Madonna/bedtime_stories.jpg,0.964,Pet Shop Boys,Fundamental,2006,data/Pet Shop Boys/fundamental.jpg,0.122
The Who,UK,Tommy,1969,data/The Who/tommy.jpg,0.587,0.581,78.8,#397f94,King Crimson,Beat,1982,data/King Crimson/beat.jpg,0.889,Pet Shop Boys,Fundamental,2006,data/Pet Shop Boys/fundamental.jpg,0.111
The Who,UK,Who's Next,1971,data/The Who/who_s_next.jpg,0.569,0.094,11.9,#8a888e,Pet Shop Boys,Hotspot,2020,data/Pet Shop Boys/hotspot.jpg,0.958,Metallica,Metallica,1991,data/Metallica/metallica.jpg,0.217
The Who,UK,Quadrophenia,1973,data/The Who/quadrophenia.jpg,0.347,0.0,0.0,#585858,Fleetwood Mac,Bare Trees,1972,data/Fleetwood Mac/bare_trees.jpg,0.965,Pet Shop Boys,Fundamental,2006,data/Pet Shop Boys/fundamental.jpg,0.194
The Who,UK,The Who by Numbers,1975,data/The Who/the_who_by_numbers.jpg,0.919,0.267,31.1,#ead8ab,Nirvana,In Utero,1993,data/Nirvana/in_utero.jpg,0.988,Pet Shop Boys,Fundamental,2006,data/Pet Shop Boys/fundamental.jpg,0.171
The Who,UK,Who Are You,1978,data/The Who/who_are_you.jpg,0.372,0.237,34.2,#555251,Pink Floyd,The Wall,1979,data/Pink Floyd/the_wall.jpg,0.901,Pet Shop Boys,Fundamental,2006,data/Pet Shop Boys/fundamental.jpg,0.119
The Who,UK,Face Dances,1981,data/The Who/face_dances.jpg,0.566,0.345,71.0,#887059,Elton John,Goodbye Yellow Brick Road,1973,data/Elton John/goodbye_yellow_brick_road.jpg,0.902,Pet Shop Boys,Fundamental,2006,data/Pet Shop Boys/fundamental.jpg,0.14
The Who,UK,It's Hard,1982,data/The Who/it_s_hard.jpg,0.276,0.246,25.7,#3a403f,Pet Shop Boys,Elysium,2012,data/Pet Shop Boys/elysium.jpg,0.894,Pet Shop Boys,Fundamental,2006,data/Pet Shop Boys/fundamental.jpg,0.17
The Who,UK,Endless Wire,2006,data/The Who/endless_wire.jpg,0.592,0.735,96.7,#626d64,Pet Shop Boys,Elysium,2012,data/Pet Shop Boys/elysium.jpg,0.858,Metallica,Metallica,1991,data/Metallica/metallica.jpg,0.158
The Who,UK,WHO,2019,data/The Who/who.jpg,0.625,0.42,86.8,#876d71,The Cure,Faith,1981,data/The Cure/faith.jpg,0.91,Pet Shop Boys,Fundamental,2006,data/Pet Shop Boys/fundamental.jpg,0.188
Tom Petty and the Heartbreakers,US,Tom Petty and the Heartbreakers,1976,data/Tom Petty and the Heartbreakers/tom_petty_and_the_heartbreakers.jpg,0.368,0.395,52.8,#4e4b4c,Kate Bush,50 Words for Snow,2011,data/Kate Bush/50_words_for_snow.jpg,0.848,Pet Shop Boys,Fundamental,2006,data/Pet Shop Boys/fundamental.jpg,0.035
Tom Petty and the Heartbreakers,US,You're Gonna Get It!,1978,data/Tom Petty and the Heartbreakers/you_re_gonna_get_it.jpg,0.219,0.594,58.7,#191f33,The Smashing Pumpkins,Atum: A Rock Opera in Three Acts,2023,data/The Smashing Pumpkins/atum_a_rock_opera_in_three_acts.jpg,0.736,Pet Shop Boys,Fundamental,2006,data/Pet Shop Boys/fundamental.jpg,0.033
Tom Petty and the Heartbreakers,US,Damn the Torpedoes,1979,data/Tom Petty and the Heartbreakers/damn_the_torpedoes.jpg,0.665,0.544,92.2,#a85950,Dire Straits,Making Movies,1980,data/Dire Straits/making_movies.jpg,0.881,Steely Dan,Aja,1977,data/Steely Dan/aja.jpg,0.106
Tom Petty and the Heartbreakers,US,Hard Promises,1981,data/Tom Petty and the Heartbreakers/hard_promises.jpg,0.413,0.371,43.1,#67554c,Blondie,Autoamerican,1980,data/Blondie/autoamerican.jpg,0.799,The Smashing Pumpkins,Aghori Mhori Mei,2024,data/The Smashing Pumpkins/aghori_mhori_mei.jpg,0.114
Tom Petty and the Heartbreakers,US,Long After Dark,1982,data/Tom Petty and the Heartbreakers/long_after_dark.jpg,0.368,0.494,94.6,#5c2522,Marvin Gaye,The Soulful Moods of Marvin Gaye,1961,data/Marvin Gaye/the_soulful_moods_of_marvin_gaye.jpg,0.746,Metallica,Metallica,1991,data/Metallica/metallica.jpg,0.162
Tom Petty and the Heartbreakers,US,Southern Accents,1985,data/Tom Petty and the Heartbreakers/southern_accents.jpg,0.683,0.402,46.0,#a89270,Fleetwood Mac,Behind the Mask,1990,data/Fleetwood Mac/behind_the_mask.jpg,0.956,Pet Shop Boys,Fundamental,2006,data/Pet Shop Boys/fundamental.jpg,0.204
Tom Petty and the Heartbreakers,US,Full Moon Fever,1989,data/Tom Petty and the Heartbreakers/full_moon_fever.jpg,0.69,0.359,74.4,#a39c90,Queen,Innuendo,1991,data/Queen/innuendo.jpg,0.931,Steely Dan,Aja,1977,data/Steely Dan/aja.jpg,0.106
Tom Petty and the Heartbreakers,US,Into the Great Wide Open,1991,data/Tom Petty and the Heartbreakers/into_the_great_wide_open.jpg,0.609,0.402,62.6,#917d68,King Crimson,Starless and Bible Black,1974,data/King Crimson/starless_and_bible_black.jpg,0.907,Pink Floyd,The Dark Side of the Moon,1973,data/Pink Floyd/the_dark_side_of_the_moon.jpg,0.197
Tom Petty and the Heartbreakers,US,Wildflowers,1994,data/Tom Petty and the Heartbreakers/wildflowers.jpg,0.478,0.414,87.8,#635c53,The Who,Who's Next,1971,data/The Who/who_s_next.jpg,0.848,Metallica,Metallica,1991,data/Metallica/metallica.jpg,0.133
Tom Petty and the Heartbreakers,US,Echo,1999,data/Tom Petty and the Heartbreakers/echo.jpg,0.62,0.06,4.3,#9d9b9a,Steely Dan,Katy Lied,1975,data/Steely Dan/katy_lied.jpg,0.937,Steely Dan,Aja,1977,data/Steely Dan/aja.jpg,0.159
Tom Petty and the Heartbreakers,US,Mojo,2010,data/Tom Petty and the Heartbreakers/mojo.jpg,0.503,0.276,73.8,#7f5e60,The Cure,Songs of a Lost World,2024,data/The Cure/songs_of_a_lost_world.jpg,0.808,Pink Floyd,The Dark Side of the Moon,1973,data/Pink Floyd/the_dark_side_of_the_moon.jpg,0.167
Tom Petty and the Heartbreakers,US,Hypnotic Eye,2014,data/Tom Petty and the Heartbreakers/hypnotic_eye.jpg,0.738,0.229,62.5,#afaaac,Beastie Boys,To the 5 Boroughs,2004,data/Beastie Boys/to_the_5_boroughs.jpg,0.93,Steely Dan,Aja,1977,data/Steely Dan/aja.jpg,0.167
Weezer,US,Weezer (Blue Album),1994,data/Weezer/weezer_blue_album.jpg,0.721,0.651,109.1,#46b0b4,Weezer,Weezer (Green Album),2001,data/Weezer/weezer_green_album.jpg,1.0,Pet Shop Boys,Fundamental,2006,data/Pet Shop Boys/fundamental.jpg,0.149
Weezer,US,Pinkerton,1996,data/Weezer/pinkerton.jpg,0.332,0.441,31.4,#534b38,Taylor Swift,Fearless (Taylor's Version),2021,data/Taylor Swift/fearless_taylors_version.jpg,0.833,Pet Shop Boys,Fundamental,2006,data/Pet Shop Boys/fundamental.jpg,0.047
Weezer,US,Weezer (Green Album),2001,data/Weezer/weezer_green_album.jpg,0.721,0.651,109.1,#46b0b4,Weezer,Weezer (Blue Album),1994,data/Weezer/weezer_blue_album.jpg,1.0,Pet Shop Boys,Fundamental,2006,data/Pet Shop Boys/fundamental.jpg,0.149
Weezer,US,Maladroit,2002,data/Weezer/maladroit.jpg,0.594,0.338,49.4,#95846c,Pet Shop Boys,Hotspot,2020,data/Pet Shop Boys/hotspot.jpg,0.934,Steely Dan,Aja,1977,data/Steely Dan/aja.jpg,0.188
Weezer,US,Make Believe,2005,data/Weezer/make_believe.jpg,0.203,0.167,4.5,#313232,Eagles,The Long Run,1979,data/Eagles/the_long_run.jpg,0.861,Pet Shop Boys,Fundamental,2006,data/Pet Shop Boys/fundamental.jpg,0.206
Weezer,US,Weezer (Red Album),2008,data/Weezer/weezer_red_album.jpg,0.721,0.651,109.1,#46b0b4,Weezer,Weezer (Blue Album),1994,data/Weezer/weezer_blue_album.jpg,1.0,Pet Shop Boys,Fundamental,2006,data/Pet Shop Boys/fundamental.jpg,0.149
Weezer,US,Raditude,2009,data/Weezer/raditude.jpg,0.45,0.569,50.7,#725434,The Rolling Stones,Beggars Banquet,1968,data/The Rolling Stones/beggars_banquet.jpg,0.878,Pet Shop Boys,Fundamental,2006,data/Pet Shop Boys/fundamental.jpg,0.211
Weezer,US,Hurley,2010,data/Weezer/hurley.jpg,0.536,0.441,54.2,#80665b,Pet Shop Boys,Hotspot,2020,data/Pet Shop Boys/hotspot.jpg,0.883,Metallica,Metallica,1991,data/Metallica/metallica.jpg,0.192
Weezer,US,Everything Will Be Alright in the End,2014,data/Weezer/everything_will_be_alright_in_the_end.jpg,0.633,0.525,58.7,#a16e52,The Cure,Seventeen Seconds,1980,data/The Cure/seventeen_seconds.jpg,0.911,Metallica,Metallica,1991,data/Metallica/metallica.jpg,0.144
Weezer,US,Weezer (White Album),2016,data/Weezer/weezer_white_album.jpg,0.721,0.651,109.1,#46b0b4,Weezer,Weezer (Blue Album),1994,data/Weezer/weezer_blue_album.jpg,1.0,Pet Shop Boys,Fundamental,2006,data/Pet Shop Boys/fundamental.jpg,0.149
Weezer,US,Pacific Daydream,2017,data/Weezer/pacific_daydream.jpg,0.369,0.165,22.1,#535757,Radiohead,Kid A,2000,data/Radiohead/kid_a.jpg,0.865,Pet Shop Boys,Fundamental,2006,data/Pet Shop Boys/fundamental.jpg,0.059
Weezer,US,Weezer (Black Album),2019,data/Weezer/weezer_black_album.jpg,0.721,0.651,109.1,#46b0b4,Weezer,Weezer (Blue Album),1994,data/Weezer/weezer_blue_album.jpg,1.0,Pet Shop Boys,Fundamental,2006,data/Pet Shop Boys/fundamental.jpg,0.149
Weezer,US,OK Human,2021,data/Weezer/ok_human.jpg,0.667,0.216,27.3,#a9a186,Deep Purple,=1,2024,data/Deep Purple/1.jpg,0.986,Pet Shop Boys,Fundamental,2006,data/Pet Shop Boys/fundamental.jpg,0.162
Weezer,US,Van Weezer,2021,data/Weezer/van_weezer.jpg,0.408,0.773,80.7,#571f58,The Cure,Three Imaginary Boys,1979,data/The Cure/three_imaginary_boys.jpg,0.793,Pet Shop Boys,Fundamental,2006,data/Pet Shop Boys/fundamental.jpg,0.119
Whitney Houston,US,Whitney Houston,1985,data/Whitney Houston/whitney_houston.jpg,0.78,0.478,70.0,#c68764,Rod Stewart,An Old Raincoat Won't Ever Let You Down,1969,data/Rod Stewart/an_old_raincoat_wont_ever_let_you_down.jpg,0.962,Pet Shop Boys,Fundamental,2006,data/Pet Shop Boys/fundamental.jpg,0.146
Whitney Houston,US,Whitney,1987,data/Whitney Houston/whitney.jpg,0.728,0.299,57.4,#ab8f9a,David Bowie,Aladdin Sane,1973,data/David Bowie/aladdin_sane.jpg,0.934,Pet Shop Boys,Fundamental,2006,data/Pet Shop Boys/fundamental.jpg,0.159
Whitney Houston,US,I'm Your Baby Tonight,1990,data/Whitney Houston/i_m_your_baby_tonight.jpg,0.308,0.051,2.1,#4e4e4c,Michael Jackson,Invincible,2001,data/Michael Jackson/invincible.jpg,0.845,Pet Shop Boys,Fundamental,2006,data/Pet Shop Boys/fundamental.jpg,0.204
Whitney Houston,US,My Love Is Your Love,1998,data/Whitney Houston/my_love_is_your_love.jpg,0.189,0.616,29.6,#231527,Creedence Clearwater Revival,Mardi Gras,1972,data/Creedence Clearwater Revival/mardi_gras.jpg,0.754,Pet Shop Boys,Fundamental,2006,data/Pet Shop Boys/fundamental.jpg,0.039
Whitney Houston,US,Just Whitney...,2002,data/Whitney Houston/just_whitney.jpg,0.462,0.852,88.9,#753810,Pet Shop Boys,Very,1993,data/Pet Shop Boys/very.jpg,0.839,Pet Shop Boys,Fundamental,2006,data/Pet Shop Boys/fundamental.jpg,0.083
Whitney Houston,US,I Look to You,2009,data/Whitney Houston/i_look_to_you.jpg,0.536,0.231,35.4,#877774,Simon & Garfunkel,Sounds of Silence,1966,data/Simon & Garfunkel/sounds_of_silence.jpg,0.87,Pet Shop Boys,Fundamental,2006,data/Pet Shop Boys/fundamental.jpg,0.161
Yes,UK,Yes,1969,data/Yes/yes.jpg,0.374,0.395,101.9,#472c2e,David Bowie,Hunky Dory,1971,data/David Bowie/hunky_dory.jpg,0.767,Pet Shop Boys,Fundamental,2006,data/Pet Shop Boys/fundamental.jpg,0.038
Yes,UK,Time and a Word,1970,data/Yes/time_and_a_word.jpg,0.742,0.034,3.3,#bdbbb9,Pet Shop Boys,Hotspot,2020,data/Pet Shop Boys/hotspot.jpg,0.945,Steely Dan,Aja,1977,data/Steely Dan/aja.jpg,0.195
Yes,UK,The Yes Album,1971,data/Yes/the_yes_album.jpg,0.24,0.314,63.8,#313b21,Oasis,Heathen Chemistry,2002,data/Oasis/heathen_chemistry.jpg,0.669,Steely Dan,Aja,1977,data/Steely Dan/aja.jpg,0.135
Yes,UK,Fragile,1971,data/Yes/fragile.jpg,0.532,0.326,34.6,#6b717b,Kate Bush,50 Words for Snow,2011,data/Kate Bush/50_words_for_snow.jpg,0.923,Pet Shop Boys,Fundamental,2006,data/Pet Shop Boys/fundamental.jpg,0.073
Yes,UK,Close to the Edge,1972,data/Yes/close_to_the_edge.jpg,0.44,0.535,55.2,#3e6f31,Pet Shop Boys,Bilingual,1996,data/Pet Shop Boys/bilingual.jpg,0.901,Pet Shop Boys,Fundamental,2006,data/Pet Shop Boys/fundamental.jpg,0.134
Yes,UK,Tales from Topographic Oceans,1973,data/Yes/tales_from_topographic_oceans.jpg,0.459,0.297,23.7,#635e6b,Electric Light Orchestra,Time,1981,data/Electric Light Orchestra/time.jpg,0.911,Pet Shop Boys,Fundamental,2006,data/Pet Shop Boys/fundamental.jpg,0.081
Yes,UK,Relayer,1974,data/Yes/relayer.jpg,0.692,0.087,13.8,#b0a9a5,Elton John,Too Low for Zero,1983,data/Elton John/too_low_for_zero.jpg,0.973,Pet Shop Boys,Fundamental,2006,data/Pet Shop Boys/fundamental.jpg,0.17
Yes,UK,Going for the One,1977,data/Yes/going_for_the_one.jpg,0.392,0.404,43.2,#444d5c,Elton John,Blue Moves,1976,data/Elton John/blue_moves.jpg,0.94,Pet Shop Boys,Fundamental,2006,data/Pet Shop Boys/fundamental.jpg,0.156
Yes,UK,Tormato,1978,data/Yes/tormato.jpg,0.348,0.473,45.1,#3f3f4d,Pearl Jam,Vs.,1993,data/Pearl Jam/vs.jpg,0.807,Metallica,Metallica,1991,data/Metallica/metallica.jpg,0.163
Yes,UK,Drama,1980,data/Yes/drama.jpg,0.532,0.158,23.7,#7a7a7e,A Tribe Called Quest,The Love Movement,1998,data/A Tribe Called Quest/the_love_movement.jpg,0.953,Pet Shop Boys,Fundamental,2006,data/Pet Shop Boys/fundamental.jpg,0.154
Yes,UK,90125,1983,data/Yes/90125.jpg,0.592,0.106,49.1,#8d9090,The Beatles,The Beatles,1968,data/The Beatles/the_beatles.jpg,0.988,Pet Shop Boys,Fundamental,2006,data/Pet Shop Boys/fundamental.jpg,0.171
Yes,UK,Big Generator,1987,data/Yes/big_generator.jpg,0.852,0.836,157.3,#d79031,Pet Shop Boys,Very,1993,data/Pet Shop Boys/very.jpg,0.927,Pet Shop Boys,Fundamental,2006,data/Pet Shop Boys/fundamental.jpg,0.159
Yes,UK,Union,1991,data/Yes/union.jpg,0.604,0.369,48.4,#7a7284,Pet Shop Boys,Elysium,2012,data/Pet Shop Boys/elysium.jpg,0.945,Pet Shop Boys,Fundamental,2006,data/Pet Shop Boys/fundamental.jpg,0.155
Yes,UK,The Ladder,1999,data/Yes/the_ladder.jpg,0.665,0.719,89.6,#3d789d,King Crimson,Beat,1982,data/King Crimson/beat.jpg,0.926,Pet Shop Boys,Fundamental,2006,data/Pet Shop Boys/fundamental.jpg,0.123
