artist,country,album,release_year,cover_image,artwork_url
2Pac,US,2Pacalypse Now,1991,data/2Pac/2pacalypse_now.jpg,https://is1-ssl.mzstatic.com/image/thumb/Music124/v4/94/4b/7f/944b7fdd-c0a4-0b87-c8d5-bed24ba99435/00012414163325.rgb.jpg/600x600bb.jpg
2Pac,US,Strictly 4 My N.I.G.G.A.Z...,1993,data/2Pac/strictly_4_my_n_i_g_g_a_z.jpg,https://is1-ssl.mzstatic.com/image/thumb/Music114/v4/66/e4/87/66e487a7-df4e-fe0d-e116-bc2d09153694/00012414163424.rgb.jpg/600x600bb.jpg
2Pac,US,Me Against the World,1995,data/2Pac/me_against_the_world.jpg,https://is1-ssl.mzstatic.com/image/thumb/Music125/v4/40/aa/13/40aa13a7-97b7-7278-57fb-2a6bc3849402/00012414163622.rgb.jpg/600x600bb.jpg
2Pac,US,All Eyez on Me,1996,data/2Pac/all_eyez_on_me.jpg,https://is1-ssl.mzstatic.com/image/thumb/Music115/v4/33/84/fc/3384fc51-1eeb-e78f-2770-14844fcdd3b5/21UM1IM16262.rgb.jpg/600x600bb.jpg
2Pac,US,The Don Killuminati: The 7 Day Theory,1996,data/2Pac/the_don_killuminati_the_7_day_theory.jpg,https://is1-ssl.mzstatic.com/image/thumb/Music125/v4/1b/3a/55/1b3a55fa-9290-e8f0-a5ac-d83a36f1dccf/21UM1IM16271.rgb.jpg/600x600bb.jpg
A Tribe Called Quest,US,People's Instinctive Travels and the Paths of Rhythm,1990,data/A Tribe Called Quest/people_s_instinctive_travels_and_the_paths_of_rhythm.jpg,https://is1-ssl.mzstatic.com/image/thumb/Music221/v4/b6/05/21/b605217c-42ee-8c1e-238b-0fc18570b10d/196873025063.jpg/600x600bb.jpg
A Tribe Called Quest,US,The Low End Theory,1991,data/A Tribe Called Quest/the_low_end_theory.jpg,https://is1-ssl.mzstatic.com/image/thumb/Music115/v4/e0/14/c8/e014c80a-425b-e01a-1124-cee985bcb5e6/dj.qafpkddz.jpg/600x600bb.jpg
A Tribe Called Quest,US,Midnight Marauders,1993,data/A Tribe Called Quest/midnight_marauders.jpg,https://is1-ssl.mzstatic.com/image/thumb/Music126/v4/d1/90/11/d1901153-4595-7f2f-12d2-661be9eef883/012414149022.jpg/600x600bb.jpg
A Tribe Called Quest,US,"Beats, Rhymes and Life",1996,data/A Tribe Called Quest/beats_rhymes_and_life.jpg,https://is1-ssl.mzstatic.com/image/thumb/Music6/v4/02/90/01/029001ed-7fb8-1794-25c9-39fdc0fa6312/dj.ouvfuois.jpg/600x600bb.jpg
A Tribe Called Quest,US,The Love Movement,1998,data/A Tribe Called Quest/the_love_movement.jpg,https://is1-ssl.mzstatic.com/image/thumb/Music114/v4/ba/8d/9a/ba8d9ae1-b30d-d19c-04ff-0f305921350b/mzm.nkbvkfzr.jpg/600x600bb.jpg
A Tribe Called Quest,US,We Got It from Here... Thank You 4 Your Service,2016,data/A Tribe Called Quest/we_got_it_from_here_thank_you_4_your_service.jpg,https://is1-ssl.mzstatic.com/image/thumb/Music124/v4/68/d3/ce/68d3ce5e-9465-4c77-60a6-496417e35308/886446074757.jpg/600x600bb.jpg
Adele,UK,19,2008,data/Adele/19.jpg,https://is1-ssl.mzstatic.com/image/thumb/Music116/v4/93/3b/dd/933bddde-bd73-0fd2-70f5-f4cf683c34f7/191404093863.png/600x600bb.jpg
Adele,UK,21,2011,data/Adele/21.jpg,https://is1-ssl.mzstatic.com/image/thumb/Music221/v4/eb/ca/25/ebca2596-cd1e-b295-91a3-771c868d0a79/191404113868.png/600x600bb.jpg
Adele,UK,25,2015,data/Adele/25.jpg,https://is1-ssl.mzstatic.com/image/thumb/Music116/v4/08/8c/24/088c2405-2e33-801b-5c38-e967f2c01e69/191404113974.png/600x600bb.jpg
Adele,UK,30,2021,data/Adele/30.jpg,https://is1-ssl.mzstatic.com/image/thumb/Music115/v4/73/6d/7c/736d7cfb-c79d-c9a9-4170-5e71d008dea1/886449666430.jpg/600x600bb.jpg
Aerosmith,US,Aerosmith,1973,data/Aerosmith/aerosmith.jpg,https://is1-ssl.mzstatic.com/image/thumb/Music112/v4/e2/87/d9/e287d987-7b92-7749-737f-b5b8a6913f88/22UM1IM38560.rgb.jpg/600x600bb.jpg
Aerosmith,US,Get Your Wings,1974,data/Aerosmith/get_your_wings.jpg,https://is1-ssl.mzstatic.com/image/thumb/Music122/v4/3e/8a/03/3e8a0372-785d-e631-0cf0-d8fe6a3d72bc/22UM1IM35691.rgb.jpg/600x600bb.jpg
Aerosmith,US,Toys in the Attic,1975,data/Aerosmith/toys_in_the_attic.jpg,https://is1-ssl.mzstatic.com/image/thumb/Music211/v4/9c/fa/da/9cfada2b-efbe-187f-dacf-a0f90ffdf63a/22UM1IM35694.rgb.jpg/600x600bb.jpg
Aerosmith,US,Rocks,1976,data/Aerosmith/rocks.jpg,https://is1-ssl.mzstatic.com/image/thumb/Music122/v4/41/cc/1e/41cc1e86-3f4e-f8f4-c525-67d4817167e6/22UM1IM35690.rgb.jpg/600x600bb.jpg
Aerosmith,US,Draw the Line,1977,data/Aerosmith/draw_the_line.jpg,https://is1-ssl.mzstatic.com/image/thumb/Music112/v4/8e/20/55/8e205579-7d63-c787-1c8e-6c85f79881ad/22UM1IM38561.rgb.jpg/600x600bb.jpg
Aerosmith,US,Night in the Ruts,1979,data/Aerosmith/night_in_the_ruts.jpg,https://is1-ssl.mzstatic.com/image/thumb/Music112/v4/60/bf/05/60bf0566-8cdd-0292-48f7-f2d853444e92/22UM1IM35692.rgb.jpg/600x600bb.jpg
Aerosmith,US,Permanent Vacation,1987,data/Aerosmith/permanent_vacation.jpg,https://is1-ssl.mzstatic.com/image/thumb/Music125/v4/a9/1c/b9/a91cb9be-db04-9f8f-47c7-c096a89dff47/00602537156641.rgb.jpg/600x600bb.jpg
Aerosmith,US,Pump,1989,data/Aerosmith/pump.jpg,https://is1-ssl.mzstatic.com/image/thumb/Music114/v4/65/92/0c/65920cae-e1e0-03ce-812e-70de7bb03f86/00602537156665.rgb.jpg/600x600bb.jpg
Aerosmith,US,Get a Grip,1993,data/Aerosmith/get_a_grip.jpg,https://is1-ssl.mzstatic.com/image/thumb/Music126/v4/8b/04/87/8b048775-ed10-439d-18a6-5ecb21effcf8/06UMGIM14760.rgb.jpg/600x600bb.jpg
Aerosmith,US,Nine Lives,1997,data/Aerosmith/nine_lives.jpg,https://is1-ssl.mzstatic.com/image/thumb/Music122/v4/97/02/bf/9702bf59-f378-973b-93bf-29567d5b97c1/22UM1IM35695.rgb.jpg/600x600bb.jpg
Aerosmith,US,Just Push Play,2001,data/Aerosmith/just_push_play.jpg,https://is1-ssl.mzstatic.com/image/thumb/Music122/v4/7b/ab/2c/7bab2c4b-d944-ad5a-fc69-86ee7abadc08/22UM1IM35707.rgb.jpg/600x600bb.jpg
Amy Winehouse,UK,Frank,2003,data/Amy Winehouse/frank.jpg,https://is1-ssl.mzstatic.com/image/thumb/Music126/v4/92/78/7f/92787fae-19ce-b66b-51b5-2f56066c5237/15UMGIM31140.rgb.jpg/600x600bb.jpg
Amy Winehouse,UK,Back to Black,2006,data/Amy Winehouse/back_to_black.jpg,https://is1-ssl.mzstatic.com/image/thumb/Music112/v4/5a/72/3f/5a723fec-965d-3483-89f8-d66b79f88419/15UMGIM24224.rgb.jpg/600x600bb.jpg
Arctic Monkeys,UK,"Whatever People Say I Am, That's What I'm Not",2006,data/Arctic Monkeys/whatever_people_say_i_am_that_s_what_i_m_not.jpg,https://is1-ssl.mzstatic.com/image/thumb/Features125/v4/cf/9b/96/cf9b9637-f619-eceb-5382-e9b4d44e74fb/dj.npwkgmai.jpg/600x600bb.jpg
Arctic Monkeys,UK,Favourite Worst Nightmare,2007,data/Arctic Monkeys/favourite_worst_nightmare.jpg,https://is1-ssl.mzstatic.com/image/thumb/Music124/v4/82/90/14/829014ad-a301-62ab-bee6-f4cca4457411/mzi.hozudery.jpg/600x600bb.jpg
Arctic Monkeys,UK,Humbug,2009,data/Arctic Monkeys/humbug.jpg,https://is1-ssl.mzstatic.com/image/thumb/Music124/v4/4a/07/92/4a0792a5-03c9-10d8-a60c-94fa8bb6508a/mzi.nlrajrgr.jpg/600x600bb.jpg
Arctic Monkeys,UK,Suck It and See,2011,data/Arctic Monkeys/suck_it_and_see.jpg,https://is1-ssl.mzstatic.com/image/thumb/Features/62/5b/66/dj.wlpuxxqn.jpg/600x600bb.jpg
Arctic Monkeys,UK,AM,2013,data/Arctic Monkeys/am.jpg,https://is1-ssl.mzstatic.com/image/thumb/Music211/v4/69/9c/b5/699cb5d6-115c-ff73-9d26-e57ea4350d72/887828031795.png/600x600bb.jpg
Arctic Monkeys,UK,Tranquility Base Hotel & Casino,2018,data/Arctic Monkeys/tranquility_base_hotel_casino.jpg,https://is1-ssl.mzstatic.com/image/thumb/Music114/v4/f3/ac/06/f3ac06b3-9217-adc8-cc33-8e930293e495/887835044184.png/600x600bb.jpg
Arctic Monkeys,UK,The Car,2022,data/Arctic Monkeys/the_car.jpg,https://is1-ssl.mzstatic.com/image/thumb/Music221/v4/44/8e/cf/448ecfff-7f7d-286c-8a4a-b631eeeefedb/887828045563.png/600x600bb.jpg
Aretha Franklin,US,I Never Loved a Man the Way I Love You,1967,data/Aretha Franklin/i_never_loved_a_man_the_way_i_love_you.jpg,https://is1-ssl.mzstatic.com/image/thumb/Music115/v4/47/0d/c0/470dc076-70e9-be30-07e5-ecee641a7604/603497902460.jpg/600x600bb.jpg
Aretha Franklin,US,Aretha Arrives,1967,data/Aretha Franklin/aretha_arrives.jpg,https://is1-ssl.mzstatic.com/image/thumb/Music124/v4/90/09/12/90091265-d198-d00a-2ff8-96b48feb76b7/603497896639.jpg/600x600bb.jpg
Aretha Franklin,US,Lady Soul,1968,data/Aretha Franklin/lady_soul.jpg,https://is1-ssl.mzstatic.com/image/thumb/Music115/v4/e3/a7/ac/e3a7aca0-48e1-0882-8e25-3d68f7ba3a72/603497896646.jpg/600x600bb.jpg
Aretha Franklin,US,Aretha Now,1968,data/Aretha Franklin/aretha_now.jpg,https://is1-ssl.mzstatic.com/image/thumb/Music124/v4/7c/f9/f4/7cf9f44b-f47e-224b-1b40-bcdf1f9bcbbb/603497896653.jpg/600x600bb.jpg
Aretha Franklin,US,Soul '69,1969,data/Aretha Franklin/soul_69.jpg,https://is1-ssl.mzstatic.com/image/thumb/Music114/v4/ea/e8/cd/eae8cdb6-647a-01fd-c317-488e59da56cf/603497896660.jpg/600x600bb.jpg
Aretha Franklin,US,Spirit in the Dark,1970,data/Aretha Franklin/spirit_in_the_dark.jpg,https://is1-ssl.mzstatic.com/image/thumb/Music125/v4/b9/1e/e2/b91ee29e-c5c5-b9bd-26f0-cc2a8d1972d9/603497897056.jpg/600x600bb.jpg
Aretha Franklin,US,"Young, Gifted and Black",1972,data/Aretha Franklin/young_gifted_and_black.jpg,https://is1-ssl.mzstatic.com/image/thumb/Music115/v4/6c/f0/0e/6cf00ef2-2eaa-5f77-20b6-57c21016e987/603497896363.jpg/600x600bb.jpg
Aretha Franklin,US,Amazing Grace,1972,data/Aretha Franklin/amazing_grace.jpg,https://is1-ssl.mzstatic.com/image/thumb/Music122/v4/59/fc/3d/59fc3ded-16c3-69b2-0ce7-b3192221b312/603497837397.jpg/600x600bb.jpg
Aretha Franklin,US,Jump to It,1982,data/Aretha Franklin/jump_to_it.jpg,https://is1-ssl.mzstatic.com/image/thumb/Music113/v4/87/7c/e5/877ce585-8e5b-6a1b-0418-2d55d315c7b8/886444899819.jpg/600x600bb.jpg
Aretha Franklin,US,Who's Zoomin' Who?,1985,data/Aretha Franklin/who_s_zoomin_who.jpg,https://is1-ssl.mzstatic.com/image/thumb/Features2/v4/1b/15/fa/1b15fa9c-4f97-4a37-8c3e-885c7195e6b5/dj.sdoobisx.jpg/600x600bb.jpg
Aretha Franklin,US,A Rose Is Still a Rose,1998,data/Aretha Franklin/a_rose_is_still_a_rose.jpg,https://is1-ssl.mzstatic.com/image/thumb/Music114/v4/87/27/d3/8727d358-d510-0ae2-c234-05e72e30991a/078221898720.jpg/600x600bb.jpg
Beastie Boys,US,Licensed to Ill,1986,data/Beastie Boys/licensed_to_ill.jpg,https://is1-ssl.mzstatic.com/image/thumb/Music114/v4/e4/d7/81/e4d781e8-bd3f-486a-cd18-e9b3a7d12b34/00731452735126.rgb.jpg/600x600bb.jpg
Beastie Boys,US,Paul's Boutique,1989,data/Beastie Boys/paul_s_boutique.jpg,https://is1-ssl.mzstatic.com/image/thumb/Music211/v4/63/8c/46/638c461c-7bdd-5181-13c5-619b9c178a9f/13UABIM29394.rgb.jpg/600x600bb.jpg
Beastie Boys,US,Check Your Head,1992,data/Beastie Boys/check_your_head.jpg,https://is1-ssl.mzstatic.com/image/thumb/Music128/v4/23/ab/f0/23abf094-b6b6-9339-c1e2-9589cb24c152/00077779893850.rgb.jpg/600x600bb.jpg
Beastie Boys,US,Ill Communication,1994,data/Beastie Boys/ill_communication.jpg,https://is1-ssl.mzstatic.com/image/thumb/Music211/v4/b2/74/2d/b2742ddd-a13c-f3af-4361-7228cce3a4f9/13UMGIM63811.rgb.jpg/600x600bb.jpg
Beastie Boys,US,Hello Nasty,1998,data/Beastie Boys/hello_nasty.jpg,https://is1-ssl.mzstatic.com/image/thumb/Music128/v4/31/2c/df/312cdf13-5ec0-5488-0289-419e1b1f79e4/00724383771653.rgb.jpg/600x600bb.jpg
Beastie Boys,US,To the 5 Boroughs,2004,data/Beastie Boys/to_the_5_boroughs.jpg,https://is1-ssl.mzstatic.com/image/thumb/Music211/v4/9f/77/30/9f77301e-a254-d096-9261-275fde6886dc/13UABIM29278.rgb.jpg/600x600bb.jpg
Beastie Boys,US,Hot Sauce Committee Part Two,2011,data/Beastie Boys/hot_sauce_committee_part_two.jpg,https://is1-ssl.mzstatic.com/image/thumb/Music116/v4/06/47/52/0647521b-00bb-69f5-70fe-c4cd90909aef/13UABIM56481.rgb.jpg/600x600bb.jpg
Beyoncé,US,Dangerously in Love,2003,data/Beyoncé/dangerously_in_love.jpg,https://is1-ssl.mzstatic.com/image/thumb/Music/03/c5/d4/mzi.ldvrmhxt.jpg/600x600bb.jpg
Beyoncé,US,B'Day,2006,data/Beyoncé/b_day.jpg,https://is1-ssl.mzstatic.com/image/thumb/Music115/v4/c6/72/0a/c6720ae2-e9a9-8d60-981b-20857419b50f/mzi.dohxwfay.jpg/600x600bb.jpg
Beyoncé,US,I Am... Sasha Fierce,2008,data/Beyoncé/i_am_sasha_fierce.jpg,https://is1-ssl.mzstatic.com/image/thumb/Music125/v4/35/0f/55/350f55da-2104-162a-5872-cb35fef30410/mzi.morbeoaw.jpg/600x600bb.jpg
Beyoncé,US,4,2011,data/Beyoncé/4.jpg,https://is1-ssl.mzstatic.com/image/thumb/Music115/v4/c9/6b/3f/c96b3ff3-9cf6-4ce6-05aa-9f11474bd569/886443938373.jpg/600x600bb.jpg
Beyoncé,US,Beyoncé,2013,data/Beyoncé/beyonc.jpg,https://is1-ssl.mzstatic.com/image/thumb/Features4/v4/dc/ca/29/dcca295f-851e-5faf-a3b4-030965fa80f2/dj.jyrlgxlq.jpg/600x600bb.jpg
Beyoncé,US,Lemonade,2016,data/Beyoncé/lemonade.jpg,https://is1-ssl.mzstatic.com/image/thumb/Music123/v4/1d/1f/f1/1d1ff1ea-1720-ae29-9886-0ea89720615c/886447691144.jpg/600x600bb.jpg
Beyoncé,US,Renaissance,2022,data/Beyoncé/renaissance.jpg,https://is1-ssl.mzstatic.com/image/thumb/Music112/v4/05/05/f3/0505f338-9873-feb4-af7f-27a470405e5f/196589246974.jpg/600x600bb.jpg
Beyoncé,US,Cowboy Carter,2024,data/Beyoncé/cowboy_carter.jpg,https://is1-ssl.mzstatic.com/image/thumb/Music221/v4/bd/f6/83/bdf683a5-28de-08cb-cb91-2940c1e6270b/196871853729.jpg/600x600bb.jpg
Billy Joel,US,Cold Spring Harbor,1971,data/Billy Joel/cold_spring_harbor.jpg,https://is1-ssl.mzstatic.com/image/thumb/Music126/v4/04/a4/0c/04a40cea-ce6d-a0ed-623f-65247ca95e70/888880156044.jpg/600x600bb.jpg
Billy Joel,US,Piano Man,1973,data/Billy Joel/piano_man.jpg,https://is1-ssl.mzstatic.com/image/thumb/Features125/v4/67/f9/8d/67f98d03-7896-153f-4965-a92458c06965/dj.aiuntmgo.jpg/600x600bb.jpg
Billy Joel,US,Streetlife Serenade,1974,data/Billy Joel/streetlife_serenade.jpg,https://is1-ssl.mzstatic.com/image/thumb/Music124/v4/5d/e7/46/5de74601-e042-7ffc-ff63-770f81f41c6a/888880156778.jpg/600x600bb.jpg
Billy Joel,US,Turnstiles,1976,data/Billy Joel/turnstiles.jpg,https://is1-ssl.mzstatic.com/image/thumb/Music114/v4/20/9c/8f/209c8fd8-6cdd-6567-74e2-3e62b2803713/888880156822.jpg/600x600bb.jpg
Billy Joel,US,The Stranger,1977,data/Billy Joel/the_stranger.jpg,https://is1-ssl.mzstatic.com/image/thumb/Music125/v4/37/68/4c/37684c52-dbdf-9bfe-0d87-07492f43dc4c/dj.gmcbwich.jpg/600x600bb.jpg
Billy Joel,US,52nd Street,1978,data/Billy Joel/52nd_street.jpg,https://is1-ssl.mzstatic.com/image/thumb/Music125/v4/d6/02/07/d60207ae-a49f-8f20-c8e6-d58e794b9ae5/dj.lzzblgca.jpg/600x600bb.jpg
Billy Joel,US,Glass Houses,1980,data/Billy Joel/glass_houses.jpg,https://is1-ssl.mzstatic.com/image/thumb/Music115/v4/4a/ff/81/4aff8108-ffe2-e9f4-0259-c02264582603/dj.dhbjhnzy.jpg/600x600bb.jpg
Billy Joel,US,The Nylon Curtain,1982,data/Billy Joel/the_nylon_curtain.jpg,https://is1-ssl.mzstatic.com/image/thumb/Music115/v4/c7/46/f6/c746f6f7-b73e-147b-a0a2-687dc60ef823/dj.guhrrlue.jpg/600x600bb.jpg
Billy Joel,US,An Innocent Man,1983,data/Billy Joel/an_innocent_man.jpg,https://is1-ssl.mzstatic.com/image/thumb/Music125/v4/b3/ed/8e/b3ed8eb8-e276-ee92-bf69-fba2865516b6/dj.yjsnvawq.jpg/600x600bb.jpg
Billy Joel,US,The Bridge,1986,data/Billy Joel/the_bridge.jpg,https://is1-ssl.mzstatic.com/image/thumb/Music115/v4/1d/eb/8d/1deb8d11-8240-09da-5412-a47e4311ba4f/dj.qsmuygjj.jpg/600x600bb.jpg
Billy Joel,US,Storm Front,1989,data/Billy Joel/storm_front.jpg,https://is1-ssl.mzstatic.com/image/thumb/Music125/v4/ea/ae/20/eaae20fd-8590-a964-6caf-aedd6a8b2409/dj.xpnohagl.jpg/600x600bb.jpg
Billy Joel,US,River of Dreams,1993,data/Billy Joel/river_of_dreams.jpg,https://is1-ssl.mzstatic.com/image/thumb/Music124/v4/17/53/27/175327c0-3cdc-74b9-7862-22d34b7f20dc/dj.ibpwurgt.jpg/600x600bb.jpg
Black Sabbath,UK,Black Sabbath,1970,data/Black Sabbath/black_sabbath.jpg,https://is1-ssl.mzstatic.com/image/thumb/Music115/v4/62/8a/3d/628a3dc3-c862-8641-6306-64d7e7e8960a/075992718523.jpg/600x600bb.jpg
Black Sabbath,UK,Paranoid,1970,data/Black Sabbath/paranoid.jpg,https://is1-ssl.mzstatic.com/image/thumb/Music125/v4/be/27/91/be279120-2285-16c6-c7ba-9d6643d4a948/075992732727.jpg/600x600bb.jpg
Black Sabbath,UK,Master of Reality,1971,data/Black Sabbath/master_of_reality.jpg,https://is1-ssl.mzstatic.com/image/thumb/Music124/v4/c2/9f/a1/c29fa109-8c22-bb7f-82f2-a6891d961c28/075992725323.jpg/600x600bb.jpg
Black Sabbath,UK,Vol. 4,1972,data/Black Sabbath/vol_4.jpg,https://is1-ssl.mzstatic.com/image/thumb/Music124/v4/65/68/ac/6568ace4-0c7a-6387-47ed-2f4c3411ff4d/075992725927.jpg/600x600bb.jpg
Black Sabbath,UK,Sabbath Bloody Sabbath,1973,data/Black Sabbath/sabbath_bloody_sabbath.jpg,https://is1-ssl.mzstatic.com/image/thumb/Music125/v4/2b/7d/9a/2b7d9a86-ff59-f9fe-37ec-363b44f54d18/075992727228.jpg/600x600bb.jpg
Black Sabbath,UK,Sabotage,1975,data/Black Sabbath/sabotage.jpg,https://is1-ssl.mzstatic.com/image/thumb/Music114/v4/94/a3/5f/94a35fa1-dba2-243e-dbff-a5b33e05ce48/603497906024.jpg/600x600bb.jpg
Black Sabbath,UK,Technical Ecstasy,1976,data/Black Sabbath/technical_ecstasy.jpg,https://is1-ssl.mzstatic.com/image/thumb/Music/v4/58/b2/df/58b2dff4-8789-f5d7-f075-6acd11f63c04/603497939770.jpg/600x600bb.jpg
Black Sabbath,UK,Never Say Die!,1978,data/Black Sabbath/never_say_die.jpg,https://is1-ssl.mzstatic.com/image/thumb/Music/v4/59/05/a9/5905a953-ed2f-7948-3f38-11dc0d341a37/603497939763.jpg/600x600bb.jpg
Black Sabbath,UK,Heaven and Hell,1980,data/Black Sabbath/heaven_and_hell.jpg,https://is1-ssl.mzstatic.com/image/thumb/Music125/v4/26/d6/fb/26d6fb50-5e33-baf7-98ec-13b167b06387/mzi.bxsjhsxe.jpg/600x600bb.jpg
Black Sabbath,UK,Mob Rules,1981,data/Black Sabbath/mob_rules.jpg,https://is1-ssl.mzstatic.com/image/thumb/Music124/v4/6f/e5/96/6fe59689-111f-41e5-0065-09d580b94162/mzi.qfzysmms.jpg/600x600bb.jpg
Black Sabbath,UK,13,2013,data/Black Sabbath/13.jpg,https://is1-ssl.mzstatic.com/image/thumb/Music125/v4/63/58/3d/63583dc0-ea28-28eb-37b0-55f05229826f/00602537387267.rgb.jpg/600x600bb.jpg
Blondie,US,Blondie,1976,data/Blondie/blondie.jpg,https://is1-ssl.mzstatic.com/image/thumb/Music124/v4/69/d8/c6/69d8c628-db97-25d7-289d-5a367c04d58b/00724353359652.rgb.jpg/600x600bb.jpg
Blondie,US,Plastic Letters,1978,data/Blondie/plastic_letters.jpg,https://is1-ssl.mzstatic.com/image/thumb/Music124/v4/85/55/25/85552552-fdcb-fc5a-f0e9-4accb56437cd/00724353359850.jpg/600x600bb.jpg
Blondie,US,Parallel Lines,1978,data/Blondie/parallel_lines.jpg,https://is1-ssl.mzstatic.com/image/thumb/Music115/v4/2f/0b/25/2f0b252d-838e-4f19-3c08-91e49b269564/15UMGIM18445.rgb.jpg/600x600bb.jpg
Blondie,US,Eat to the Beat,1979,data/Blondie/eat_to_the_beat.jpg,https://is1-ssl.mzstatic.com/image/thumb/Music124/v4/4a/3f/a7/4a3fa743-85ad-e863-3ca5-d3ab4a23c448/15UMGIM18441.rgb.jpg/600x600bb.jpg
Blondie,US,Autoamerican,1980,data/Blondie/autoamerican.jpg,https://is1-ssl.mzstatic.com/image/thumb/Music128/v4/5c/1d/ef/5c1def36-6627-620e-3564-8d81d96d62a7/00724353359553.rgb.jpg/600x600bb.jpg
Blondie,US,The Hunter,1982,data/Blondie/the_hunter.jpg,https://is1-ssl.mzstatic.com/image/thumb/Music/v4/6a/91/d7/6a91d7ae-4eab-cb26-6130-397df2b0ea6c/00724353367053.jpg/600x600bb.jpg
Blondie,US,No Exit,1999,data/Blondie/no_exit.jpg,https://is1-ssl.mzstatic.com/image/thumb/Music116/v4/7d/11/9d/7d119d56-754a-cd99-57a5-e53227a23d33/4050538965070.jpg/600x600bb.jpg
Blondie,US,Panic of Girls,2011,data/Blondie/panic_of_girls.jpg,https://is1-ssl.mzstatic.com/image/thumb/Music211/v4/da/74/81/da7481c3-aa24-5c4d-f5cd-f5b9fb5b78cf/4050538844917.jpg/600x600bb.jpg
Blondie,US,Pollinator,2017,data/Blondie/pollinator.jpg,https://is1-ssl.mzstatic.com/image/thumb/Music118/v4/4b/e8/a4/4be8a41a-17a4-d4a1-5706-5833f5ac9dde/4050538268539.jpg/600x600bb.jpg
Blur,UK,Leisure,1991,data/Blur/leisure.jpg,https://is1-ssl.mzstatic.com/image/thumb/Features4/v4/48/de/73/48de73da-c614-b5a5-2c3f-1c64cff41ff9/dj.qidmcner.jpg/600x600bb.jpg
Blur,UK,Modern Life Is Rubbish,1993,data/Blur/modern_life_is_rubbish.jpg,https://is1-ssl.mzstatic.com/image/thumb/Features4/v4/a8/ce/95/a8ce95da-fbdc-a414-5c10-cf46bfed2ae9/dj.gohhigri.jpg/600x600bb.jpg
Blur,UK,Parklife,1994,data/Blur/parklife.jpg,https://is1-ssl.mzstatic.com/image/thumb/Music126/v4/8a/71/66/8a71664b-3baa-537b-e008-b32d86da27bc/5099997227755.jpg/600x600bb.jpg
Blur,UK,The Great Escape,1995,data/Blur/the_great_escape.jpg,https://is1-ssl.mzstatic.com/image/thumb/Features114/v4/69/66/bc/6966bc86-c612-616d-0cf2-dd75de9da894/dj.prdjibis.jpg/600x600bb.jpg
Blur,UK,Blur,1997,data/Blur/blur.jpg,https://is1-ssl.mzstatic.com/image/thumb/Music126/v4/ed/73/cc/ed73cc61-8244-4f45-90fc-23ad8a3ee7e4/5099997227359.jpg/600x600bb.jpg
Blur,UK,13,1999,data/Blur/13.jpg,https://is1-ssl.mzstatic.com/image/thumb/Music116/v4/9a/5d/8f/9a5d8f6d-a570-84b7-321f-315e4d97a127/5099997227151.jpg/600x600bb.jpg
Blur,UK,Think Tank,2003,data/Blur/think_tank.jpg,https://is1-ssl.mzstatic.com/image/thumb/Music/v4/98/f4/de/98f4de89-31a2-7534-1b9f-74afe3ff766f/5099991503152_1500x1500_300dpi.jpg/600x600bb.jpg
Blur,UK,The Magic Whip,2015,data/Blur/the_magic_whip.jpg,https://is1-ssl.mzstatic.com/image/thumb/Music1/v4/97/2c/26/972c2611-d141-f970-43b3-bb93be4a5dee/825646132881.jpg/600x600bb.jpg
Blur,UK,The Ballad of Darren,2023,data/Blur/the_ballad_of_darren.jpg,https://is1-ssl.mzstatic.com/image/thumb/Music126/v4/25/5e/55/255e55f8-46d3-ebeb-c742-d67aa2181093/5054197688263.jpg/600x600bb.jpg
Bob Dylan,US,Bob Dylan,1962,data/Bob Dylan/bob_dylan.jpg,https://is1-ssl.mzstatic.com/image/thumb/Music/e0/8c/a0/mzi.pnnnzihh.jpg/600x600bb.jpg
Bob Dylan,US,The Freewheelin' Bob Dylan,1963,data/Bob Dylan/the_freewheelin_bob_dylan.jpg,https://is1-ssl.mzstatic.com/image/thumb/Music124/v4/63/3c/98/633c98ab-b4f3-3f40-798b-bdb49d923468/074640878626.jpg/600x600bb.jpg
Bob Dylan,US,The Times They Are A-Changin',1964,data/Bob Dylan/the_times_they_are_a_changin.jpg,https://is1-ssl.mzstatic.com/image/thumb/Music124/v4/e0/2b/3e/e02b3e8a-5852-bc33-33e3-3d9e419e1711/mzi.vdaqwtvn.jpg/600x600bb.jpg
Bob Dylan,US,Another Side of Bob Dylan,1964,data/Bob Dylan/another_side_of_bob_dylan.jpg,https://is1-ssl.mzstatic.com/image/thumb/Music/0a/67/9f/mzi.siweleie.jpg/600x600bb.jpg
Bob Dylan,US,Bringing It All Back Home,1965,data/Bob Dylan/bringing_it_all_back_home.jpg,https://is1-ssl.mzstatic.com/image/thumb/Music125/v4/61/ad/46/61ad469e-1e2d-da3c-6847-b939c07924f9/074640912825.jpg/600x600bb.jpg
Bob Dylan,US,Highway 61 Revisited,1965,data/Bob Dylan/highway_61_revisited.jpg,https://is1-ssl.mzstatic.com/image/thumb/Music115/v4/f8/ff/c0/f8ffc056-55b4-2033-657d-32492d1eea25/827969239926.jpg/600x600bb.jpg
Bob Dylan,US,Blonde on Blonde,1966,data/Bob Dylan/blonde_on_blonde.jpg,https://is1-ssl.mzstatic.com/image/thumb/Music125/v4/20/9d/bf/209dbf58-f698-7181-33de-0c29480beba0/074640084126.jpg/600x600bb.jpg
Bob Dylan,US,John Wesley Harding,1967,data/Bob Dylan/john_wesley_harding.jpg,https://is1-ssl.mzstatic.com/image/thumb/Music115/v4/2e/90/ac/2e90ac6d-c8e9-0f42-8852-af968be471dd/mzi.uchoqyha.jpg/600x600bb.jpg
Bob Dylan,US,Nashville Skyline,1969,data/Bob Dylan/nashville_skyline.jpg,https://is1-ssl.mzstatic.com/image/thumb/Features124/v4/3f/1a/ad/3f1aad23-1f92-4d66-0ca7-d835c3f79b6b/dj.mtxlnrdd.jpg/600x600bb.jpg
Bob Dylan,US,New Morning,1970,data/Bob Dylan/new_morning.jpg,https://is1-ssl.mzstatic.com/image/thumb/Music211/v4/ea/4f/fd/ea4ffd57-f99b-8d5d-2bd6-ed2413a9bad3/886443535404.jpg/600x600bb.jpg
Bob Dylan,US,Planet Waves,1974,data/Bob Dylan/planet_waves.jpg,https://is1-ssl.mzstatic.com/image/thumb/Music/9d/b4/2e/mzi.xnrzfiwp.jpg/600x600bb.jpg
Bob Dylan,US,Blood on the Tracks,1975,data/Bob Dylan/blood_on_the_tracks.jpg,https://is1-ssl.mzstatic.com/image/thumb/Music125/v4/34/6e/4d/346e4d1c-c9ef-cf7f-96d9-aad97286febb/074643323529.jpg/600x600bb.jpg
Bob Dylan,US,Desire,1976,data/Bob Dylan/desire.jpg,https://is1-ssl.mzstatic.com/image/thumb/Music125/v4/82/24/0c/82240c19-b000-fb0c-d4c2-8febaf3cae09/mzi.ajfuaous.jpg/600x600bb.jpg
Bob Dylan,US,Street-Legal,1978,data/Bob Dylan/street_legal.jpg,https://is1-ssl.mzstatic.com/image/thumb/Music124/v4/e4/9d/8f/e49d8fd1-7657-388d-2ccf-0596c37377be/886444247269.jpg/600x600bb.jpg
Bob Dylan,US,Slow Train Coming,1979,data/Bob Dylan/slow_train_coming.jpg,https://is1-ssl.mzstatic.com/image/thumb/Music/04/78/2f/mzi.vuydbaei.jpg/600x600bb.jpg
Bob Dylan,US,Infidels,1983,data/Bob Dylan/infidels.jpg,https://is1-ssl.mzstatic.com/image/thumb/Music114/v4/17/ca/f3/17caf345-4455-4602-39bf-e767a012acd8/827969239223.jpg/600x600bb.jpg
Bob Dylan,US,Oh Mercy,1989,data/Bob Dylan/oh_mercy.jpg,https://is1-ssl.mzstatic.com/image/thumb/Music125/v4/23/1d/63/231d638c-5c62-b36c-9795-890318462442/mzi.fehbjqzx.jpg/600x600bb.jpg
Bob Dylan,US,Time Out of Mind,1997,data/Bob Dylan/time_out_of_mind.jpg,https://is1-ssl.mzstatic.com/image/thumb/Features/3d/33/c8/dj.tbmerqlj.jpg/600x600bb.jpg
Bob Dylan,US,Love and Theft,2001,data/Bob Dylan/love_and_theft.jpg,https://is1-ssl.mzstatic.com/image/thumb/Music/v4/bd/4d/56/bd4d56c3-6dbc-8e24-c0c4-c144331d6ff7/886443614376.jpg/600x600bb.jpg
Bob Dylan,US,Modern Times,2006,data/Bob Dylan/modern_times.jpg,https://is1-ssl.mzstatic.com/image/thumb/Music124/v4/1b/6f/85/1b6f85fc-0eef-ffb8-46a5-1606ffe8cb31/dj.fixwbqei.jpg/600x600bb.jpg
Bob Dylan,US,Tempest,2012,data/Bob Dylan/tempest.jpg,https://is1-ssl.mzstatic.com/image/thumb/Music124/v4/28/fd/eb/28fdebf7-76df-c142-bb45-6750d1882145/886443552982.jpg/600x600bb.jpg
Bob Dylan,US,Rough and Rowdy Ways,2020,data/Bob Dylan/rough_and_rowdy_ways.jpg,https://is1-ssl.mzstatic.com/image/thumb/Music114/v4/5d/0f/f2/5d0ff2a6-52b4-b72c-8f10-804b2fb176f0/886448465690.jpg/600x600bb.jpg
Bon Jovi,US,Bon Jovi,1984,data/Bon Jovi/bon_jovi.jpg,https://is1-ssl.mzstatic.com/image/thumb/Music116/v4/2b/57/18/2b5718ef-b55e-f980-0d95-941952a186a8/14UMGIM44514.rgb.jpg/600x600bb.jpg
Bon Jovi,US,7800° Fahrenheit,1985,data/Bon Jovi/7800_fahrenheit.jpg,https://is1-ssl.mzstatic.com/image/thumb/Music123/v4/44/0e/d8/440ed800-bfb0-5427-524f-6dc2ea68d8a0/14UMGIM44515.rgb.jpg/600x600bb.jpg
Bon Jovi,US,Slippery When Wet,1986,data/Bon Jovi/slippery_when_wet.jpg,https://is1-ssl.mzstatic.com/image/thumb/Music112/v4/40/16/3e/40163e24-6985-b785-d4ea-cbae07d74812/06UMGIM05422.rgb.jpg/600x600bb.jpg
Bon Jovi,US,New Jersey,1988,data/Bon Jovi/new_jersey.jpg,https://is1-ssl.mzstatic.com/image/thumb/Music211/v4/00/49/77/004977a7-3c53-8f48-968d-404828e9573c/06UMGIM05419.rgb.jpg/600x600bb.jpg
Bon Jovi,US,Keep the Faith,1992,data/Bon Jovi/keep_the_faith.jpg,https://is1-ssl.mzstatic.com/image/thumb/Music125/v4/55/2b/c8/552bc84d-14d6-23b0-f4ec-dc2b8fd7bd53/14UMGIM44516.rgb.jpg/600x600bb.jpg
Bon Jovi,US,These Days,1995,data/Bon Jovi/these_days.jpg,https://is1-ssl.mzstatic.com/image/thumb/Music123/v4/42/c7/95/42c7950c-2d27-8f50-97fe-63ae66cbe3fe/14UMGIM44518.rgb.jpg/600x600bb.jpg
Bon Jovi,US,Crush,2000,data/Bon Jovi/crush.jpg,https://is1-ssl.mzstatic.com/image/thumb/Music221/v4/d5/ad/05/d5ad0586-8108-8da1-6017-3e915f26ad0b/14UMGIM44520.rgb.jpg/600x600bb.jpg
Bon Jovi,US,Bounce,2002,data/Bon Jovi/bounce.jpg,https://is1-ssl.mzstatic.com/image/thumb/Music124/v4/d7/cb/eb/d7cbebd7-5fd8-1ae1-dccb-f953b8ba78b0/00602547083432.rgb.jpg/600x600bb.jpg
Bon Jovi,US,Have a Nice Day,2005,data/Bon Jovi/have_a_nice_day.jpg,https://is1-ssl.mzstatic.com/image/thumb/Music211/v4/0a/0e/cc/0a0eccf7-796c-d2ea-a7de-83905c4d16c5/06UMGIM13565.rgb.jpg/600x600bb.jpg
Bon Jovi,US,Lost Highway,2007,data/Bon Jovi/lost_highway.jpg,https://is1-ssl.mzstatic.com/image/thumb/Music113/v4/12/0c/a9/120ca964-1d3d-a1ff-4f6f-23becc49fb09/14UMGIM44525.rgb.jpg/600x600bb.jpg
Bon Jovi,US,The Circle,2009,data/Bon Jovi/the_circle.jpg,https://is1-ssl.mzstatic.com/image/thumb/Music123/v4/fb/71/9f/fb719fba-4eb7-5fe4-2374-47213d8e2325/09UMGIM38129.rgb.jpg/600x600bb.jpg
Bon Jovi,US,Forever,2024,data/Bon Jovi/forever.jpg,https://is1-ssl.mzstatic.com/image/thumb/Music211/v4/38/2f/d0/382fd059-054c-625e-b10c-0c692f7d9b66/24UMGIM27342.rgb.jpg/600x600bb.jpg
Bruce Springsteen,US,"Greetings from Asbury Park, N.J.",1973,data/Bruce Springsteen/greetings_from_asbury_park_n_j.jpg,https://is1-ssl.mzstatic.com/image/thumb/Music114/v4/d0/4a/a2/d04aa204-3210-0ef9-6bac-cbb0905fc467/074643190329.jpg/600x600bb.jpg
Bruce Springsteen,US,"The Wild, the Innocent & the E Street Shuffle",1973,data/Bruce Springsteen/the_wild_the_innocent_the_e_street_shuffle.jpg,https://is1-ssl.mzstatic.com/image/thumb/Music125/v4/d3/44/7d/d3447d43-bb3e-477a-6de6-f27f616b0824/074643243223.jpg/600x600bb.jpg
Bruce Springsteen,US,Born to Run,1975,data/Bruce Springsteen/born_to_run.jpg,https://is1-ssl.mzstatic.com/image/thumb/Music115/v4/0a/02/f7/0a02f7a1-ca2a-c0d7-7192-50314971721f/884977157031.jpg/600x600bb.jpg
Bruce Springsteen,US,Darkness on the Edge of Town,1978,data/Bruce Springsteen/darkness_on_the_edge_of_town.jpg,https://is1-ssl.mzstatic.com/image/thumb/Music124/v4/b3/13/4e/b3134ed3-a05d-d3b2-8f96-8cddd067aa32/884977798753.jpg/600x600bb.jpg
Bruce Springsteen,US,The River,1980,data/Bruce Springsteen/the_river.jpg,https://is1-ssl.mzstatic.com/image/thumb/Music125/v4/ac/29/8f/ac298fbd-fa23-e8de-09d7-dec9c977f912/074643685429.jpg/600x600bb.jpg
Bruce Springsteen,US,Nebraska,1982,data/Bruce Springsteen/nebraska.jpg,https://is1-ssl.mzstatic.com/image/thumb/Music114/v4/76/2d/e5/762de50e-0967-4d24-c4da-752164312cd2/074643835824.jpg/600x600bb.jpg
Bruce Springsteen,US,Born in the U.S.A.,1984,data/Bruce Springsteen/born_in_the_u_s_a.jpg,https://is1-ssl.mzstatic.com/image/thumb/Music115/v4/32/72/68/327268ba-b9dd-b322-2a16-bdd0212df48c/074643865326.jpg/600x600bb.jpg
Bruce Springsteen,US,Tunnel of Love,1987,data/Bruce Springsteen/tunnel_of_love.jpg,https://is1-ssl.mzstatic.com/image/thumb/Music124/v4/bf/42/60/bf42601d-baf5-8e50-0784-28bc65aa9b80/074644099928.jpg/600x600bb.jpg
Bruce Springsteen,US,Human Touch,1992,data/Bruce Springsteen/human_touch.jpg,https://is1-ssl.mzstatic.com/image/thumb/Music114/v4/59/6c/26/596c2606-e279-5349-ac55-9215ebe08b74/074645300023.jpg/600x600bb.jpg
Bruce Springsteen,US,Lucky Town,1992,data/Bruce Springsteen/lucky_town.jpg,https://is1-ssl.mzstatic.com/image/thumb/Music124/v4/3b/4f/7f/3b4f7f6e-c5cd-0fb7-0e58-a7dc8b760c5b/074645300122.jpg/600x600bb.jpg
Bruce Springsteen,US,The Ghost of Tom Joad,1995,data/Bruce Springsteen/the_ghost_of_tom_joad.jpg,https://is1-ssl.mzstatic.com/image/thumb/Music114/v4/9a/b9/db/9ab9db43-344e-fc31-46b1-a0f2691bc922/074646748428.jpg/600x600bb.jpg
Bruce Springsteen,US,The Rising,2002,data/Bruce Springsteen/the_rising.jpg,https://is1-ssl.mzstatic.com/image/thumb/Music124/v4/9e/8a/55/9e8a55f7-a372-dd94-e637-e54088e57559/mzi.zjcvknck.jpg/600x600bb.jpg
Bruce Springsteen,US,Devils & Dust,2005,data/Bruce Springsteen/devils_dust.jpg,https://is1-ssl.mzstatic.com/image/thumb/Music122/v4/24/fc/42/24fc425f-a8ea-ddef-f9a0-c3f3595b1b86/888880885081.jpg/600x600bb.jpg
Bruce Springsteen,US,Magic,2007,data/Bruce Springsteen/magic.jpg,https://is1-ssl.mzstatic.com/image/thumb/Music118/v4/55/61/a4/5561a4e0-9c02-5699-8d9c-756939e7194c/886446843957.jpg/600x600bb.jpg
Bruce Springsteen,US,Working on a Dream,2009,data/Bruce Springsteen/working_on_a_dream.jpg,https://is1-ssl.mzstatic.com/image/thumb/Music114/v4/e5/22/16/e52216a6-5bdd-6f2d-6e46-aa48054d3957/mzi.nrrejozz.jpg/600x600bb.jpg
Bruce Springsteen,US,Wrecking Ball,2012,data/Bruce Springsteen/wrecking_ball.jpg,https://is1-ssl.mzstatic.com/image/thumb/Music113/v4/eb/e1/3e/ebe13ef8-2c72-6cd6-8c3a-daf0e08ddceb/886443344778.jpg/600x600bb.jpg
Bruce Springsteen,US,Western Stars,2019,data/Bruce Springsteen/western_stars.jpg,https://is1-ssl.mzstatic.com/image/thumb/Music113/v4/a4/ca/24/a4ca24ab-c77c-c088-f769-7685a0b8a046/886447562147.jpg/600x600bb.jpg
Bruce Springsteen,US,Letter to You,2020,data/Bruce Springsteen/letter_to_you.jpg,https://is1-ssl.mzstatic.com/image/thumb/Music115/v4/7d/8c/0c/7d8c0ce3-f1cf-26d3-cb30-a790baf3a026/886448711810.jpg/600x600bb.jpg
Coldplay,UK,Parachutes,2000,data/Coldplay/parachutes.jpg,https://is1-ssl.mzstatic.com/image/thumb/Music221/v4/f5/93/8c/f5938c49-964c-31d1-4b33-78b634f71fb7/190295978075.jpg/600x600bb.jpg
Coldplay,UK,A Rush of Blood to the Head,2002,data/Coldplay/a_rush_of_blood_to_the_head.jpg,https://is1-ssl.mzstatic.com/image/thumb/Music115/v4/b9/b4/2a/b9b42ad1-1e25-5096-da43-497a247e69a3/190295978051.jpg/600x600bb.jpg
Coldplay,UK,X&Y,2005,data/Coldplay/x_y.jpg,https://is1-ssl.mzstatic.com/image/thumb/Music115/v4/0c/82/48/0c8248a8-4a5b-d30d-8056-f32d650d2fc9/190295978068.jpg/600x600bb.jpg
Coldplay,UK,Viva la Vida or Death and All His Friends,2008,data/Coldplay/viva_la_vida_or_death_and_all_his_friends.jpg,https://is1-ssl.mzstatic.com/image/thumb/Music115/v4/52/aa/85/52aa851f-15b7-6322-f91f-df84b15b7b19/190295978044.jpg/600x600bb.jpg
Coldplay,UK,Mylo Xyloto,2011,data/Coldplay/mylo_xyloto.jpg,https://is1-ssl.mzstatic.com/image/thumb/Music115/v4/fa/41/1c/fa411c37-7a65-8a3e-71c9-4b566c49617c/5099967983858_1562x1562_300dpi.jpg/600x600bb.jpg
Coldplay,UK,Ghost Stories,2014,data/Coldplay/ghost_stories.jpg,https://is1-ssl.mzstatic.com/image/thumb/Features125/v4/60/90/ad/6090adc3-8863-861d-afcc-23c55c6fe5da/dj.vmtulfyu.jpg/600x600bb.jpg
Coldplay,UK,A Head Full of Dreams,2015,data/Coldplay/a_head_full_of_dreams.jpg,https://is1-ssl.mzstatic.com/image/thumb/Music115/v4/c8/0a/6d/c80a6df9-e55a-fb83-0311-f4776984ac67/mzm.lasidxkv.jpg/600x600bb.jpg
Coldplay,UK,Everyday Life,2019,data/Coldplay/everyday_life.jpg,https://is1-ssl.mzstatic.com/image/thumb/Music123/v4/c0/19/69/c0196997-ea66-9577-e894-022b1caf3e4f/190295323929.jpg/600x600bb.jpg
Coldplay,UK,Music of the Spheres,2021,data/Coldplay/music_of_the_spheres.jpg,https://is1-ssl.mzstatic.com/image/thumb/Music125/v4/df/60/00/df600071-c5c7-24e7-e4d7-1a6b71fa44e7/190296529818.jpg/600x600bb.jpg
Coldplay,UK,Moon Music,2024,data/Coldplay/moon_music.jpg,https://is1-ssl.mzstatic.com/image/thumb/Music211/v4/af/3c/0f/af3c0fe2-1c4f-8499-67a8-14a8e41fdbf8/5021732410535.jpg/600x600bb.jpg
Cream,UK,Fresh Cream,1966,data/Cream/fresh_cream.jpg,https://is1-ssl.mzstatic.com/image/thumb/Music125/v4/6a/62/f4/6a62f422-4de6-1576-efac-570a4363377f/00602537802982.rgb.jpg/600x600bb.jpg
Cream,UK,Disraeli Gears,1967,data/Cream/disraeli_gears.jpg,https://is1-ssl.mzstatic.com/image/thumb/Music115/v4/9f/3f/da/9f3fdaab-98af-bec1-633c-212a2705ccf3/00602537802913.rgb.jpg/600x600bb.jpg
Cream,UK,Wheels of Fire,1968,data/Cream/wheels_of_fire.jpg,https://is1-ssl.mzstatic.com/image/thumb/Music125/v4/c3/3d/f7/c33df7d6-72be-fefe-d517-907633e2aa59/00602537803163.rgb.jpg/600x600bb.jpg
Cream,UK,Goodbye,1969,data/Cream/goodbye.jpg,https://is1-ssl.mzstatic.com/image/thumb/Music124/v4/81/78/a2/8178a241-b565-9a62-0fb1-5893639ca0b6/00602537803026.rgb.jpg/600x600bb.jpg
Creedence Clearwater Revival,US,Creedence Clearwater Revival,1968,data/Creedence Clearwater Revival/creedence_clearwater_revival.jpg,https://is1-ssl.mzstatic.com/image/thumb/Music221/v4/a8/d8/c5/a8d8c5d8-98e3-b07d-76c6-b87448a24be4/14CMGIM00708.rgb.jpg/600x600bb.jpg
Creedence Clearwater Revival,US,Bayou Country,1969,data/Creedence Clearwater Revival/bayou_country.jpg,https://is1-ssl.mzstatic.com/image/thumb/Music221/v4/79/39/6d/79396d4f-53bc-4614-d3e8-b5d42ec4be33/14CMGIM00710.rgb.jpg/600x600bb.jpg
Creedence Clearwater Revival,US,Green River,1969,data/Creedence Clearwater Revival/green_river.jpg,https://is1-ssl.mzstatic.com/image/thumb/Music115/v4/88/16/20/881620df-9161-61e8-2295-99c6740871b8/00888072355972.rgb.jpg/600x600bb.jpg
Creedence Clearwater Revival,US,Willy and the Poor Boys,1969,data/Creedence Clearwater Revival/willy_and_the_poor_boys.jpg,https://is1-ssl.mzstatic.com/image/thumb/Music221/v4/29/1b/da/291bda3c-1743-c65c-41a6-f22a88936136/14CMGIM00939.rgb.jpg/600x600bb.jpg
Creedence Clearwater Revival,US,Cosmo's Factory,1970,data/Creedence Clearwater Revival/cosmo_s_factory.jpg,https://is1-ssl.mzstatic.com/image/thumb/Music115/v4/f3/81/ca/f381ca2b-0779-4102-2c64-8b2563eedb96/00888072355996.rgb.jpg/600x600bb.jpg
Creedence Clearwater Revival,US,Pendulum,1970,data/Creedence Clearwater Revival/pendulum.jpg,https://is1-ssl.mzstatic.com/image/thumb/Music115/v4/fb/93/81/fb938141-0ec9-ff80-3b57-3d3d0979e4b3/00888072356085.rgb.jpg/600x600bb.jpg
Creedence Clearwater Revival,US,Mardi Gras,1972,data/Creedence Clearwater Revival/mardi_gras.jpg,https://is1-ssl.mzstatic.com/image/thumb/Music221/v4/2a/d2/4e/2ad24e9b-01cc-0095-59e1-3f84f01e80c3/14CMGIM01012.rgb.jpg/600x600bb.jpg
David Bowie,UK,Space Oddity,1969,data/David Bowie/space_oddity.jpg,https://is1-ssl.mzstatic.com/image/thumb/Music123/v4/40/52/b1/4052b1a6-63cd-4527-531e-236f590cf981/190295410728.jpg/600x600bb.jpg
David Bowie,UK,The Man Who Sold the World,1970,data/David Bowie/the_man_who_sold_the_world.jpg,https://is1-ssl.mzstatic.com/image/thumb/Music124/v4/9e/66/d5/9e66d517-3879-5747-da4c-7ac31f246093/825646286072.jpg/600x600bb.jpg
David Bowie,UK,Hunky Dory,1971,data/David Bowie/hunky_dory.jpg,https://is1-ssl.mzstatic.com/image/thumb/Music125/v4/f0/b9/68/f0b9680e-b028-b3d6-f793-7c268256499a/825646286034.jpg/600x600bb.jpg
David Bowie,UK,The Rise and Fall of Ziggy Stardust and the Spiders from Mars,1972,data/David Bowie/the_rise_and_fall_of_ziggy_stardust_and_the_spiders_from_mars.jpg,https://is1-ssl.mzstatic.com/image/thumb/Music114/v4/5f/fa/56/5ffa56c2-ea1f-7a17-6bad-192ff9b6476d/825646124206.jpg/600x600bb.jpg
David Bowie,UK,Aladdin Sane,1973,data/David Bowie/aladdin_sane.jpg,https://is1-ssl.mzstatic.com/image/thumb/Music115/v4/32/aa/3e/32aa3eeb-830e-e378-dd40-ac2b701066d8/825646123582.jpg/600x600bb.jpg
David Bowie,UK,Pin Ups,1973,data/David Bowie/pin_ups.jpg,https://is1-ssl.mzstatic.com/image/thumb/Music6/v4/be/00/aa/be00aaf6-9cf4-da5d-0046-f79b4251e135/825646285990.jpg/600x600bb.jpg
David Bowie,UK,Diamond Dogs,1974,data/David Bowie/diamond_dogs.jpg,https://is1-ssl.mzstatic.com/image/thumb/Music122/v4/05/3a/fb/053afbb1-d7ec-6a7f-57d9-0d7bea7c38c6/190295990381.jpg/600x600bb.jpg
David Bowie,UK,Young Americans,1975,data/David Bowie/young_americans.jpg,https://is1-ssl.mzstatic.com/image/thumb/Music124/v4/0a/a7/0c/0aa70c09-e325-3900-6a5e-1557ff7ce710/190295990329.jpg/600x600bb.jpg
David Bowie,UK,Station to Station,1976,data/David Bowie/station_to_station.jpg,https://is1-ssl.mzstatic.com/image/thumb/Music124/v4/91/d8/47/91d847ac-8e39-85b0-36a6-ab3b8db46803/190295990268.jpg/600x600bb.jpg
David Bowie,UK,Low,1977,data/David Bowie/low.jpg,https://is1-ssl.mzstatic.com/image/thumb/Music124/v4/f7/49/2d/f7492da6-164e-b023-4b17-937329c35458/190295842895.jpg/600x600bb.jpg
David Bowie,UK,Heroes,1977,data/David Bowie/heroes.jpg,https://is1-ssl.mzstatic.com/image/thumb/Music115/v4/e2/65/b2/e265b2ae-48d5-9dd8-0251-6cd6c6c4eb53/190295842826.jpg/600x600bb.jpg
David Bowie,UK,Lodger,1979,data/David Bowie/lodger.jpg,https://is1-ssl.mzstatic.com/image/thumb/Music62/v4/fb/2b/40/fb2b4061-9d2e-f1d2-4fa4-172af91b3539/190295842659.jpg/600x600bb.jpg
David Bowie,UK,Scary Monsters (and Super Creeps),1980,data/David Bowie/scary_monsters_and_super_creeps.jpg,https://is1-ssl.mzstatic.com/image/thumb/Music124/v4/71/fe/14/71fe14df-5d77-9d69-2968-c38b6bfa82a4/190295842598.jpg/600x600bb.jpg
David Bowie,UK,Let's Dance,1983,data/David Bowie/let_s_dance.jpg,https://is1-ssl.mzstatic.com/image/thumb/Music115/v4/bd/df/9d/bddf9d26-d45a-278f-26c1-e5274094cb27/190295671600.jpg/600x600bb.jpg
David Bowie,UK,Tonight,1984,data/David Bowie/tonight.jpg,https://is1-ssl.mzstatic.com/image/thumb/Music113/v4/28/03/39/280339fe-123a-3550-9ab1-aa1381fb5696/190295671457.jpg/600x600bb.jpg
David Bowie,UK,Never Let Me Down,1987,data/David Bowie/never_let_me_down.jpg,https://is1-ssl.mzstatic.com/image/thumb/Music113/v4/86/16/04/86160477-fc31-a5c6-fd64-eb6c5fdcb10e/190295671426.jpg/600x600bb.jpg
David Bowie,UK,Black Tie White Noise,1993,data/David Bowie/black_tie_white_noise.jpg,https://is1-ssl.mzstatic.com/image/thumb/Music221/v4/d9/2e/69/d92e69cb-595b-c15c-8772-a8296e8e2609/190295253424.jpg/600x600bb.jpg
David Bowie,UK,1. Outside,1995,data/David Bowie/1_outside.jpg,https://is1-ssl.mzstatic.com/image/thumb/Music211/v4/5d/88/50/5d885094-c60d-9423-c79d-c2f6df212aad/190295253363.jpg/600x600bb.jpg
David Bowie,UK,Earthling,1997,data/David Bowie/earthling.jpg,https://is1-ssl.mzstatic.com/image/thumb/Music22/v4/2f/25/29/2f2529e2-4a65-a099-c61b-80b56bf1ba8a/mzm.ffigibef.jpg/600x600bb.jpg
David Bowie,UK,Hours,1999,data/David Bowie/hours.jpg,https://is1-ssl.mzstatic.com/image/thumb/Music124/v4/61/22/8e/61228e10-0fc7-1c3a-1674-2c2f97e99ede/mzm.ucigsvzz.jpg/600x600bb.jpg
David Bowie,UK,Heathen,2002,data/David Bowie/heathen.jpg,https://is1-ssl.mzstatic.com/image/thumb/Music126/v4/ad/64/86/ad64863b-3a90-2dd4-b064-38811178d993/5054197573927.jpg/600x600bb.jpg
David Bowie,UK,Reality,2003,data/David Bowie/reality.jpg,https://is1-ssl.mzstatic.com/image/thumb/Music116/v4/bc/19/5a/bc195ac1-3f08-2bcc-c28f-194484660eca/5054197573934.jpg/600x600bb.jpg
David Bowie,UK,The Next Day,2013,data/David Bowie/the_next_day.jpg,https://is1-ssl.mzstatic.com/image/thumb/Music126/v4/07/45/1b/07451ba7-2e89-ed58-4602-7232893fa3ee/5054197573965.jpg/600x600bb.jpg
David Bowie,UK,Blackstar,2016,data/David Bowie/blackstar.jpg,https://is1-ssl.mzstatic.com/image/thumb/Music126/v4/cd/c9/0d/cdc90daa-b426-916f-163a-1ff65a6f4108/5054197573972.jpg/600x600bb.jpg
Deep Purple,UK,Shades of Deep Purple,1968,data/Deep Purple/shades_of_deep_purple.jpg,https://is1-ssl.mzstatic.com/image/thumb/Music128/v4/79/24/fe/7924fe9f-f002-bba5-64f9-02fa64379a41/00602577178375.rgb.jpg/600x600bb.jpg
Deep Purple,UK,Deep Purple,1969,data/Deep Purple/deep_purple.jpg,https://is1-ssl.mzstatic.com/image/thumb/Features114/v4/bf/81/d2/bf81d22e-6356-9866-ad3c-e017ea7c5430/dj.lckhvcsl.jpg/600x600bb.jpg
Deep Purple,UK,Deep Purple in Rock,1970,data/Deep Purple/deep_purple_in_rock.jpg,https://is1-ssl.mzstatic.com/image/thumb/Music113/v4/d0/a7/34/d0a73465-1217-217e-376f-0afc99996dc2/190295974220.jpg/600x600bb.jpg
Deep Purple,UK,Fireball,1971,data/Deep Purple/fireball.jpg,https://is1-ssl.mzstatic.com/image/thumb/Music20/v4/ca/31/dc/ca31dc9b-37e8-978d-f591-acd616bd3bbe/190295974213.jpg/600x600bb.jpg
Deep Purple,UK,Machine Head,1972,data/Deep Purple/machine_head.jpg,https://is1-ssl.mzstatic.com/image/thumb/Music125/v4/09/70/d0/0970d0fa-a46d-049b-125c-d131171fce1c/603497877393.jpg/600x600bb.jpg
Deep Purple,UK,Burn,1974,data/Deep Purple/burn.jpg,https://is1-ssl.mzstatic.com/image/thumb/Music124/v4/09/71/60/09716042-e912-1fb8-de4f-1d2de8bf5c57/603497877751.jpg/600x600bb.jpg
Deep Purple,UK,Stormbringer,1974,data/Deep Purple/stormbringer.jpg,https://is1-ssl.mzstatic.com/image/thumb/Music69/v4/f2/b9/6b/f2b96bbf-1bf3-1a86-2bd4-c0b0773b02bd/603497877768.jpg/600x600bb.jpg
Deep Purple,UK,Perfect Strangers,1984,data/Deep Purple/perfect_strangers.jpg,https://is1-ssl.mzstatic.com/image/thumb/Music125/v4/74/2f/93/742f932b-551d-76da-2bd0-c7860b803812/18UMGIM31697.rgb.jpg/600x600bb.jpg
Deep Purple,UK,Now What?!,2013,data/Deep Purple/now_what.jpg,https://is1-ssl.mzstatic.com/image/thumb/Music112/v4/24/19/6c/24196cba-0a26-00bc-7e07-14b4c334ec22/cover.jpg/600x600bb.jpg
Deep Purple,UK,=1,2024,data/Deep Purple/1.jpg,https://is1-ssl.mzstatic.com/image/thumb/Music211/v4/9f/02/5e/9f025edb-edb6-e7c1-de46-7eff80353d39/4029759198574.jpg/600x600bb.jpg
Def Leppard,UK,On Through the Night,1980,data/Def Leppard/on_through_the_night.jpg,https://is1-ssl.mzstatic.com/image/thumb/Music124/v4/27/52/fb/2752fb38-97ef-2b9a-3fa0-2efa1f234fa5/19UMGIM77633.rgb.jpg/600x600bb.jpg
Def Leppard,UK,High 'n' Dry,1981,data/Def Leppard/high_n_dry.jpg,https://is1-ssl.mzstatic.com/image/thumb/Music124/v4/98/9d/2e/989d2e39-6077-b384-95b3-8f9f2ffc8744/19UMGIM77632.rgb.jpg/600x600bb.jpg
Def Leppard,UK,Pyromania,1983,data/Def Leppard/pyromania.jpg,https://is1-ssl.mzstatic.com/image/thumb/Music124/v4/99/ef/71/99ef71ff-eaea-7bb7-c479-c079f14b0a5b/17UM1IM41551.rgb.jpg/600x600bb.jpg
Def Leppard,UK,Hysteria,1987,data/Def Leppard/hysteria.jpg,https://is1-ssl.mzstatic.com/image/thumb/Music115/v4/0f/76/fa/0f76fa8d-8341-c0af-84d8-543b9193c728/17UM1IM41552.rgb.jpg/600x600bb.jpg
Def Leppard,UK,Adrenalize,1992,data/Def Leppard/adrenalize.jpg,https://is1-ssl.mzstatic.com/image/thumb/Music124/v4/4d/76/28/4d76285a-c319-fd53-14b6-409f19c5e806/00602567295556.rgb.jpg/600x600bb.jpg
Def Leppard,UK,Slang,1996,data/Def Leppard/slang.jpg,https://is1-ssl.mzstatic.com/image/thumb/Music116/v4/94/0c/14/940c14c7-27bb-19bf-c363-579d175cdc81/22UM1IM44880.rgb.jpg/600x600bb.jpg
Def Leppard,UK,Euphoria,1999,data/Def Leppard/euphoria.jpg,https://is1-ssl.mzstatic.com/image/thumb/Music118/v4/d0/0e/f1/d00ef1cf-aa66-57c5-4100-7db294339f65/00602567393658.rgb.jpg/600x600bb.jpg
Def Leppard,UK,X,2002,data/Def Leppard/x.jpg,https://is1-ssl.mzstatic.com/image/thumb/Music118/v4/b4/3b/bb/b43bbb0b-6fb6-1c28-69be-cbf715f0de58/00602567348245.rgb.jpg/600x600bb.jpg
Def Leppard,UK,Songs from the Sparkle Lounge,2008,data/Def Leppard/songs_from_the_sparkle_lounge.jpg,https://is1-ssl.mzstatic.com/image/thumb/Music118/v4/d4/7d/4a/d47d4ac8-cc30-f167-002f-c1ec2eb62d9e/00602567157823.rgb.jpg/600x600bb.jpg
Def Leppard,UK,Def Leppard,2015,data/Def Leppard/def_leppard.jpg,https://is1-ssl.mzstatic.com/image/thumb/Music116/v4/05/dd/ea/05ddeaf7-62dd-2a07-a7ef-e26edcd3159f/22UM1IM44845.rgb.jpg/600x600bb.jpg
Def Leppard,UK,Diamond Star Halos,2022,data/Def Leppard/diamond_star_halos.jpg,https://is1-ssl.mzstatic.com/image/thumb/Music116/v4/37/98/72/3798725c-a13c-05ce-4211-24c447c1fc59/21UM1IM27031.rgb.jpg/600x600bb.jpg
Depeche Mode,UK,Speak & Spell,1981,data/Depeche Mode/speak_spell.jpg,https://is1-ssl.mzstatic.com/image/thumb/Music113/v4/11/25/40/112540ba-cd42-0644-6828-95eba75121c8/0094635797657.jpg/600x600bb.jpg
Depeche Mode,UK,A Broken Frame,1982,data/Depeche Mode/a_broken_frame.jpg,https://is1-ssl.mzstatic.com/image/thumb/Music123/v4/c1/08/2b/c1082b58-98d9-a535-38d2-7af18cb4e886/0094637006054.jpg/600x600bb.jpg
Depeche Mode,UK,Construction Time Again,1983,data/Depeche Mode/construction_time_again.jpg,https://is1-ssl.mzstatic.com/image/thumb/Music113/v4/46/ac/0b/46ac0b55-7f6e-03d3-d1ac-d050b35dbedc/886445705072.jpg/600x600bb.jpg
Depeche Mode,UK,Some Great Reward,1984,data/Depeche Mode/some_great_reward.jpg,https://is1-ssl.mzstatic.com/image/thumb/Music114/v4/18/68/6e/18686e0d-2f83-2424-87fe-190d513920e3/0094637006351.jpg/600x600bb.jpg
Depeche Mode,UK,Black Celebration,1986,data/Depeche Mode/black_celebration.jpg,https://is1-ssl.mzstatic.com/image/thumb/Music125/v4/6f/62/48/6f6248c6-95a1-3d96-5ffb-008547a6fb5f/886449461059.jpg/600x600bb.jpg
Depeche Mode,UK,Music for the Masses,1987,data/Depeche Mode/music_for_the_masses.jpg,https://is1-ssl.mzstatic.com/image/thumb/Music115/v4/fb/84/e0/fb84e05f-3b17-11a7-250b-139d403c10bc/886445705096.jpg/600x600bb.jpg
Depeche Mode,UK,Violator,1990,data/Depeche Mode/violator.jpg,https://is1-ssl.mzstatic.com/image/thumb/Music125/v4/5c/0e/66/5c0e66c0-d383-5641-3ec0-4bdb629c49ad/886445705119.jpg/600x600bb.jpg
Depeche Mode,UK,Songs of Faith and Devotion,1993,data/Depeche Mode/songs_of_faith_and_devotion.jpg,https://is1-ssl.mzstatic.com/image/thumb/Music125/v4/d0/e0/ed/d0e0edf6-68d3-d385-5067-4317d47f70f0/0094637006757.jpg/600x600bb.jpg
Depeche Mode,UK,Ultra,1997,data/Depeche Mode/ultra.jpg,https://is1-ssl.mzstatic.com/image/thumb/Music113/v4/c1/c7/6d/c1c76d38-2d53-4fbf-6382-24467ebda3e1/886445705133.jpg/600x600bb.jpg
Depeche Mode,UK,Exciter,2001,data/Depeche Mode/exciter.jpg,https://is1-ssl.mzstatic.com/image/thumb/Music124/v4/77/35/4a/77354a79-27c3-0da1-f1f1-644c728b8b74/886445705140.jpg/600x600bb.jpg
Depeche Mode,UK,Playing the Angel,2005,data/Depeche Mode/playing_the_angel.jpg,https://is1-ssl.mzstatic.com/image/thumb/Music123/v4/a2/97/bf/a297bf95-cf90-d236-fb2c-a73f27b444c8/0094634225854.jpg/600x600bb.jpg
Depeche Mode,UK,Sounds of the Universe,2009,data/Depeche Mode/sounds_of_the_universe.jpg,https://is1-ssl.mzstatic.com/image/thumb/Music113/v4/da/35/a3/da35a3e5-e548-fa64-d67b-073e6605a3e3/5099969962455.jpg/600x600bb.jpg
Depeche Mode,UK,Delta Machine,2013,data/Depeche Mode/delta_machine.jpg,https://is1-ssl.mzstatic.com/image/thumb/Music124/v4/95/d5/54/95d554e6-02a9-079c-c01b-dba663d8e0ca/886443828223.jpg/600x600bb.jpg
Depeche Mode,UK,Spirit,2017,data/Depeche Mode/spirit.jpg,https://is1-ssl.mzstatic.com/image/thumb/Music124/v4/85/dc/ae/85dcae90-7cb9-f267-8d38-88f197e8552e/886446342863.jpg/600x600bb.jpg
Depeche Mode,UK,Memento Mori,2023,data/Depeche Mode/memento_mori.jpg,https://is1-ssl.mzstatic.com/image/thumb/Music126/v4/b9/e3/01/b9e3017a-e072-d408-c017-488a2a8609e7/196589699763.jpg/600x600bb.jpg
Dire Straits,UK,Dire Straits,1978,data/Dire Straits/dire_straits.jpg,https://is1-ssl.mzstatic.com/image/thumb/Music/47/c3/21/mzi.ciyzkqao.jpg/600x600bb.jpg
Dire Straits,UK,Communiqué,1979,data/Dire Straits/communiqu.jpg,https://is1-ssl.mzstatic.com/image/thumb/Music124/v4/cc/bb/a0/ccbba061-8408-8735-8ef3-c2e62b474af5/dj.ohdjbqez.jpg/600x600bb.jpg
Dire Straits,UK,Making Movies,1980,data/Dire Straits/making_movies.jpg,https://is1-ssl.mzstatic.com/image/thumb/Music/4d/de/03/mzi.ufzygzcb.jpg/600x600bb.jpg
Dire Straits,UK,Love over Gold,1982,data/Dire Straits/love_over_gold.jpg,https://is1-ssl.mzstatic.com/image/thumb/Music/y2005/m06/d22/h07/s05.vercwljr.jpg/600x600bb.jpg
Dire Straits,UK,Brothers in Arms,1985,data/Dire Straits/brothers_in_arms.jpg,https://is1-ssl.mzstatic.com/image/thumb/Music115/v4/e8/bd/54/e8bd54fd-6595-4ebf-aa4c-58139ed316e6/dj.bngafruf.jpg/600x600bb.jpg
Dire Straits,UK,On Every Street,1991,data/Dire Straits/on_every_street.jpg,https://is1-ssl.mzstatic.com/image/thumb/Music124/v4/d4/6a/41/d46a418d-8fd5-c389-1a4a-c8c9c5c21c10/mzi.gobwatvn.jpg/600x600bb.jpg
Dua Lipa,UK,Dua Lipa,2017,data/Dua Lipa/dua_lipa.jpg,https://is1-ssl.mzstatic.com/image/thumb/Music126/v4/c1/54/2d/c1542d45-c6c2-12ca-7308-6eacd762c562/190295807870.jpg/600x600bb.jpg
Dua Lipa,UK,Future Nostalgia,2020,data/Dua Lipa/future_nostalgia.jpg,https://is1-ssl.mzstatic.com/image/thumb/Music116/v4/96/93/54/969354a7-8985-7833-7160-93e38110b745/190295042998.jpg/600x600bb.jpg
Dua Lipa,UK,Radical Optimism,2024,data/Dua Lipa/radical_optimism.jpg,https://is1-ssl.mzstatic.com/image/thumb/Music211/v4/ed/e8/1c/ede81c4b-593d-913a-cfe4-3b12496f67e5/5021732254870.jpg/600x600bb.jpg
Duran Duran,UK,Duran Duran,1981,data/Duran Duran/duran_duran.jpg,https://is1-ssl.mzstatic.com/image/thumb/Music4/v4/1b/36/92/1b36928f-b56c-11cd-b7d7-f2a4bf470a73/077774604253.jpg/600x600bb.jpg
Duran Duran,UK,Rio,1982,data/Duran Duran/rio.jpg,https://is1-ssl.mzstatic.com/image/thumb/Features125/v4/c5/cf/12/c5cf12af-aa53-9324-1bbe-6886c0ab8168/dj.yciqxcrk.jpg/600x600bb.jpg
Duran Duran,UK,Seven and the Ragged Tiger,1983,data/Duran Duran/seven_and_the_ragged_tiger.jpg,https://is1-ssl.mzstatic.com/image/thumb/Music211/v4/89/5c/05/895c054a-86c6-235c-629e-f6c2af34b6b6/077774601559.jpg/600x600bb.jpg
Duran Duran,UK,Notorious,1986,data/Duran Duran/notorious.jpg,https://is1-ssl.mzstatic.com/image/thumb/Features114/v4/49/26/42/492642df-7519-ce37-15bc-d029ff0af1a1/dj.wjnirksf.jpg/600x600bb.jpg
Duran Duran,UK,Big Thing,1988,data/Duran Duran/big_thing.jpg,https://is1-ssl.mzstatic.com/image/thumb/Music221/v4/19/7b/37/197b375c-c9c5-9fc5-2e72-d72d118459c4/5099990626852.jpg/600x600bb.jpg
Duran Duran,UK,Liberty,1990,data/Duran Duran/liberty.jpg,https://is1-ssl.mzstatic.com/image/thumb/Music4/v4/83/df/c0/83dfc0f1-649f-b03a-cb10-5aecdd7e82e0/0077779429257_1500x1500_300dpi.jpg/600x600bb.jpg
Duran Duran,UK,The Wedding Album,1993,data/Duran Duran/the_wedding_album.jpg,https://is1-ssl.mzstatic.com/image/thumb/Music115/v4/e9/43/cb/e943cba9-b641-14a9-c5cb-52e67cef101c/077779887651.jpg/600x600bb.jpg
Duran Duran,UK,Astronaut,2004,data/Duran Duran/astronaut.jpg,https://is1-ssl.mzstatic.com/image/thumb/Music124/v4/e7/4c/7f/e74c7fde-557e-aa5e-ba08-54b68c1107e1/4050538673876.jpg/600x600bb.jpg
Duran Duran,UK,All You Need Is Now,2010,data/Duran Duran/all_you_need_is_now.jpg,https://is1-ssl.mzstatic.com/image/thumb/Music/b3/93/56/mzi.ayobiavq.jpg/600x600bb.jpg
Duran Duran,UK,Paper Gods,2015,data/Duran Duran/paper_gods.jpg,https://is1-ssl.mzstatic.com/image/thumb/Music115/v4/e6/da/36/e6da36d3-ba77-9942-3c06-e530ba269a9b/093624925163.jpg/600x600bb.jpg
Duran Duran,UK,Future Past,2021,data/Duran Duran/future_past.jpg,https://is1-ssl.mzstatic.com/image/thumb/Music126/v4/04/31/94/043194e2-01c8-e7f6-4870-817101ca6b73/4050538778960.jpg/600x600bb.jpg
Duran Duran,UK,Danse Macabre,2023,data/Duran Duran/danse_macabre.jpg,https://is1-ssl.mzstatic.com/image/thumb/Music126/v4/d5/d0/e6/d5d0e6a3-a8ff-9a2d-ea61-f05fb95a8d06/4050538957877.jpg/600x600bb.jpg
Eagles,US,Eagles,1972,data/Eagles/eagles.jpg,https://is1-ssl.mzstatic.com/image/thumb/Music125/v4/8f/e7/f4/8fe7f417-d464-8879-b00e-3d4965a9cfd1/075596062329.jpg/600x600bb.jpg
Eagles,US,Desperado,1973,data/Eagles/desperado.jpg,https://is1-ssl.mzstatic.com/image/thumb/Music115/v4/f5/ef/50/f5ef504b-c66a-6645-621c-c279468cc28f/075596062725.jpg/600x600bb.jpg
Eagles,US,On the Border,1974,data/Eagles/on_the_border.jpg,https://is1-ssl.mzstatic.com/image/thumb/Music125/v4/b2/01/ac/b201ac0a-d696-7e94-9133-5d0160adb847/075596059527.jpg/600x600bb.jpg
Eagles,US,One of These Nights,1975,data/Eagles/one_of_these_nights.jpg,https://is1-ssl.mzstatic.com/image/thumb/Music124/v4/db/d5/c4/dbd5c44a-a30f-08ff-256b-1e9b2ed6d4cd/075596032926.jpg/600x600bb.jpg
Eagles,US,Hotel California,1976,data/Eagles/hotel_california.jpg,https://is1-ssl.mzstatic.com/image/thumb/Music115/v4/88/16/2c/88162c3d-46db-8321-61f3-3a47404cfe76/075596050920.jpg/600x600bb.jpg
Eagles,US,The Long Run,1979,data/Eagles/the_long_run.jpg,https://is1-ssl.mzstatic.com/image/thumb/Music115/v4/9a/54/6e/9a546e8b-f994-8d1f-a94b-d2d642dee4ce/075596056021.jpg/600x600bb.jpg
Eagles,US,Long Road Out of Eden,2007,data/Eagles/long_road_out_of_eden.jpg,https://is1-ssl.mzstatic.com/image/thumb/Music124/v4/4f/2b/1a/4f2b1a12-4658-9afd-deed-27295c955b40/603497860869.jpg/600x600bb.jpg
"Earth, Wind & Fire",US,"Earth, Wind & Fire",1971,"data/Earth, Wind & Fire/earth_wind_fire.jpg",https://is1-ssl.mzstatic.com/image/thumb/Music/b2/2d/17/mzi.rqvhxlnw.jpg/600x600bb.jpg
"Earth, Wind & Fire",US,Head to the Sky,1973,"data/Earth, Wind & Fire/head_to_the_sky.jpg",https://is1-ssl.mzstatic.com/image/thumb/Music124/v4/80/e4/56/80e456ab-4012-9f58-f4a5-42ee82965649/886443461277.jpg/600x600bb.jpg
"Earth, Wind & Fire",US,Open Our Eyes,1974,"data/Earth, Wind & Fire/open_our_eyes.jpg",https://is1-ssl.mzstatic.com/image/thumb/Music114/v4/cc/9d/70/cc9d7078-7ab8-a991-6786-9fb3ecddd7bf/886443461390.jpg/600x600bb.jpg
"Earth, Wind & Fire",US,That's the Way of the World,1975,"data/Earth, Wind & Fire/that_s_the_way_of_the_world.jpg",https://is1-ssl.mzstatic.com/image/thumb/Music49/v4/1d/86/bc/1d86bc2d-1007-3b47-2652-f4a58fb0eaa0/dj.amgioild.jpg/600x600bb.jpg
"Earth, Wind & Fire",US,Spirit,1976,"data/Earth, Wind & Fire/spirit.jpg",https://is1-ssl.mzstatic.com/image/thumb/Music124/v4/5a/43/e2/5a43e229-6089-8e7b-8969-7f94edb9c7e3/886443461482.jpg/600x600bb.jpg
"Earth, Wind & Fire",US,All 'n All,1977,"data/Earth, Wind & Fire/all_n_all.jpg",https://is1-ssl.mzstatic.com/image/thumb/Features115/v4/48/e7/e5/48e7e5be-c322-26ed-1b77-feb2f56eb06b/dj.hzoxakii.jpg/600x600bb.jpg
"Earth, Wind & Fire",US,I Am,1979,"data/Earth, Wind & Fire/i_am.jpg",https://is1-ssl.mzstatic.com/image/thumb/Music124/v4/f5/e8/07/f5e80744-6cf3-d663-c847-58324746ad6b/mzi.ogtxruar.jpg/600x600bb.jpg
"Earth, Wind & Fire",US,Faces,1980,"data/Earth, Wind & Fire/faces.jpg",https://is1-ssl.mzstatic.com/image/thumb/Music211/v4/21/e1/79/21e17901-0aae-7bf9-a409-a757e31136dd/886443461543.jpg/600x600bb.jpg
"Earth, Wind & Fire",US,Raise!,1981,"data/Earth, Wind & Fire/raise.jpg",https://is1-ssl.mzstatic.com/image/thumb/Features125/v4/ca/f8/29/caf82937-caba-e739-79b1-fe53a673dd53/dj.vikfvxxi.jpg/600x600bb.jpg
"Earth, Wind & Fire",US,Powerlight,1983,"data/Earth, Wind & Fire/powerlight.jpg",https://is1-ssl.mzstatic.com/image/thumb/Features124/v4/db/51/5f/db515f72-1998-615c-1c73-edff93313ac5/dj.mvwqjcyf.jpg/600x600bb.jpg
Ed Sheeran,UK,+,2011,data/Ed Sheeran/.jpg,https://is1-ssl.mzstatic.com/image/thumb/Music115/v4/15/e6/e8/15e6e8a4-4190-6a8b-86c3-ab4a51b88288/190295851286.jpg/600x600bb.jpg
Ed Sheeran,UK,x,2014,data/Ed Sheeran/x.jpg,https://is1-ssl.mzstatic.com/image/thumb/Features125/v4/a7/7b/92/a77b92fc-d331-dd1b-8772-80597dc51fd0/dj.xllwtvne.jpg/600x600bb.jpg
Ed Sheeran,UK,÷,2017,data/Ed Sheeran/.jpg,https://is1-ssl.mzstatic.com/image/thumb/Music115/v4/15/e6/e8/15e6e8a4-4190-6a8b-86c3-ab4a51b88288/190295851286.jpg/600x600bb.jpg
Ed Sheeran,UK,No.6 Collaborations Project,2019,data/Ed Sheeran/no_6_collaborations_project.jpg,https://is1-ssl.mzstatic.com/image/thumb/Music123/v4/ba/e2/2a/bae22a5e-c878-da64-0ecc-4a3584a1a139/190295411411.jpg/600x600bb.jpg
Ed Sheeran,UK,=,2021,data/Ed Sheeran/.jpg,https://is1-ssl.mzstatic.com/image/thumb/Music115/v4/15/e6/e8/15e6e8a4-4190-6a8b-86c3-ab4a51b88288/190295851286.jpg/600x600bb.jpg
Ed Sheeran,UK,-,2023,data/Ed Sheeran/.jpg,https://is1-ssl.mzstatic.com/image/thumb/Music115/v4/15/e6/e8/15e6e8a4-4190-6a8b-86c3-ab4a51b88288/190295851286.jpg/600x600bb.jpg
Ed Sheeran,UK,Autumn Variations,2023,data/Ed Sheeran/autumn_variations.jpg,https://is1-ssl.mzstatic.com/image/thumb/Music116/v4/a8/2a/1a/a82a1a21-6ef1-e050-46f5-e4d69647ec39/5054197789243.jpg/600x600bb.jpg
Electric Light Orchestra,UK,The Electric Light Orchestra,1971,data/Electric Light Orchestra/the_electric_light_orchestra.jpg,https://is1-ssl.mzstatic.com/image/thumb/Music221/v4/23/e8/46/23e846cd-e8b5-474e-4776-c7daeee4e414/886445593747.jpg/600x600bb.jpg
Electric Light Orchestra,UK,ELO 2,1973,data/Electric Light Orchestra/elo_2.jpg,https://is1-ssl.mzstatic.com/image/thumb/Music221/v4/a3/6e/74/a36e7450-3818-f2c1-a137-d4ef5934c119/827969448922.jpg/600x600bb.jpg
Electric Light Orchestra,UK,On the Third Day,1973,data/Electric Light Orchestra/on_the_third_day.jpg,https://is1-ssl.mzstatic.com/image/thumb/Music211/v4/77/41/59/774159b6-33a1-c8f4-fb19-24843f06a900/886445593778.jpg/600x600bb.jpg
Electric Light Orchestra,UK,Eldorado,1974,data/Electric Light Orchestra/eldorado.jpg,https://is1-ssl.mzstatic.com/image/thumb/Music221/v4/33/71/c5/3371c536-58ee-b425-9786-4a78952725aa/074643552622.jpg/600x600bb.jpg
Electric Light Orchestra,UK,Face the Music,1975,data/Electric Light Orchestra/face_the_music.jpg,https://is1-ssl.mzstatic.com/image/thumb/Music221/v4/ca/19/b9/ca19b928-97ab-0244-3c1e-7b4e099740d4/886445593853.jpg/600x600bb.jpg
Electric Light Orchestra,UK,A New World Record,1976,data/Electric Light Orchestra/a_new_world_record.jpg,https://is1-ssl.mzstatic.com/image/thumb/Music221/v4/a8/96/19/a8961914-9909-0cac-4817-87dd33389ae9/886445593907.jpg/600x600bb.jpg
Electric Light Orchestra,UK,Out of the Blue,1977,data/Electric Light Orchestra/out_of_the_blue.jpg,https://is1-ssl.mzstatic.com/image/thumb/Music221/v4/2c/0f/f9/2c0ff9b3-693b-5690-a17d-641076ae3140/886445593945.jpg/600x600bb.jpg
Electric Light Orchestra,UK,Discovery,1979,data/Electric Light Orchestra/discovery.jpg,https://is1-ssl.mzstatic.com/image/thumb/Music221/v4/2b/c6/e3/2bc6e3f8-5d32-793f-e6e0-d56ee512e45f/886445594027.jpg/600x600bb.jpg
Electric Light Orchestra,UK,Time,1981,data/Electric Light Orchestra/time.jpg,https://is1-ssl.mzstatic.com/image/thumb/Music221/v4/0f/f8/69/0ff869a5-412b-9c1c-4a27-dffed5923c13/074643737128.jpg/600x600bb.jpg
Electric Light Orchestra,UK,Secret Messages,1983,data/Electric Light Orchestra/secret_messages.jpg,https://is1-ssl.mzstatic.com/image/thumb/Music211/v4/3a/ab/d7/3aabd79f-3a12-b584-cdb3-8c5dc845de21/886447027950.jpg/600x600bb.jpg
Electric Light Orchestra,UK,Balance of Power,1986,data/Electric Light Orchestra/balance_of_power.jpg,https://is1-ssl.mzstatic.com/image/thumb/Music211/v4/a8/4d/9b/a84d9bb0-fb30-87c3-cf41-3d003e5198a8/886445594195.jpg/600x600bb.jpg
Electric Light Orchestra,UK,From Out of Nowhere,2019,data/Electric Light Orchestra/from_out_of_nowhere.jpg,https://is1-ssl.mzstatic.com/image/thumb/Music221/v4/8c/00/3f/8c003f16-4b4c-19d9-d1dc-5f1e5ccd737c/886447877197.jpg/600x600bb.jpg
Elton John,UK,Empty Sky,1969,data/Elton John/empty_sky.jpg,https://is1-ssl.mzstatic.com/image/thumb/Music211/v4/62/83/f7/6283f7ee-1e61-297c-e64e-da5680d248e6/06UMGIM65008.rgb.jpg/600x600bb.jpg
Elton John,UK,Elton John,1970,data/Elton John/elton_john.jpg,https://is1-ssl.mzstatic.com/image/thumb/Music116/v4/a9/52/e6/a952e6c5-a5e1-a56d-a6f4-b01ca42a4368/06UMGIM50695.rgb.jpg/600x600bb.jpg
Elton John,UK,Tumbleweed Connection,1970,data/Elton John/tumbleweed_connection.jpg,https://is1-ssl.mzstatic.com/image/thumb/Music125/v4/d3/40/f0/d340f006-fc6e-3bda-2d17-c4551b328e4c/00731452815521.rgb.jpg/600x600bb.jpg
Elton John,UK,Madman Across the Water,1971,data/Elton John/madman_across_the_water.jpg,https://is1-ssl.mzstatic.com/image/thumb/Music116/v4/46/d7/21/46d72100-a10b-902e-8ee6-98a22ad26769/06UMGIM52391.rgb.jpg/600x600bb.jpg
Elton John,UK,Honky Château,1972,data/Elton John/honky_ch_teau.jpg,https://is1-ssl.mzstatic.com/image/thumb/Music116/v4/75/b6/da/75b6da76-a3e0-6a77-cbe5-ad6c42cb0692/06UMGIM48050.rgb.jpg/600x600bb.jpg
Elton John,UK,Don't Shoot Me I'm Only the Piano Player,1973,data/Elton John/don_t_shoot_me_i_m_only_the_piano_player.jpg,https://is1-ssl.mzstatic.com/image/thumb/Music116/v4/49/cd/b8/49cdb8de-4752-8cec-f795-b7547930990d/06UMGIM34697.rgb.jpg/600x600bb.jpg
Elton John,UK,Goodbye Yellow Brick Road,1973,data/Elton John/goodbye_yellow_brick_road.jpg,https://is1-ssl.mzstatic.com/image/thumb/Music122/v4/b3/60/b6/b360b655-4d28-179d-d0d4-4e128ebdf4c9/13UAEIM19273.rgb.jpg/600x600bb.jpg
Elton John,UK,Caribou,1974,data/Elton John/caribou.jpg,https://is1-ssl.mzstatic.com/image/thumb/Music116/v4/08/e8/a9/08e8a97d-1e86-6973-4f69-2093ce8523f8/06UMGIM51740.rgb.jpg/600x600bb.jpg
Elton John,UK,Captain Fantastic and the Brown Dirt Cowboy,1975,data/Elton John/captain_fantastic_and_the_brown_dirt_cowboy.jpg,https://is1-ssl.mzstatic.com/image/thumb/Music221/v4/7a/cf/dd/7acfdd96-a5c7-c79f-4d07-96e49601ac5d/06UMGIM53454.rgb.jpg/600x600bb.jpg
Elton John,UK,Rock of the Westies,1975,data/Elton John/rock_of_the_westies.jpg,https://is1-ssl.mzstatic.com/image/thumb/Music125/v4/f9/91/95/f991955f-ff92-1cc7-9279-ca1d81824d93/00731452816320.rgb.jpg/600x600bb.jpg
Elton John,UK,Blue Moves,1976,data/Elton John/blue_moves.jpg,https://is1-ssl.mzstatic.com/image/thumb/Music128/v4/f9/94/62/f994629b-98a5-efac-5f9c-fa1d4894bd47/00731453246720.rgb.jpg/600x600bb.jpg
Elton John,UK,Too Low for Zero,1983,data/Elton John/too_low_for_zero.jpg,https://is1-ssl.mzstatic.com/image/thumb/Music116/v4/45/e5/b4/45e5b409-0564-a7a3-186c-1dc116c3ffb7/06UMGIM49712.rgb.jpg/600x600bb.jpg
Elton John,UK,Songs from the West Coast,2001,data/Elton John/songs_from_the_west_coast.jpg,https://is1-ssl.mzstatic.com/image/thumb/Music118/v4/f5/42/80/f54280be-764c-9379-e8ac-d066b86b3cb0/00044006319421.rgb.jpg/600x600bb.jpg
Elton John,UK,The Lockdown Sessions,2021,data/Elton John/the_lockdown_sessions.jpg,https://is1-ssl.mzstatic.com/image/thumb/Music125/v4/09/14/d4/0914d491-67ca-62fc-64a2-4bad5278b7ae/21UMGIM74865.rgb.jpg/600x600bb.jpg
Eminem,US,The Slim Shady LP,1999,data/Eminem/the_slim_shady_lp.jpg,https://is1-ssl.mzstatic.com/image/thumb/Music116/v4/82/3b/60/823b6012-8dd5-b74c-55d0-6a104ec91430/06UMGIM04056.rgb.jpg/600x600bb.jpg
Eminem,US,The Marshall Mathers LP,2000,data/Eminem/the_marshall_mathers_lp.jpg,https://is1-ssl.mzstatic.com/image/thumb/Music125/v4/f7/76/f4/f776f482-406b-301a-4145-14617d0b8cf5/00606949062927.rgb.jpg/600x600bb.jpg
Eminem,US,The Eminem Show,2002,data/Eminem/the_eminem_show.jpg,https://is1-ssl.mzstatic.com/image/thumb/Music115/v4/b4/13/e9/b413e91d-40aa-a1a8-b8e3-2bacc3b3e222/00606949329020.rgb.jpg/600x600bb.jpg
Eminem,US,Encore,2004,data/Eminem/encore.jpg,https://is1-ssl.mzstatic.com/image/thumb/Music124/v4/8b/bf/10/8bbf10dc-5dcb-9b81-6ec2-83341286ff72/00602498646717.rgb.jpg/600x600bb.jpg
Eminem,US,Relapse,2009,data/Eminem/relapse.jpg,https://is1-ssl.mzstatic.com/image/thumb/Music112/v4/cc/f0/df/ccf0dff7-a38f-caa0-79a3-05cb869b0380/09UMGIM08254.rgb.jpg/600x600bb.jpg
Eminem,US,Recovery,2010,data/Eminem/recovery.jpg,https://is1-ssl.mzstatic.com/image/thumb/Music125/v4/6a/da/5f/6ada5fd5-5e05-20bc-4bb0-6c0f1f0d91cd/10UMGIM14533.rgb.jpg/600x600bb.jpg
Eminem,US,The Marshall Mathers LP 2,2013,data/Eminem/the_marshall_mathers_lp_2.jpg,https://is1-ssl.mzstatic.com/image/thumb/Music125/v4/c7/d2/78/c7d2787f-5975-9263-fe47-eeebee3c892f/00602537542703.rgb.jpg/600x600bb.jpg
Eminem,US,Revival,2017,data/Eminem/revival.jpg,https://is1-ssl.mzstatic.com/image/thumb/Music128/v4/ed/a3/64/eda3642b-7a15-8482-2203-8e2535770922/00602567238225.rgb.jpg/600x600bb.jpg
Eminem,US,Kamikaze,2018,data/Eminem/kamikaze.jpg,https://is1-ssl.mzstatic.com/image/thumb/Music115/v4/58/f8/88/58f88801-2fc9-4600-a07f-425bb94315c8/00602577046223.rgb.jpg/600x600bb.jpg
Eminem,US,Music to Be Murdered By,2020,data/Eminem/music_to_be_murdered_by.jpg,https://is1-ssl.mzstatic.com/image/thumb/Music115/v4/56/bc/52/56bc527c-14a5-4ece-aeb2-380deba46d5b/20UMGIM02954.rgb.jpg/600x600bb.jpg
Eminem,US,The Death of Slim Shady (Coup de Grâce),2024,data/Eminem/the_death_of_slim_shady_coup_de_gr_ce.jpg,https://is1-ssl.mzstatic.com/image/thumb/Music221/v4/8b/2c/ce/8b2cced1-ef53-ae9f-df26-5c5d8ad0009e/24UMGIM70968.rgb.jpg/600x600bb.jpg
Fleetwood Mac,UK,Fleetwood Mac,1968,data/Fleetwood Mac/fleetwood_mac.jpg,https://is1-ssl.mzstatic.com/image/thumb/Music4/v4/82/3a/d1/823ad171-70ec-63af-48e0-8d0eae935999/075992724128.jpg/600x600bb.jpg
Fleetwood Mac,UK,Mr. Wonderful,1968,data/Fleetwood Mac/mr_wonderful.jpg,https://is1-ssl.mzstatic.com/image/thumb/Music113/v4/f9/9c/54/f99c5493-dfb1-ba3f-0859-5395822c5c0e/184719000268.jpg/600x600bb.jpg
Fleetwood Mac,UK,Then Play On,1969,data/Fleetwood Mac/then_play_on.jpg,https://is1-ssl.mzstatic.com/image/thumb/Music124/v4/f3/72/2c/f3722cd0-8cc9-f988-ad8d-cd4102543867/603497854103.jpg/600x600bb.jpg
Fleetwood Mac,UK,Kiln House,1970,data/Fleetwood Mac/kiln_house.jpg,https://is1-ssl.mzstatic.com/image/thumb/Music91/v4/da/71/09/da710906-b4ab-6aab-bb8d-a43379bc055f/603497869909.jpg/600x600bb.jpg
Fleetwood Mac,UK,Future Games,1971,data/Fleetwood Mac/future_games.jpg,https://is1-ssl.mzstatic.com/image/thumb/Music221/v4/d8/18/4f/d8184f47-7f05-53b6-67c3-b3d238489ab9/603497869923.jpg/600x600bb.jpg
Fleetwood Mac,UK,Bare Trees,1972,data/Fleetwood Mac/bare_trees.jpg,https://is1-ssl.mzstatic.com/image/thumb/Music122/v4/9e/56/33/9e56338a-e402-22f5-dd2c-a0942536205b/603497869930.jpg/600x600bb.jpg
Fleetwood Mac,UK,Mystery to Me,1973,data/Fleetwood Mac/mystery_to_me.jpg,https://is1-ssl.mzstatic.com/image/thumb/Music111/v4/e6/0d/a3/e60da31e-47ae-4a1f-5dec-63175337ddc0/603497869893.jpg/600x600bb.jpg
Fleetwood Mac,UK,Heroes Are Hard to Find,1974,data/Fleetwood Mac/heroes_are_hard_to_find.jpg,https://is1-ssl.mzstatic.com/image/thumb/Music122/v4/9e/52/08/9e5208de-982f-faab-c232-cd3f326333de/603497869916.jpg/600x600bb.jpg
Fleetwood Mac,UK,Fleetwood Mac,1975,data/Fleetwood Mac/fleetwood_mac.jpg,https://is1-ssl.mzstatic.com/image/thumb/Music4/v4/82/3a/d1/823ad171-70ec-63af-48e0-8d0eae935999/075992724128.jpg/600x600bb.jpg
Fleetwood Mac,UK,Rumours,1977,data/Fleetwood Mac/rumours.jpg,https://is1-ssl.mzstatic.com/image/thumb/Music124/v4/4d/13/ba/4d13bac3-d3d5-7581-2c74-034219eadf2b/081227970949.jpg/600x600bb.jpg
Fleetwood Mac,UK,Tusk,1979,data/Fleetwood Mac/tusk.jpg,https://is1-ssl.mzstatic.com/image/thumb/Music115/v4/0c/80/b2/0c80b2a3-9409-d7ea-9044-c0c0c6eb00e3/mzm.ezalkqov.jpg/600x600bb.jpg
Fleetwood Mac,UK,Mirage,1982,data/Fleetwood Mac/mirage.jpg,https://is1-ssl.mzstatic.com/image/thumb/Music60/v4/25/a8/37/25a8376b-a3d9-038e-d18a-ebeef36dd6b7/603497876112.jpg/600x600bb.jpg
Fleetwood Mac,UK,Tango in the Night,1987,data/Fleetwood Mac/tango_in_the_night.jpg,https://is1-ssl.mzstatic.com/image/thumb/Music125/v4/a3/71/ee/a371eea6-b148-0e47-9170-baf2147c8f7b/603497870066.jpg/600x600bb.jpg
Fleetwood Mac,UK,Behind the Mask,1990,data/Fleetwood Mac/behind_the_mask.jpg,https://is1-ssl.mzstatic.com/image/thumb/Music/1b/ab/97/mzi.xbpiiuoe.jpg/600x600bb.jpg
Fleetwood Mac,UK,Say You Will,2003,data/Fleetwood Mac/say_you_will.jpg,https://is1-ssl.mzstatic.com/image/thumb/Features115/v4/85/77/ca/8577ca24-ec4c-a34e-8605-7301a81f170c/dj.whbpbill.jpg/600x600bb.jpg
Foo Fighters,US,Foo Fighters,1995,data/Foo Fighters/foo_fighters.jpg,https://is1-ssl.mzstatic.com/image/thumb/Music211/v4/3e/68/64/3e686418-eb76-c367-464d-f6d2ce3c6765/828765549622.jpg/600x600bb.jpg
Foo Fighters,US,The Colour and the Shape,1997,data/Foo Fighters/the_colour_and_the_shape.jpg,https://is1-ssl.mzstatic.com/image/thumb/Music221/v4/68/f5/86/68f586ca-a375-9965-a864-9e227e77ef5b/884977570328.jpg/600x600bb.jpg
Foo Fighters,US,There Is Nothing Left to Lose,1999,data/Foo Fighters/there_is_nothing_left_to_lose.jpg,https://is1-ssl.mzstatic.com/image/thumb/Music221/v4/ef/02/55/ef025575-aa1d-efc2-f789-04f592275b8a/888880335630.jpg/600x600bb.jpg
Foo Fighters,US,One by One,2002,data/Foo Fighters/one_by_one.jpg,https://is1-ssl.mzstatic.com/image/thumb/Music211/v4/f0/52/1a/f0521adc-86b3-a8ee-0fa4-47d7a78f6c5f/828765555524.jpg/600x600bb.jpg
Foo Fighters,US,In Your Honor,2005,data/Foo Fighters/in_your_honor.jpg,https://is1-ssl.mzstatic.com/image/thumb/Music211/v4/03/15/58/0315584b-0c8d-93c8-2342-55b3fc3fa88b/828767967257.jpg/600x600bb.jpg
Foo Fighters,US,"Echoes, Silence, Patience & Grace",2007,data/Foo Fighters/echoes_silence_patience_grace.jpg,https://is1-ssl.mzstatic.com/image/thumb/Music211/v4/1a/a8/d2/1aa8d22d-f1ab-0462-e6f0-4f19b2594383/886971151626.jpg/600x600bb.jpg
Foo Fighters,US,Wasting Light,2011,data/Foo Fighters/wasting_light.jpg,https://is1-ssl.mzstatic.com/image/thumb/Music221/v4/f3/0b/5a/f30b5a14-7bc9-e81a-fb7a-8a2783d15be5/884977880991.jpg/600x600bb.jpg
Foo Fighters,US,Sonic Highways,2014,data/Foo Fighters/sonic_highways.jpg,https://is1-ssl.mzstatic.com/image/thumb/Music221/v4/f5/e7/53/f5e753d9-fb72-92f8-b7b9-3fd26a9b0d96/886444654234.jpg/600x600bb.jpg
Foo Fighters,US,Concrete and Gold,2017,data/Foo Fighters/concrete_and_gold.jpg,https://is1-ssl.mzstatic.com/image/thumb/Music116/v4/f1/76/93/f176933e-6b89-25a5-1f78-2a0fb27c2b4c/886446580234.jpg/600x600bb.jpg
Foo Fighters,US,Medicine at Midnight,2021,data/Foo Fighters/medicine_at_midnight.jpg,https://is1-ssl.mzstatic.com/image/thumb/Music115/v4/ed/bd/f6/edbdf65c-e3db-17a8-b909-4f4cd708b653/886448658054.jpg/600x600bb.jpg
Foo Fighters,US,But Here We Are,2023,data/Foo Fighters/but_here_we_are.jpg,https://is1-ssl.mzstatic.com/image/thumb/Music126/v4/50/41/c9/5041c992-e078-77c1-442a-ff896abd59db/196871063197.jpg/600x600bb.jpg
Genesis,UK,Trespass,1970,data/Genesis/trespass.jpg,https://is1-ssl.mzstatic.com/image/thumb/Music128/v4/1d/de/4d/1dde4ddd-71e3-b6bd-3af3-787f407164d9/00076732165324.rgb.jpg/600x600bb.jpg
Genesis,UK,Nursery Cryme,1971,data/Genesis/nursery_cryme.jpg,https://is1-ssl.mzstatic.com/image/thumb/Music/de/e9/6d/mzi.xtxlzxtt.jpg/600x600bb.jpg
Genesis,UK,Foxtrot,1972,data/Genesis/foxtrot.jpg,https://is1-ssl.mzstatic.com/image/thumb/Music/c1/f0/f7/mzi.bgnwakyx.jpg/600x600bb.jpg
Genesis,UK,Selling England by the Pound,1973,data/Genesis/selling_england_by_the_pound.jpg,https://is1-ssl.mzstatic.com/image/thumb/Music/49/52/90/mzi.zezbnsxb.jpg/600x600bb.jpg
Genesis,UK,The Lamb Lies Down on Broadway,1974,data/Genesis/the_lamb_lies_down_on_broadway.jpg,https://is1-ssl.mzstatic.com/image/thumb/Music125/v4/44/1d/e7/441de7e6-4e8d-9739-0a94-dc6013263620/mzi.vkykexny.jpg/600x600bb.jpg
Genesis,UK,A Trick of the Tail,1976,data/Genesis/a_trick_of_the_tail.jpg,https://is1-ssl.mzstatic.com/image/thumb/Music124/v4/25/9d/54/259d542e-0582-d7fd-4239-4b36f1dc934e/s05.ontdyxni.jpg/600x600bb.jpg
Genesis,UK,Wind & Wuthering,1976,data/Genesis/wind_wuthering.jpg,https://is1-ssl.mzstatic.com/image/thumb/Music128/v4/5d/08/0a/5d080aa2-f115-9dc9-d7f7-379642017a1d/081227998639.jpg/600x600bb.jpg
Genesis,UK,...And Then There Were Three...,1978,data/Genesis/and_then_there_were_three.jpg,https://is1-ssl.mzstatic.com/image/thumb/Music115/v4/e2/90/8b/e2908bcf-15ac-de22-947f-80ddcb27368e/081227998677.jpg/600x600bb.jpg
Genesis,UK,Duke,1980,data/Genesis/duke.jpg,https://is1-ssl.mzstatic.com/image/thumb/Music124/v4/c7/03/19/c703193e-4e6a-8208-3665-b92f8ead9c4e/mzi.jrrodvik.jpg/600x600bb.jpg
Genesis,UK,Abacab,1981,data/Genesis/abacab.jpg,https://is1-ssl.mzstatic.com/image/thumb/Music125/v4/d5/ed/ab/d5edab8a-e47e-cb87-66c2-3bac86e1b5e2/081227998684.jpg/600x600bb.jpg
Genesis,UK,Genesis,1983,data/Genesis/genesis.jpg,https://is1-ssl.mzstatic.com/image/thumb/Music115/v4/8b/7b/ce/8b7bcee5-4c31-aab1-7a65-82e757057e83/mzi.ykiyfzna.jpg/600x600bb.jpg
Genesis,UK,Invisible Touch,1986,data/Genesis/invisible_touch.jpg,https://is1-ssl.mzstatic.com/image/thumb/Music115/v4/6c/44/66/6c446642-e67c-b19f-e8cb-e084eb549056/mzi.tbamlbgz.jpg/600x600bb.jpg
Genesis,UK,We Can't Dance,1991,data/Genesis/we_can_t_dance.jpg,https://is1-ssl.mzstatic.com/image/thumb/Music/89/68/f1/mzi.bshaaqfv.jpg/600x600bb.jpg
George Michael,UK,Faith,1987,data/George Michael/faith.jpg,https://is1-ssl.mzstatic.com/image/thumb/Music125/v4/87/29/d2/8729d243-f06f-e588-3ddf-ffa87a2ce17e/mzi.yupygcca.jpg/600x600bb.jpg
George Michael,UK,Listen Without Prejudice Vol. 1,1990,data/George Michael/listen_without_prejudice_vol_1.jpg,https://is1-ssl.mzstatic.com/image/thumb/Music112/v4/44/37/ff/4437ffa7-375d-dc2a-4a47-2ec6925caf98/196589205032.jpg/600x600bb.jpg
George Michael,UK,Older,1996,data/George Michael/older.jpg,https://is1-ssl.mzstatic.com/image/thumb/Music112/v4/53/7f/a5/537fa592-7dbe-1966-afe9-d7097997b63d/884977869781.jpg/600x600bb.jpg
George Michael,UK,Songs from the Last Century,1999,data/George Michael/songs_from_the_last_century.jpg,https://is1-ssl.mzstatic.com/image/thumb/Music124/v4/24/a4/7a/24a47a00-3a38-f219-83ec-eec06a547977/mzi.ffwwpzxz.jpg/600x600bb.jpg
George Michael,UK,Patience,2004,data/George Michael/patience.jpg,https://is1-ssl.mzstatic.com/image/thumb/Music114/v4/83/48/7b/83487bc7-6ff0-db09-a396-3a5cb0f800ad/mzi.tpqfiilc.jpg/600x600bb.jpg
Gorillaz,UK,Gorillaz,2001,data/Gorillaz/gorillaz.jpg,https://is1-ssl.mzstatic.com/image/thumb/Music115/v4/5b/8d/47/5b8d47da-71ea-93ab-dffc-733f11332659/825646290703.jpg/600x600bb.jpg
Gorillaz,UK,Demon Days,2005,data/Gorillaz/demon_days.jpg,https://is1-ssl.mzstatic.com/image/thumb/Music125/v4/1c/0f/81/1c0f818a-e458-dd84-6f1b-ccbdf5fe14d6/825646291045.jpg/600x600bb.jpg
Gorillaz,UK,Plastic Beach,2010,data/Gorillaz/plastic_beach.jpg,https://is1-ssl.mzstatic.com/image/thumb/Music/v4/b8/f9/b9/b8f9b9f8-a609-bde2-0302-349436ffc508/825646291038.jpg/600x600bb.jpg
Gorillaz,UK,The Fall,2010,data/Gorillaz/the_fall.jpg,https://is1-ssl.mzstatic.com/image/thumb/Music/v4/4b/aa/d4/4baad4eb-dba2-6190-9bd7-7d415ad518ad/825646291007.jpg/600x600bb.jpg
Gorillaz,UK,Humanz,2017,data/Gorillaz/humanz.jpg,https://is1-ssl.mzstatic.com/image/thumb/Music114/v4/ad/f6/74/adf6743c-1aa7-c254-a503-b4d343be2d03/190295824822.jpg/600x600bb.jpg
Gorillaz,UK,The Now Now,2018,data/Gorillaz/the_now_now.jpg,https://is1-ssl.mzstatic.com/image/thumb/Music115/v4/c8/a2/c0/c8a2c0cc-28e9-c0c6-f425-f6aaf13191f4/190295620660.jpg/600x600bb.jpg
Gorillaz,UK,"Song Machine, Season One: Strange Timez",2020,data/Gorillaz/song_machine_season_one_strange_timez.jpg,https://is1-ssl.mzstatic.com/image/thumb/Music125/v4/01/d6/6e/01d66e09-0bcc-c560-469b-f6f3af6124b6/190295143152.jpg/600x600bb.jpg
Gorillaz,UK,Cracker Island,2023,data/Gorillaz/cracker_island.jpg,https://is1-ssl.mzstatic.com/image/thumb/Music112/v4/b3/b9/bb/b3b9bbdf-8d38-661e-f70b-2eb5e9765bb7/5054197315893.jpg/600x600bb.jpg
Green Day,US,39/Smooth,1990,data/Green Day/39_smooth.jpg,https://is1-ssl.mzstatic.com/image/thumb/Features/v4/14/f8/36/14f83679-81a5-7a50-ff24-c4199789b298/dj.eaiwziat.jpg/600x600bb.jpg
Green Day,US,Kerplunk,1991,data/Green Day/kerplunk.jpg,https://is1-ssl.mzstatic.com/image/thumb/Music114/v4/7d/cd/f2/7dcdf21c-4a0a-2a40-2456-8dae09b34254/mzi.wblbjbdm.jpg/600x600bb.jpg
Green Day,US,Dookie,1994,data/Green Day/dookie.jpg,https://is1-ssl.mzstatic.com/image/thumb/Music125/v4/88/83/e7/8883e74b-1b7c-0725-09de-21e4e00d54b5/093624915713.jpg/600x600bb.jpg
Green Day,US,Insomniac,1995,data/Green Day/insomniac.jpg,https://is1-ssl.mzstatic.com/image/thumb/Music124/v4/b0/f8/cd/b0f8cd1f-6269-30bc-8ccb-cdb2a87a1d0d/093624915706.jpg/600x600bb.jpg
Green Day,US,Nimrod,1997,data/Green Day/nimrod.jpg,https://is1-ssl.mzstatic.com/image/thumb/Music125/v4/a0/16/bf/a016bf34-4050-16d6-778b-9eb5af5e5d4c/093624915690.jpg/600x600bb.jpg
Green Day,US,Warning,2000,data/Green Day/warning.jpg,https://is1-ssl.mzstatic.com/image/thumb/Music114/v4/ce/36/ee/ce36eeb5-0829-8070-45ce-61f9f4739a36/093624915683.jpg/600x600bb.jpg
Green Day,US,American Idiot,2004,data/Green Day/american_idiot.jpg,https://is1-ssl.mzstatic.com/image/thumb/Music/9e/17/c2/mzi.ofggkufy.jpg/600x600bb.jpg
Green Day,US,21st Century Breakdown,2009,data/Green Day/21st_century_breakdown.jpg,https://is1-ssl.mzstatic.com/image/thumb/Music115/v4/b8/36/d6/b836d655-7ef3-5c93-734e-fb77c4981308/mzi.opxridrf.jpg/600x600bb.jpg
Green Day,US,¡Uno!,2012,data/Green Day/uno.jpg,https://is1-ssl.mzstatic.com/image/thumb/Music124/v4/ef/8d/fc/ef8dfc85-bd98-616d-fa77-6533c5c08777/093624948698.jpg/600x600bb.jpg
Green Day,US,¡Dos!,2012,data/Green Day/dos.jpg,https://is1-ssl.mzstatic.com/image/thumb/Music124/v4/c3/80/fb/c380fb12-d66f-6679-da21-d2c202a81b3d/093624948285.jpg/600x600bb.jpg
Green Day,US,¡Tré!,2012,data/Green Day/tr.jpg,https://is1-ssl.mzstatic.com/image/thumb/Music/v4/75/36/d5/7536d576-0f0c-66c2-9735-bed8dd9f08ba/093624948254.jpg/600x600bb.jpg
Green Day,US,Revolution Radio,2016,data/Green Day/revolution_radio.jpg,https://is1-ssl.mzstatic.com/image/thumb/Music115/v4/0e/59/24/0e592408-9935-844d-3516-344b97e95b86/093624920045.jpg/600x600bb.jpg
Green Day,US,Father of All Motherfuckers,2020,data/Green Day/father_of_all_motherfuckers.jpg,https://is1-ssl.mzstatic.com/image/thumb/Music114/v4/d1/0d/a4/d10da4d8-cd8b-99ae-3064-7ff617cf1fd2/093624897613.jpg/600x600bb.jpg
Green Day,US,Saviors,2024,data/Green Day/saviors.jpg,https://is1-ssl.mzstatic.com/image/thumb/Music116/v4/af/90/27/af9027e7-8a46-21b5-32ff-686733d37c57/093624866053.jpg/600x600bb.jpg
Guns N' Roses,US,Appetite for Destruction,1987,data/Guns N' Roses/appetite_for_destruction.jpg,https://is1-ssl.mzstatic.com/image/thumb/Music125/v4/a0/4d/c4/a04dc484-03cc-02aa-fa82-5334fcb4bc16/18UMGIM24878.rgb.jpg/600x600bb.jpg
Guns N' Roses,US,G N' R Lies,1988,data/Guns N' Roses/g_n_r_lies.jpg,https://is1-ssl.mzstatic.com/image/thumb/Music125/v4/8e/d9/ba/8ed9ba3b-bbb5-b7b1-7441-39e7f0f42699/00720642419823.rgb.jpg/600x600bb.jpg
Guns N' Roses,US,Use Your Illusion I,1991,data/Guns N' Roses/use_your_illusion_i.jpg,https://is1-ssl.mzstatic.com/image/thumb/Music112/v4/6a/e2/1f/6ae21fa9-c897-3be1-2967-50eefae22b93/06UMGIM05041.rgb.jpg/600x600bb.jpg
Guns N' Roses,US,Use Your Illusion II,1991,data/Guns N' Roses/use_your_illusion_ii.jpg,https://is1-ssl.mzstatic.com/image/thumb/Music122/v4/db/8e/35/db8e356d-76e8-1e10-d7cb-87870bdbfad2/18UMGIM31437.rgb.jpg/600x600bb.jpg
Guns N' Roses,US,The Spaghetti Incident?,1993,data/Guns N' Roses/the_spaghetti_incident.jpg,https://is1-ssl.mzstatic.com/image/thumb/Music114/v4/df/7a/f9/df7af97a-8fa5-b02c-e69d-9e4b66e91e81/00602537994533.rgb.jpg/600x600bb.jpg
Guns N' Roses,US,Chinese Democracy,2008,data/Guns N' Roses/chinese_democracy.jpg,https://is1-ssl.mzstatic.com/image/thumb/Music124/v4/cd/7d/bb/cd7dbb63-491a-3d65-0b29-61886ef2cd84/00602517906099.rgb.jpg/600x600bb.jpg
Iron Maiden,UK,Iron Maiden,1980,data/Iron Maiden/iron_maiden.jpg,https://is1-ssl.mzstatic.com/image/thumb/Music116/v4/31/61/46/31614655-a6a9-d05f-afe4-06664e9326df/0881034134424.jpg/600x600bb.jpg
Iron Maiden,UK,Killers,1981,data/Iron Maiden/killers.jpg,https://is1-ssl.mzstatic.com/image/thumb/Music126/v4/7a/d1/0c/7ad10c97-6c8b-f63b-b324-1950718bc9a8/0881034134431.jpg/600x600bb.jpg
Iron Maiden,UK,The Number of the Beast,1982,data/Iron Maiden/the_number_of_the_beast.jpg,https://is1-ssl.mzstatic.com/image/thumb/Music116/v4/1d/cb/ac/1dcbac1b-737d-b7c8-8bed-b5a98ae9df77/0881034134448.jpg/600x600bb.jpg
Iron Maiden,UK,Piece of Mind,1983,data/Iron Maiden/piece_of_mind.jpg,https://is1-ssl.mzstatic.com/image/thumb/Music126/v4/f8/cd/38/f8cd3816-a840-209a-e9f6-cf3f3e47da21/0881034134455.jpg/600x600bb.jpg
Iron Maiden,UK,Powerslave,1984,data/Iron Maiden/powerslave.jpg,https://is1-ssl.mzstatic.com/image/thumb/Music116/v4/2f/8a/c3/2f8ac34f-9e53-e4d3-c0be-195dee1a44ff/0881034134462.jpg/600x600bb.jpg
Iron Maiden,UK,Somewhere in Time,1986,data/Iron Maiden/somewhere_in_time.jpg,https://is1-ssl.mzstatic.com/image/thumb/Music221/v4/c6/24/de/c624de71-e086-6f24-a279-b32a1e1c1009/0881034134486.jpg/600x600bb.jpg
Iron Maiden,UK,Seventh Son of a Seventh Son,1988,data/Iron Maiden/seventh_son_of_a_seventh_son.jpg,https://is1-ssl.mzstatic.com/image/thumb/Music126/v4/89/e3/ce/89e3cef5-2cdb-fb65-bedd-b77460a98acd/0881034134493.jpg/600x600bb.jpg
Iron Maiden,UK,No Prayer for the Dying,1990,data/Iron Maiden/no_prayer_for_the_dying.jpg,https://is1-ssl.mzstatic.com/image/thumb/Music116/v4/5e/f6/fa/5ef6fa75-5c89-8989-d5e1-f1faa4648164/0881034134509.jpg/600x600bb.jpg
Iron Maiden,UK,Fear of the Dark,1992,data/Iron Maiden/fear_of_the_dark.jpg,https://is1-ssl.mzstatic.com/image/thumb/Music116/v4/05/ae/cd/05aecd3e-2e71-ad31-723c-2e007d8246ff/0881034134516.jpg/600x600bb.jpg
Iron Maiden,UK,Brave New World,2000,data/Iron Maiden/brave_new_world.jpg,https://is1-ssl.mzstatic.com/image/thumb/Music116/v4/b4/0c/7a/b40c7ad0-bec4-e00a-6794-1a94728e9907/4050538293180.jpg/600x600bb.jpg
Iron Maiden,UK,Dance of Death,2003,data/Iron Maiden/dance_of_death.jpg,https://is1-ssl.mzstatic.com/image/thumb/Music126/v4/e3/67/d8/e367d8cf-fdb2-3edc-605f-55bf9d31d0ed/4050538293203.jpg/600x600bb.jpg
Iron Maiden,UK,A Matter of Life and Death,2006,data/Iron Maiden/a_matter_of_life_and_death.jpg,https://is1-ssl.mzstatic.com/image/thumb/Music221/v4/f7/dc/0d/f7dc0d0f-4121-ee2c-7b70-775c60fe0f00/0881034134547.jpg/600x600bb.jpg
Iron Maiden,UK,The Final Frontier,2010,data/Iron Maiden/the_final_frontier.jpg,https://is1-ssl.mzstatic.com/image/thumb/Music116/v4/c1/ed/18/c1ed1899-cf8c-ffbc-a189-c6070e099d12/0881034134554.jpg/600x600bb.jpg
Iron Maiden,UK,The Book of Souls,2015,data/Iron Maiden/the_book_of_souls.jpg,https://is1-ssl.mzstatic.com/image/thumb/Music116/v4/0f/e6/ee/0fe6eefa-50f1-e0e5-c213-fb0ff9d46583/4099964010312.jpg/600x600bb.jpg
Iron Maiden,UK,Senjutsu,2021,data/Iron Maiden/senjutsu.jpg,https://is1-ssl.mzstatic.com/image/thumb/Music211/v4/eb/4c/47/eb4c474a-581c-8525-a07b-51e84e159170/4050538710779.jpg/600x600bb.jpg
Janet Jackson,US,Janet Jackson,1982,data/Janet Jackson/janet_jackson.jpg,https://is1-ssl.mzstatic.com/image/thumb/Music124/v4/72/c4/d3/72c4d364-6746-7c61-98b0-d1d9608068ca/00075021490727.rgb.jpg/600x600bb.jpg
Janet Jackson,US,Dream Street,1984,data/Janet Jackson/dream_street.jpg,https://is1-ssl.mzstatic.com/image/thumb/Music128/v4/10/d7/a5/10d7a574-db93-fe42-b433-b9c4f9af9c9a/00075021496224.rgb.jpg/600x600bb.jpg
Janet Jackson,US,Control,1986,data/Janet Jackson/control.jpg,https://is1-ssl.mzstatic.com/image/thumb/Music115/v4/ed/b0/20/edb02000-b77f-22f4-6b7f-c46f62d4517c/00602547592361.rgb.jpg/600x600bb.jpg
Janet Jackson,US,Janet Jackson's Rhythm Nation 1814,1989,data/Janet Jackson/janet_jackson_s_rhythm_nation_1814.jpg,https://is1-ssl.mzstatic.com/image/thumb/Music124/v4/5c/06/a5/5c06a5fc-6424-25e4-37c4-da5a9a18dd8a/00602547592378.rgb.jpg/600x600bb.jpg
Janet Jackson,US,janet.,1993,data/Janet Jackson/janet.jpg,https://is1-ssl.mzstatic.com/image/thumb/Music114/v4/b6/3a/15/b63a15ba-dd50-62b0-4054-03a81241774a/00602567743217.rgb.jpg/600x600bb.jpg
Janet Jackson,US,The Velvet Rope,1997,data/Janet Jackson/the_velvet_rope.jpg,https://is1-ssl.mzstatic.com/image/thumb/Music122/v4/21/ba/cf/21bacf43-5878-e76b-e018-ca936a8243a7/22UMGIM92303.rgb.jpg/600x600bb.jpg
Janet Jackson,US,All for You,2001,data/Janet Jackson/all_for_you.jpg,https://is1-ssl.mzstatic.com/image/thumb/Music125/v4/04/ab/25/04ab2585-dd7b-dfed-3afe-86800393a7c2/13ULAIM48853.rgb.jpg/600x600bb.jpg
Janet Jackson,US,Damita Jo,2004,data/Janet Jackson/damita_jo.jpg,https://is1-ssl.mzstatic.com/image/thumb/Music113/v4/b1/72/43/b1724362-7022-56f1-512a-6a4c10d356e4/13UABIM51454.rgb.jpg/600x600bb.jpg
Janet Jackson,US,Discipline,2008,data/Janet Jackson/discipline.jpg,https://is1-ssl.mzstatic.com/image/thumb/Music124/v4/5a/ef/53/5aef5368-d7ae-abb2-8d07-d84127a3a2ec/08UMGIM02044.rgb.jpg/600x600bb.jpg
Janet Jackson,US,Unbreakable,2015,data/Janet Jackson/unbreakable.jpg,https://is1-ssl.mzstatic.com/image/thumb/Music126/v4/fc/63/25/fc6325ed-90ba-0678-a72a-b9fdced5a58f/4050538158328.jpg/600x600bb.jpg
Jay-Z,US,Reasonable Doubt,1996,data/Jay-Z/reasonable_doubt.jpg,https://is1-ssl.mzstatic.com/image/thumb/Music115/v4/f5/5d/8a/f55d8a6b-9294-7f8f-441a-9d337059a364/270.jpg/600x600bb.jpg
Jay-Z,US,"In My Lifetime, Vol. 1",1997,data/Jay-Z/in_my_lifetime_vol_1.jpg,https://is1-ssl.mzstatic.com/image/thumb/Music115/v4/92/0c/94/920c9478-abe1-d5c0-2212-e110946cbe60/00731453639225.rgb.jpg/600x600bb.jpg
Jay-Z,US,Vol. 2... Hard Knock Life,1998,data/Jay-Z/vol_2_hard_knock_life.jpg,https://is1-ssl.mzstatic.com/image/thumb/Music124/v4/ad/cd/3b/adcd3b16-692d-7778-f043-cd79dcce84d4/06UMGIM18736.rgb.jpg/600x600bb.jpg
Jay-Z,US,Vol. 3... Life and Times of S. Carter,1999,data/Jay-Z/vol_3_life_and_times_of_s_carter.jpg,https://is1-ssl.mzstatic.com/image/thumb/Music211/v4/c8/b7/0e/c8b70e8f-0799-0ea2-68ba-b3b89eb20f3e/06UMGIM18666.rgb.jpg/600x600bb.jpg
Jay-Z,US,The Blueprint,2001,data/Jay-Z/the_blueprint.jpg,https://is1-ssl.mzstatic.com/image/thumb/Music115/v4/fe/c2/35/fec23530-f8dc-db33-5e0e-46bebf22bb35/00857366006944.rgb.jpg/600x600bb.jpg
Jay-Z,US,The Blueprint 2: The Gift & The Curse,2002,data/Jay-Z/the_blueprint_2_the_gift_the_curse.jpg,https://is1-ssl.mzstatic.com/image/thumb/Music125/v4/99/d5/2d/99d52d7f-bc84-ef4d-bc07-a5457143b00b/00857366006999.rgb.jpg/600x600bb.jpg
Jay-Z,US,The Black Album,2003,data/Jay-Z/the_black_album.jpg,https://is1-ssl.mzstatic.com/image/thumb/Music125/v4/cc/9d/91/cc9d91ba-b288-e6d8-02b3-c3a7b1fe3410/00602527361956.rgb.jpg/600x600bb.jpg
Jay-Z,US,Kingdom Come,2006,data/Jay-Z/kingdom_come.jpg,https://is1-ssl.mzstatic.com/image/thumb/Music124/v4/f8/a9/1a/f8a91a5b-3cd3-ea3e-d23d-2fdd2b35f702/00602517180857.rgb.jpg/600x600bb.jpg
Jay-Z,US,American Gangster,2007,data/Jay-Z/american_gangster.jpg,https://is1-ssl.mzstatic.com/image/thumb/Music125/v4/75/bf/bb/75bfbb6b-c4b4-c401-c798-85a57352bcec/15UMGIM77662.rgb.jpg/600x600bb.jpg
Jay-Z,US,The Blueprint 3,2009,data/Jay-Z/the_blueprint_3.jpg,https://is1-ssl.mzstatic.com/image/thumb/Music125/v4/ef/b7/81/efb781fb-e3e7-e571-696e-5b9ac4a78057/00858786005463.rgb.jpg/600x600bb.jpg
Jay-Z,US,Magna Carta Holy Grail,2013,data/Jay-Z/magna_carta_holy_grail.jpg,https://is1-ssl.mzstatic.com/image/thumb/Music115/v4/9d/cc/90/9dcc90ae-5894-b83d-7fc3-691937cb60ee/13UAAIM43143.rgb.jpg/600x600bb.jpg
Jay-Z,US,4:44,2017,data/Jay-Z/4_44.jpg,https://is1-ssl.mzstatic.com/image/thumb/Music114/v4/c2/d9/58/c2d95811-ca58-f519-4ff5-fd35f12d7c9a/00854242007545.rgb.jpg/600x600bb.jpg
Jimi Hendrix,US,Are You Experienced,1967,data/Jimi Hendrix/are_you_experienced.jpg,https://is1-ssl.mzstatic.com/image/thumb/Music124/v4/00/67/45/006745f5-95d5-5a06-35ed-d515e9cfd7d8/dj.tbwlxwoh.jpg/600x600bb.jpg
Jimi Hendrix,US,Axis: Bold as Love,1967,data/Jimi Hendrix/axis_bold_as_love.jpg,https://is1-ssl.mzstatic.com/image/thumb/Music211/v4/8c/22/b3/8c22b3f8-d67a-cbf6-d040-be6f34cfa611/196873498256.jpg/600x600bb.jpg
Jimi Hendrix,US,Electric Ladyland,1968,data/Jimi Hendrix/electric_ladyland.jpg,https://is1-ssl.mzstatic.com/image/thumb/Music125/v4/a6/b8/45/a6b84589-6ff7-a462-9ff9-170b724980d5/dj.wjkdwlks.jpg/600x600bb.jpg
Jimi Hendrix,US,Band of Gypsys,1970,data/Jimi Hendrix/band_of_gypsys.jpg,https://is1-ssl.mzstatic.com/image/thumb/Music123/v4/a1/32/02/a13202b9-ecbc-ca2f-9d4f-117f6b8f32a3/20UMGIM09664.rgb.jpg/600x600bb.jpg
Jimi Hendrix,US,First Rays of the New Rising Sun,1997,data/Jimi Hendrix/first_rays_of_the_new_rising_sun.jpg,https://is1-ssl.mzstatic.com/image/thumb/Music5/v4/6f/82/2c/6f822c83-4a7c-d8e3-7c28-1905cfce8b49/dj.qomqmufk.jpg/600x600bb.jpg
Joy Division,UK,Unknown Pleasures,1979,data/Joy Division/unknown_pleasures.jpg,https://is1-ssl.mzstatic.com/image/thumb/Features114/v4/80/14/7f/80147fb9-8c62-8773-60fe-51d9bdcfd415/dj.blmthqrv.jpg/600x600bb.jpg
Joy Division,UK,Closer,1980,data/Joy Division/closer.jpg,https://is1-ssl.mzstatic.com/image/thumb/Features114/v4/d9/2a/d1/d92ad12e-cdf2-e567-9612-af2fdfa82237/dj.uzqznczn.jpg/600x600bb.jpg
Judas Priest,UK,Sad Wings of Destiny,1976,data/Judas Priest/sad_wings_of_destiny.jpg,https://is1-ssl.mzstatic.com/image/thumb/Music221/v4/30/eb/13/30eb139b-f8d7-83d0-4198-483ba65dd8c8/5195.jpg/600x600bb.jpg
Judas Priest,UK,Sin After Sin,1977,data/Judas Priest/sin_after_sin.jpg,https://is1-ssl.mzstatic.com/image/thumb/Features/83/09/de/dj.oxzcyaxj.jpg/600x600bb.jpg
Judas Priest,UK,Stained Class,1978,data/Judas Priest/stained_class.jpg,https://is1-ssl.mzstatic.com/image/thumb/Music/v4/c3/67/7b/c3677b3a-5588-97a6-cbce-001588713824/dj.xwtprxem.jpg/600x600bb.jpg
Judas Priest,UK,Killing Machine,1978,data/Judas Priest/killing_machine.jpg,https://is1-ssl.mzstatic.com/image/thumb/Music114/v4/b1/ce/6b/b1ce6b49-ff54-6ef0-d192-e6b10d0d4670/dj.nnwdghro.jpg/600x600bb.jpg
Judas Priest,UK,British Steel,1980,data/Judas Priest/british_steel.jpg,https://is1-ssl.mzstatic.com/image/thumb/Music3/v4/3e/ce/c7/3ecec7e6-66a3-7ca8-d70f-5a4512aa21ba/dj.stjulnox.jpg/600x600bb.jpg
Judas Priest,UK,Point of Entry,1981,data/Judas Priest/point_of_entry.jpg,https://is1-ssl.mzstatic.com/image/thumb/Music124/v4/ce/3b/d3/ce3bd385-219d-1af2-5645-b6db4036d766/dj.kileqjac.jpg/600x600bb.jpg
Judas Priest,UK,Screaming for Vengeance,1982,data/Judas Priest/screaming_for_vengeance.jpg,https://is1-ssl.mzstatic.com/image/thumb/Music124/v4/74/85/6c/74856c38-ad00-adfe-4041-e433b1b097b2/dj.msxviebt.jpg/600x600bb.jpg
Judas Priest,UK,Defenders of the Faith,1984,data/Judas Priest/defenders_of_the_faith.jpg,https://is1-ssl.mzstatic.com/image/thumb/Music4/v4/8a/ac/c8/8aacc8bc-9482-8a90-6376-74c700a7433f/dj.zyfwcflg.jpg/600x600bb.jpg
Judas Priest,UK,Turbo,1986,data/Judas Priest/turbo.jpg,https://is1-ssl.mzstatic.com/image/thumb/Music71/v4/7b/b0/02/7bb002af-5679-82b7-7086-dc9780f494cf/886446135007.jpg/600x600bb.jpg
Judas Priest,UK,Ram It Down,1988,data/Judas Priest/ram_it_down.jpg,https://is1-ssl.mzstatic.com/image/thumb/Features114/v4/d0/bb/88/d0bb8837-2f9e-6783-7a4d-552595c68743/dj.bjgyvnsa.jpg/600x600bb.jpg
Judas Priest,UK,Painkiller,1990,data/Judas Priest/painkiller.jpg,https://is1-ssl.mzstatic.com/image/thumb/Music115/v4/d0/f4/d9/d0f4d907-d333-1c26-703d-7245a348a519/dj.xjjnnhmb.jpg/600x600bb.jpg
Judas Priest,UK,Angel of Retribution,2005,data/Judas Priest/angel_of_retribution.jpg,https://is1-ssl.mzstatic.com/image/thumb/Music/95/c5/a4/mzi.cfwtxrss.jpg/600x600bb.jpg
Judas Priest,UK,Firepower,2018,data/Judas Priest/firepower.jpg,https://is1-ssl.mzstatic.com/image/thumb/Music114/v4/40/99/10/409910d4-ba6a-ab60-44ce-a9056981eb5a/886446812250.jpg/600x600bb.jpg
Judas Priest,UK,Invincible Shield,2024,data/Judas Priest/invincible_shield.jpg,https://is1-ssl.mzstatic.com/image/thumb/Music126/v4/7e/82/c1/7e82c11a-d532-225d-9c60-3d92c5b60319/196871506335.jpg/600x600bb.jpg
Kanye West,US,The College Dropout,2004,data/Kanye West/the_college_dropout.jpg,https://is1-ssl.mzstatic.com/image/thumb/Music116/v4/0d/73/b1/0d73b181-2716-f7a6-a340-0a3f81eacfb9/06UMGIM15686.rgb.jpg/600x600bb.jpg
Kanye West,US,Late Registration,2005,data/Kanye West/late_registration.jpg,https://is1-ssl.mzstatic.com/image/thumb/Music115/v4/00/68/13/006813b3-9ca1-2e6f-98df-4ef78cd6cb49/06UMGIM20452.rgb.jpg/600x600bb.jpg
Kanye West,US,Graduation,2007,data/Kanye West/graduation.jpg,https://is1-ssl.mzstatic.com/image/thumb/Music116/v4/2f/db/2c/2fdb2c9d-171c-c6dc-57ee-4bae2b4bb11a/07UMGIM12671.rgb.jpg/600x600bb.jpg
Kanye West,US,808s & Heartbreak,2008,data/Kanye West/808s_heartbreak.jpg,https://is1-ssl.mzstatic.com/image/thumb/Music116/v4/f3/61/19/f36119b9-4d88-05eb-4306-2ae0e7decf88/08UMGIM26559.rgb.jpg/600x600bb.jpg
Kanye West,US,My Beautiful Dark Twisted Fantasy,2010,data/Kanye West/my_beautiful_dark_twisted_fantasy.jpg,https://is1-ssl.mzstatic.com/image/thumb/Music125/v4/0a/0b/31/0a0b31cc-077c-31bf-e7fe-612191774948/10UMGIM30072.rgb.jpg/600x600bb.jpg
Kanye West,US,Yeezus,2013,data/Kanye West/yeezus.jpg,https://is1-ssl.mzstatic.com/image/thumb/Music115/v4/3c/56/e7/3c56e717-06a0-b67d-e694-9b6e6e43a5a8/13UAAIM08444.rgb.jpg/600x600bb.jpg
Kanye West,US,The Life of Pablo,2016,data/Kanye West/the_life_of_pablo.jpg,https://is1-ssl.mzstatic.com/image/thumb/Music126/v4/ab/74/4a/ab744ae9-235f-0a2f-9f8a-74ddee3c339e/16UMGIM37046.rgb.jpg/600x600bb.jpg
Kanye West,US,Ye,2018,data/Kanye West/ye.jpg,https://is1-ssl.mzstatic.com/image/thumb/Music115/v4/76/1b/36/761b368d-a267-4a99-9689-f5daf9bb1325/18UMGIM26291.rgb.jpg/600x600bb.jpg
Kanye West,US,Jesus Is King,2019,data/Kanye West/jesus_is_king.jpg,https://is1-ssl.mzstatic.com/image/thumb/Music113/v4/21/fd/d3/21fdd3d4-0c00-53ef-3903-d0569c49a812/19UMGIM89397.rgb.jpg/600x600bb.jpg
Kanye West,US,Donda,2021,data/Kanye West/donda.jpg,https://is1-ssl.mzstatic.com/image/thumb/Music125/v4/62/13/7b/62137b3f-7722-59f5-2ee1-b5aff9426869/21UMGIM64738.rgb.jpg/600x600bb.jpg
Kate Bush,UK,The Kick Inside,1978,data/Kate Bush/the_kick_inside.jpg,https://is1-ssl.mzstatic.com/image/thumb/Music126/v4/c4/64/67/c46467fc-099e-a2f0-d165-f684c12d7cf8/cover.jpg/600x600bb.jpg
Kate Bush,UK,Lionheart,1978,data/Kate Bush/lionheart.jpg,https://is1-ssl.mzstatic.com/image/thumb/Music116/v4/6b/81/ce/6b81ceac-2982-f89c-d848-12d5700899cc/cover.jpg/600x600bb.jpg
Kate Bush,UK,Never for Ever,1980,data/Kate Bush/never_for_ever.jpg,https://is1-ssl.mzstatic.com/image/thumb/Music126/v4/45/5b/0e/455b0e59-f112-76ee-57c9-9e53b2702142/cover.jpg/600x600bb.jpg
Kate Bush,UK,The Dreaming,1982,data/Kate Bush/the_dreaming.jpg,https://is1-ssl.mzstatic.com/image/thumb/Music116/v4/25/4b/5d/254b5db1-d013-f761-6315-c9d6e85b8c06/cover.jpg/600x600bb.jpg
Kate Bush,UK,Hounds of Love,1985,data/Kate Bush/hounds_of_love.jpg,https://is1-ssl.mzstatic.com/image/thumb/Music116/v4/62/97/32/62973286-5bb3-0de7-c051-8b2de8d95472/cover.jpg/600x600bb.jpg
Kate Bush,UK,The Sensual World,1989,data/Kate Bush/the_sensual_world.jpg,https://is1-ssl.mzstatic.com/image/thumb/Music126/v4/75/57/36/75573699-094a-4e41-51ef-786d557ecefc/cover.jpg/600x600bb.jpg
Kate Bush,UK,The Red Shoes,1993,data/Kate Bush/the_red_shoes.jpg,https://is1-ssl.mzstatic.com/image/thumb/Music116/v4/d7/a8/08/d7a80818-ab55-6d4a-4ffc-5b9bbc3446d7/cover.jpg/600x600bb.jpg
Kate Bush,UK,Aerial,2005,data/Kate Bush/aerial.jpg,https://is1-ssl.mzstatic.com/image/thumb/Music126/v4/11/f9/c5/11f9c5d0-5c41-d41c-ffea-9bb7f8c04a81/cover.jpg/600x600bb.jpg
Kate Bush,UK,50 Words for Snow,2011,data/Kate Bush/50_words_for_snow.jpg,https://is1-ssl.mzstatic.com/image/thumb/Music126/v4/d7/09/83/d70983a5-9c32-198f-c9e6-2cd16aa9ebcf/cover.jpg/600x600bb.jpg
Kendrick Lamar,US,Section.80,2011,data/Kendrick Lamar/section_80.jpg,https://is1-ssl.mzstatic.com/image/thumb/Music115/v4/d7/d3/37/d7d33750-6d28-6e73-4913-7139ebd80906/888915968772_cover.jpg/600x600bb.jpg
Kendrick Lamar,US,"good kid, m.A.A.d city",2012,data/Kendrick Lamar/good_kid_m_a_a_d_city.jpg,https://is1-ssl.mzstatic.com/image/thumb/Music122/v4/ca/5b/c0/ca5bc0b3-d81d-cc6c-0d19-54b9eedb6dbd/12UMGIM52990.rgb.jpg/600x600bb.jpg
Kendrick Lamar,US,To Pimp a Butterfly,2015,data/Kendrick Lamar/to_pimp_a_butterfly.jpg,https://is1-ssl.mzstatic.com/image/thumb/Music112/v4/0d/ae/61/0dae6140-d4af-d0df-eae0-3c92eb392a33/15UMGIM11922.rgb.jpg/600x600bb.jpg
Kendrick Lamar,US,DAMN.,2017,data/Kendrick Lamar/damn.jpg,https://is1-ssl.mzstatic.com/image/thumb/Music112/v4/86/c9/bb/86c9bb30-fe3d-442e-33c1-c106c4d23705/17UMGIM88776.rgb.jpg/600x600bb.jpg
Kendrick Lamar,US,Mr. Morale & the Big Steppers,2022,data/Kendrick Lamar/mr_morale_the_big_steppers.jpg,https://is1-ssl.mzstatic.com/image/thumb/Music116/v4/72/a1/a9/72a1a9a0-6c42-a37f-aad4-7e8772365c6d/22UMGIM52376.rgb.jpg/600x600bb.jpg
Kendrick Lamar,US,GNX,2024,data/Kendrick Lamar/gnx.jpg,https://is1-ssl.mzstatic.com/image/thumb/Music211/v4/50/c2/cc/50c2cc95-3658-9417-0d4b-831abde44ba1/24UM1IM28978.rgb.jpg/600x600bb.jpg
King Crimson,UK,In the Court of the Crimson King,1969,data/King Crimson/in_the_court_of_the_crimson_king.jpg,https://is1-ssl.mzstatic.com/image/thumb/Music5/v4/2f/c7/19/2fc71988-6871-be2c-6731-a3d0f2a6b232/Court_2500px.jpg/600x600bb.jpg
King Crimson,UK,In the Wake of Poseidon,1970,data/King Crimson/in_the_wake_of_poseidon.jpg,https://is1-ssl.mzstatic.com/image/thumb/Music5/v4/c8/ca/ce/c8caceb5-7e27-a561-0676-f69ca28b7e83/Poseidon_2500px.jpg/600x600bb.jpg
King Crimson,UK,Lizard,1970,data/King Crimson/lizard.jpg,https://is1-ssl.mzstatic.com/image/thumb/Music6/v4/fa/2a/a7/fa2aa7e1-5942-f7c5-06ee-e89fd065488b/Lizard_2500px.jpg/600x600bb.jpg
King Crimson,UK,Islands,1971,data/King Crimson/islands.jpg,https://is1-ssl.mzstatic.com/image/thumb/Music5/v4/7b/6d/2e/7b6d2e95-1b2c-9621-7ee5-9d158b054d98/Islands_2500px.jpg/600x600bb.jpg
King Crimson,UK,Larks' Tongues in Aspic,1973,data/King Crimson/larks_tongues_in_aspic.jpg,https://is1-ssl.mzstatic.com/image/thumb/Music1/v4/03/eb/79/03eb79c1-bb5d-5ceb-6157-807bce60caeb/larks_2500px.jpg/600x600bb.jpg
King Crimson,UK,Starless and Bible Black,1974,data/King Crimson/starless_and_bible_black.jpg,https://is1-ssl.mzstatic.com/image/thumb/Music3/v4/ef/36/ef/ef36ef9a-c0db-8bb4-84ab-4fc080c091dd/Starless_2500px.jpg/600x600bb.jpg
King Crimson,UK,Red,1974,data/King Crimson/red.jpg,https://is1-ssl.mzstatic.com/image/thumb/Music4/v4/a8/5d/d3/a85dd370-ed7e-1e6f-f2ee-5464f7b3a978/Red_2500px.jpg/600x600bb.jpg
King Crimson,UK,Discipline,1981,data/King Crimson/discipline.jpg,https://is1-ssl.mzstatic.com/image/thumb/Music69/v4/ef/7a/4d/ef7a4d20-5ed2-3e7b-8e54-db586f2bc96b/Discipline_2500px.jpg/600x600bb.jpg
King Crimson,UK,Beat,1982,data/King Crimson/beat.jpg,https://is1-ssl.mzstatic.com/image/thumb/Music69/v4/4b/e8/06/4be806dc-0000-ae3e-6891-0e3ac16b7949/Beat_2500px.jpg/600x600bb.jpg
King Crimson,UK,Three of a Perfect Pair,1984,data/King Crimson/three_of_a_perfect_pair.jpg,https://is1-ssl.mzstatic.com/image/thumb/Music115/v4/bb/13/1e/bb131e63-fd74-3aa4-109a-3e30099a91fd/ThreeOfAPerfectPair_2500px.jpg/600x600bb.jpg
King Crimson,UK,THRAK,1995,data/King Crimson/thrak.jpg,https://is1-ssl.mzstatic.com/image/thumb/Music124/v4/5b/33/2a/5b332a4d-d429-5af8-00fe-6c6433f4bda5/THRAK_2500px.jpg/600x600bb.jpg
King Crimson,UK,The Power to Believe,2003,data/King Crimson/the_power_to_believe.jpg,https://is1-ssl.mzstatic.com/image/thumb/Music49/v4/b7/a8/a8/b7a8a8c7-bbf2-13ad-56cb-958e832e85a7/PowerToBelieve_2500px.jpg/600x600bb.jpg
Led Zeppelin,UK,Led Zeppelin,1969,data/Led Zeppelin/led_zeppelin.jpg,https://is1-ssl.mzstatic.com/image/thumb/Music114/v4/4c/7b/80/4c7b80b4-ed35-4e06-ec80-2f7aaaabb5c5/dj.pjjmtwdc.jpg/600x600bb.jpg
Led Zeppelin,UK,Led Zeppelin II,1969,data/Led Zeppelin/led_zeppelin_ii.jpg,https://is1-ssl.mzstatic.com/image/thumb/Music125/v4/1a/3d/bb/1a3dbb86-c1f8-737e-571f-d6b647a230be/dj.rhubuvkd.jpg/600x600bb.jpg
Led Zeppelin,UK,Led Zeppelin III,1970,data/Led Zeppelin/led_zeppelin_iii.jpg,https://is1-ssl.mzstatic.com/image/thumb/Music125/v4/62/fd/14/62fd14aa-d202-a86a-d948-0a5550b35fc3/dj.rkzuiqye.jpg/600x600bb.jpg
Led Zeppelin,UK,Led Zeppelin IV,1971,data/Led Zeppelin/led_zeppelin_iv.jpg,https://is1-ssl.mzstatic.com/image/thumb/Music115/v4/5c/15/9b/5c159b27-95ca-b9a7-84e3-28e795fffd39/dj.kvkrpptq.jpg/600x600bb.jpg
Led Zeppelin,UK,Houses of the Holy,1973,data/Led Zeppelin/houses_of_the_holy.jpg,https://is1-ssl.mzstatic.com/image/thumb/Music114/v4/4f/88/ad/4f88ad28-3953-fded-6c18-fe87b5d0dc7b/dj.iqdrlirx.jpg/600x600bb.jpg
Led Zeppelin,UK,Physical Graffiti,1975,data/Led Zeppelin/physical_graffiti.jpg,https://is1-ssl.mzstatic.com/image/thumb/Music125/v4/82/6c/5d/826c5d66-67b7-62f2-4d78-dd3c7b415e08/dj.pifhrvpa.jpg/600x600bb.jpg
Led Zeppelin,UK,Presence,1976,data/Led Zeppelin/presence.jpg,https://is1-ssl.mzstatic.com/image/thumb/Music7/v4/e2/a3/c4/e2a3c4ef-79a7-ce1e-bb6d-659c3a03c16d/dj.ntepxuqx.jpg/600x600bb.jpg
Led Zeppelin,UK,In Through the Out Door,1979,data/Led Zeppelin/in_through_the_out_door.jpg,https://is1-ssl.mzstatic.com/image/thumb/Music7/v4/32/33/78/32337882-4dcf-b4ff-c2b1-988297b1aa2a/dj.bazmvvpg.jpg/600x600bb.jpg
Led Zeppelin,UK,Coda,1982,data/Led Zeppelin/coda.jpg,https://is1-ssl.mzstatic.com/image/thumb/Music5/v4/2a/06/e6/2a06e6f2-8f19-ab2c-6945-d648c85e576a/dj.patkjjtp.jpg/600x600bb.jpg
Madonna,US,Madonna,1983,data/Madonna/madonna.jpg,https://is1-ssl.mzstatic.com/image/thumb/Music/y2005/m09/d19/h20/mzi.ykiinwgl.jpg/600x600bb.jpg
Madonna,US,Like a Virgin,1984,data/Madonna/like_a_virgin.jpg,https://is1-ssl.mzstatic.com/image/thumb/Music125/v4/8e/80/32/8e803264-c925-14dd-3412-2d7652c3df7b/mzi.wxptosaa.jpg/600x600bb.jpg
Madonna,US,True Blue,1986,data/Madonna/true_blue.jpg,https://is1-ssl.mzstatic.com/image/thumb/Music115/v4/ab/f6/3d/abf63d25-a582-a1ef-dcc1-65dcda1ecbcb/mzi.klximtlq.jpg/600x600bb.jpg
Madonna,US,Like a Prayer,1989,data/Madonna/like_a_prayer.jpg,https://is1-ssl.mzstatic.com/image/thumb/Music114/v4/20/3c/f5/203cf53d-689e-528f-29d7-ba33758254aa/mzi.rotbotfl.jpg/600x600bb.jpg
Madonna,US,Erotica,1992,data/Madonna/erotica.jpg,https://is1-ssl.mzstatic.com/image/thumb/Music115/v4/ae/da/07/aeda0763-09a6-9245-f710-6425f1dc7b80/mzi.jqoxkukr.jpg/600x600bb.jpg
Madonna,US,Bedtime Stories,1994,data/Madonna/bedtime_stories.jpg,https://is1-ssl.mzstatic.com/image/thumb/Music125/v4/2e/ea/4d/2eea4d57-8c5b-8961-1541-40c3adf571b8/dj.ckcxloql.jpg/600x600bb.jpg
Madonna,US,Ray of Light,1998,data/Madonna/ray_of_light.jpg,https://is1-ssl.mzstatic.com/image/thumb/Music115/v4/dd/2b/8d/dd2b8d84-e032-94d2-473a-3f8efd18fe36/dj.rwfgroxa.jpg/600x600bb.jpg
Madonna,US,Music,2000,data/Madonna/music.jpg,https://is1-ssl.mzstatic.com/image/thumb/Music123/v4/1c/46/da/1c46da55-6dff-2c58-837e-bdd419ff9ca8/093624759829.jpg/600x600bb.jpg
Madonna,US,American Life,2003,data/Madonna/american_life.jpg,https://is1-ssl.mzstatic.com/image/thumb/Music/y2005/m09/d19/h20/mzi.zkaoqrkf.jpg/600x600bb.jpg
Madonna,US,Confessions on a Dance Floor,2005,data/Madonna/confessions_on_a_dance_floor.jpg,https://is1-ssl.mzstatic.com/image/thumb/Music124/v4/24/5a/e8/245ae865-c767-310b-c8ee-6b3a05e43fd4/dj.hgvybcjz.jpg/600x600bb.jpg
Madonna,US,Hard Candy,2008,data/Madonna/hard_candy.jpg,https://is1-ssl.mzstatic.com/image/thumb/Music125/v4/87/d1/c2/87d1c2f4-2bdd-ad20-0d59-3cbc1722863d/mzi.rvjcvcvm.jpg/600x600bb.jpg
Madonna,US,MDNA,2012,data/Madonna/mdna.jpg,https://is1-ssl.mzstatic.com/image/thumb/Music221/v4/fc/bc/54/fcbc54d7-19af-38a6-ec32-a2e932fe583f/603497807420.jpg/600x600bb.jpg
Madonna,US,Rebel Heart,2015,data/Madonna/rebel_heart.jpg,https://is1-ssl.mzstatic.com/image/thumb/Music211/v4/56/8f/34/568f3448-a7fb-179c-d6b6-5d095e322779/603497807475.jpg/600x600bb.jpg
Madonna,US,Madame X,2019,data/Madonna/madame_x.jpg,https://is1-ssl.mzstatic.com/image/thumb/Music211/v4/72/f7/5f/72f75f3e-a544-b420-fae9-5d07a741b83f/603497807550.jpg/600x600bb.jpg
Mariah Carey,US,Mariah Carey,1990,data/Mariah Carey/mariah_carey.jpg,https://is1-ssl.mzstatic.com/image/thumb/Music115/v4/58/5c/bc/585cbcc5-efca-dd51-c8dc-69e44f01b27f/mzi.xgrszxsu.jpg/600x600bb.jpg
Mariah Carey,US,Emotions,1991,data/Mariah Carey/emotions.jpg,https://is1-ssl.mzstatic.com/image/thumb/Features124/v4/b9/66/82/b96682c2-4c2a-d01c-b849-68cb44511209/dj.soxgewfo.jpg/600x600bb.jpg
Mariah Carey,US,Music Box,1993,data/Mariah Carey/music_box.jpg,https://is1-ssl.mzstatic.com/image/thumb/Music116/v4/1a/c7/08/1ac708ec-f080-71f5-0580-ff81bc48b0e6/196871356909.jpg/600x600bb.jpg
Mariah Carey,US,Merry Christmas,1994,data/Mariah Carey/merry_christmas.jpg,https://is1-ssl.mzstatic.com/image/thumb/Music124/v4/c6/b7/27/c6b727f7-3a32-6b43-cee2-05bb71daf1cf/dj.itfmdeif.jpg/600x600bb.jpg
Mariah Carey,US,Daydream,1995,data/Mariah Carey/daydream.jpg,https://is1-ssl.mzstatic.com/image/thumb/Music211/v4/01/c7/07/01c70785-7c45-a82b-7d9a-49f521e4d373/074646670026.jpg/600x600bb.jpg
Mariah Carey,US,Butterfly,1997,data/Mariah Carey/butterfly.jpg,https://is1-ssl.mzstatic.com/image/thumb/Music114/v4/b8/fb/9b/b8fb9b86-32ab-5f6a-0e50-35b0e991ee44/mzi.stdlgspm.jpg/600x600bb.jpg
Mariah Carey,US,Rainbow,1999,data/Mariah Carey/rainbow.jpg,https://is1-ssl.mzstatic.com/image/thumb/Music221/v4/2d/f4/3f/2df43fcf-ec22-01ed-6949-4597eaa2fd88/074646380024.jpg/600x600bb.jpg
Mariah Carey,US,Charmbracelet,2002,data/Mariah Carey/charmbracelet.jpg,https://is1-ssl.mzstatic.com/image/thumb/Music114/v4/24/55/dd/2455dd82-1381-81fa-bad2-77cf5cead840/00044006346724.rgb.jpg/600x600bb.jpg
Mariah Carey,US,The Emancipation of Mimi,2005,data/Mariah Carey/the_emancipation_of_mimi.jpg,https://is1-ssl.mzstatic.com/image/thumb/Music122/v4/34/66/31/346631f0-dc0e-500f-7cb8-537e7523e022/15UMGIM78299.rgb.jpg/600x600bb.jpg
Mariah Carey,US,E=MC²,2008,data/Mariah Carey/e_mc.jpg,https://is1-ssl.mzstatic.com/image/thumb/Music114/v4/29/2c/82/292c82c3-9c0d-d05b-969a-878c22b33415/21UMGIM02955.rgb.jpg/600x600bb.jpg
Mariah Carey,US,Memoirs of an Imperfect Angel,2009,data/Mariah Carey/memoirs_of_an_imperfect_angel.jpg,https://is1-ssl.mzstatic.com/image/thumb/Music122/v4/40/9f/75/409f75bd-5b62-5cc9-3d5f-d077f42b4293/09UMGIM27932.rgb.jpg/600x600bb.jpg
Mariah Carey,US,Caution,2018,data/Mariah Carey/caution.jpg,https://is1-ssl.mzstatic.com/image/thumb/Music124/v4/dc/07/36/dc07361e-5839-758d-aeb3-7a56fb2627a0/886447294161.jpg/600x600bb.jpg
Marvin Gaye,US,The Soulful Moods of Marvin Gaye,1961,data/Marvin Gaye/the_soulful_moods_of_marvin_gaye.jpg,https://is1-ssl.mzstatic.com/image/thumb/Music128/v4/b9/b2/05/b9b2058f-7e56-3b93-e436-5d6367f936d8/00602547133694.rgb.jpg/600x600bb.jpg
Marvin Gaye,US,That Stubborn Kinda Fellow,1963,data/Marvin Gaye/that_stubborn_kinda_fellow.jpg,https://is1-ssl.mzstatic.com/image/thumb/Music128/v4/f1/79/46/f1794653-5a71-0884-0873-bfbc97ae24c1/00602537760831.rgb.jpg/600x600bb.jpg
Marvin Gaye,US,How Sweet It Is to Be Loved by You,1965,data/Marvin Gaye/how_sweet_it_is_to_be_loved_by_you.jpg,https://is1-ssl.mzstatic.com/image/thumb/Music122/v4/cd/ce/ab/cdceabbf-0149-249e-ec59-aca863f47020/14UMGIM54930.rgb.jpg/600x600bb.jpg
Marvin Gaye,US,Moods of Marvin Gaye,1966,data/Marvin Gaye/moods_of_marvin_gaye.jpg,https://is1-ssl.mzstatic.com/image/thumb/Music122/v4/27/24/a3/2724a3e7-65f8-81a9-b7c0-eb416a6d774c/14UMGIM55411.rgb.jpg/600x600bb.jpg
Marvin Gaye,US,In the Groove,1968,data/Marvin Gaye/in_the_groove.jpg,https://is1-ssl.mzstatic.com/image/thumb/Music122/v4/d9/95/96/d9959694-4a83-4cf4-63bf-f174faac4df5/14UMGIM55417.rgb.jpg/600x600bb.jpg
Marvin Gaye,US,M.P.G.,1969,data/Marvin Gaye/m_p_g.jpg,https://is1-ssl.mzstatic.com/image/thumb/Music112/v4/42/0b/7f/420b7f04-d3ba-9347-ce13-2399780db6f2/14UMGIM55418.rgb.jpg/600x600bb.jpg
Marvin Gaye,US,That's the Way Love Is,1970,data/Marvin Gaye/that_s_the_way_love_is.jpg,https://is1-ssl.mzstatic.com/image/thumb/Music126/v4/cc/6c/2d/cc6c2db8-5cda-6691-8147-0636db1bea57/14UMGIM54542.rgb.jpg/600x600bb.jpg
Marvin Gaye,US,What's Going On,1971,data/Marvin Gaye/what_s_going_on.jpg,https://is1-ssl.mzstatic.com/image/thumb/Music112/v4/76/36/2d/76362d74-cb7a-8ef9-104e-cde1d858e9a9/20UMGIM95279.rgb.jpg/600x600bb.jpg
Marvin Gaye,US,Trouble Man,1972,data/Marvin Gaye/trouble_man.jpg,https://is1-ssl.mzstatic.com/image/thumb/Music122/v4/48/d4/37/48d43767-ef7d-3dfc-b9e4-3af04eba1ad2/14UMGIM55262.rgb.jpg/600x600bb.jpg
Marvin Gaye,US,Let's Get It On,1973,data/Marvin Gaye/let_s_get_it_on.jpg,https://is1-ssl.mzstatic.com/image/thumb/Music116/v4/dc/fa/3a/dcfa3a34-a2eb-8144-7fda-b978b7afbe19/06UMGIM11335.rgb.jpg/600x600bb.jpg
Marvin Gaye,US,I Want You,1976,data/Marvin Gaye/i_want_you.jpg,https://is1-ssl.mzstatic.com/image/thumb/Music126/v4/38/6d/de/386dde81-f75b-944a-a8bf-efec51554486/14UMGIM55410.rgb.jpg/600x600bb.jpg
Marvin Gaye,US,"Here, My Dear",1978,data/Marvin Gaye/here_my_dear.jpg,https://is1-ssl.mzstatic.com/image/thumb/Music114/v4/bc/ae/e3/bcaee340-68a6-2eba-16c0-be55f78c1ba0/00602547135636.rgb.jpg/600x600bb.jpg
Marvin Gaye,US,Midnight Love,1982,data/Marvin Gaye/midnight_love.jpg,https://is1-ssl.mzstatic.com/image/thumb/Music/63/e3/3b/mzi.mwgwudzp.jpg/600x600bb.jpg
Massive Attack,UK,Blue Lines,1991,data/Massive Attack/blue_lines.jpg,https://is1-ssl.mzstatic.com/image/thumb/Music115/v4/e5/f7/c0/e5f7c07d-2182-e732-8ad6-be03814fe93c/13UABIM04453.rgb.jpg/600x600bb.jpg
Massive Attack,UK,Protection,1994,data/Massive Attack/protection.jpg,https://is1-ssl.mzstatic.com/image/thumb/Music128/v4/db/2d/65/db2d6579-b267-7283-ee16-a618650ec8d1/00724383988358.rgb.jpg/600x600bb.jpg
Massive Attack,UK,Mezzanine,1998,data/Massive Attack/mezzanine.jpg,https://is1-ssl.mzstatic.com/image/thumb/Music115/v4/0a/98/55/0a98555b-8d9d-3b46-660a-b91261557d17/00724384559953.rgb.jpg/600x600bb.jpg
Massive Attack,UK,100th Window,2003,data/Massive Attack/100th_window.jpg,https://is1-ssl.mzstatic.com/image/thumb/Music118/v4/f5/2d/dc/f52ddc7e-5d19-c77d-e6bd-442af020b798/00724358123951.rgb.jpg/600x600bb.jpg
Massive Attack,UK,Heligoland,2010,data/Massive Attack/heligoland.jpg,https://is1-ssl.mzstatic.com/image/thumb/Music115/v4/13/89/ea/1389ea43-83fe-6cf2-59df-85216996d80b/05099960946652.rgb.jpg/600x600bb.jpg
Metallica,US,Kill 'Em All,1983,data/Metallica/kill_em_all.jpg,https://is1-ssl.mzstatic.com/image/thumb/Features124/v4/73/06/19/73061928-34a2-6462-963a-039203d507fe/dj.cloeijsr.png/600x600bb.jpg
Metallica,US,Ride the Lightning,1984,data/Metallica/ride_the_lightning.jpg,https://is1-ssl.mzstatic.com/image/thumb/Features125/v4/0f/7a/74/0f7a7472-92fa-e77d-384a-1e4304705e83/dj.jbiruenb.png/600x600bb.jpg
Metallica,US,Master of Puppets,1986,data/Metallica/master_of_puppets.jpg,https://is1-ssl.mzstatic.com/image/thumb/Music118/v4/69/f9/05/69f905ed-ff04-58a2-8de2-1b5338745f19/858978005226.png/600x600bb.jpg
Metallica,US,...And Justice for All,1988,data/Metallica/and_justice_for_all.jpg,https://is1-ssl.mzstatic.com/image/thumb/Music114/v4/c3/65/83/c3658386-7e98-e77c-ac2f-15ea33898bfa/858978005929.png/600x600bb.jpg
Metallica,US,Metallica,1991,data/Metallica/metallica.jpg,https://is1-ssl.mzstatic.com/image/thumb/Music125/v4/9e/80/1b/9e801b06-67fa-0990-2d15-85480ad3cd46/850007452025.png/600x600bb.jpg
Metallica,US,Load,1996,data/Metallica/load.jpg,https://is1-ssl.mzstatic.com/image/thumb/Music211/v4/97/e7/3c/97e73c7c-435b-7c98-f44a-40ee408d7dc7/810083962887.png/600x600bb.jpg
Metallica,US,Reload,1997,data/Metallica/reload.jpg,https://is1-ssl.mzstatic.com/image/thumb/Music125/v4/68/b0/0e/68b00e47-8c5f-fd9c-9d39-fbee55a4b9d4/0093624986539.jpg/600x600bb.jpg
Metallica,US,St. Anger,2003,data/Metallica/st_anger.jpg,https://is1-ssl.mzstatic.com/image/thumb/Music/v4/2f/79/91/2f79911f-02cf-79df-fee1-c501fd1f3ac3/0075596285360.jpg/600x600bb.jpg
Metallica,US,Death Magnetic,2008,data/Metallica/death_magnetic.jpg,https://is1-ssl.mzstatic.com/image/thumb/Music125/v4/40/89/68/40896869-db34-6b2e-3e6e-d778d188713b/0093624981565.jpg/600x600bb.jpg
Metallica,US,Hardwired... to Self-Destruct,2016,data/Metallica/hardwired_to_self_destruct.jpg,https://is1-ssl.mzstatic.com/image/thumb/Music114/v4/01/c1/52/01c15233-6950-93f5-2501-8f61de465c5c/858978005240.png/600x600bb.jpg
Metallica,US,72 Seasons,2023,data/Metallica/72_seasons.jpg,https://is1-ssl.mzstatic.com/image/thumb/Music126/v4/f7/50/56/f75056b7-d390-d215-51c5-3695dc6fe468/810083961095.png/600x600bb.jpg
Michael Jackson,US,Got to Be There,1972,data/Michael Jackson/got_to_be_there.jpg,https://is1-ssl.mzstatic.com/image/thumb/Music124/v4/6c/3c/86/6c3c860b-0e0a-f016-1adc-44d8e3ff0144/00602537386796.rgb.jpg/600x600bb.jpg
Michael Jackson,US,Ben,1972,data/Michael Jackson/ben.jpg,https://is1-ssl.mzstatic.com/image/thumb/Music118/v4/8c/45/7d/8c457ddb-685c-ea0a-9d39-190a5e7e0e03/00602537386840.rgb.jpg/600x600bb.jpg
Michael Jackson,US,Music & Me,1973,data/Michael Jackson/music_me.jpg,https://is1-ssl.mzstatic.com/image/thumb/Music211/v4/45/c2/df/45c2df73-4211-1cc8-195f-64dadcf47462/16UMGIM57131.rgb.jpg/600x600bb.jpg
Michael Jackson,US,"Forever, Michael",1975,data/Michael Jackson/forever_michael.jpg,https://is1-ssl.mzstatic.com/image/thumb/Music124/v4/ce/48/1a/ce481ab5-54b1-a42e-9a04-9d15fe2b8a08/00602527297538.rgb.jpg/600x600bb.jpg
Michael Jackson,US,Off the Wall,1979,data/Michael Jackson/off_the_wall.jpg,https://is1-ssl.mzstatic.com/image/thumb/Music221/v4/0c/fe/a3/0cfea324-57c1-d530-5248-9bb591bbd7bf/074643574525.jpg/600x600bb.jpg
Michael Jackson,US,Thriller,1982,data/Michael Jackson/thriller.jpg,https://is1-ssl.mzstatic.com/image/thumb/Music115/v4/32/4f/fd/324ffda2-9e51-8f6a-0c2d-c6fd2b41ac55/074643811224.jpg/600x600bb.jpg
Michael Jackson,US,Bad,1987,data/Michael Jackson/bad.jpg,https://is1-ssl.mzstatic.com/image/thumb/Music211/v4/d5/5f/28/d55f28f4-610c-ee81-dc16-a01cda46bbc4/886443546264.jpg/600x600bb.jpg
Michael Jackson,US,Dangerous,1991,data/Michael Jackson/dangerous.jpg,https://is1-ssl.mzstatic.com/image/thumb/Music125/v4/cf/68/f9/cf68f9d4-e395-9ced-3e50-8cf7f1f9d3e0/884977307832.jpg/600x600bb.jpg
Michael Jackson,US,"HIStory: Past, Present and Future, Book I",1995,data/Michael Jackson/history_past_present_and_future_book_i.jpg,https://is1-ssl.mzstatic.com/image/thumb/Music124/v4/c5/8d/b1/c58db1f1-0249-7a52-b58c-6f4eb145b06a/884977149166.jpg/600x600bb.jpg
Michael Jackson,US,Invincible,2001,data/Michael Jackson/invincible.jpg,https://is1-ssl.mzstatic.com/image/thumb/Music115/v4/dc/02/ef/dc02eff2-027c-a468-7d7b-aa9404e74f1a/mzi.mgytcnob.jpg/600x600bb.jpg
Muse,UK,Showbiz,1999,data/Muse/showbiz.jpg,https://is1-ssl.mzstatic.com/image/thumb/Music115/v4/e9/78/cb/e978cb04-1320-409d-ebec-a2c247df0353/825646097340.jpg/600x600bb.jpg
Muse,UK,Origin of Symmetry,2001,data/Muse/origin_of_symmetry.jpg,https://is1-ssl.mzstatic.com/image/thumb/Music114/v4/0c/c8/0b/0cc80b73-aa09-492d-4fcc-984cab29acfa/825646096909.jpg/600x600bb.jpg
Muse,UK,Absolution,2003,data/Muse/absolution.jpg,https://is1-ssl.mzstatic.com/image/thumb/Music126/v4/4a/73/ab/4a73abdf-1d55-b3fe-484d-e023a507428e/5054197904233.jpg/600x600bb.jpg
Muse,UK,Black Holes and Revelations,2006,data/Muse/black_holes_and_revelations.jpg,https://is1-ssl.mzstatic.com/image/thumb/Music124/v4/4a/c1/5d/4ac15dc9-2ae6-1d5b-3add-43bae227f941/825646095452.jpg/600x600bb.jpg
Muse,UK,The Resistance,2009,data/Muse/the_resistance.jpg,https://is1-ssl.mzstatic.com/image/thumb/Music115/v4/53/13/26/531326a2-b93d-9ab8-30cc-e4a9392e7b86/825646092666.jpg/600x600bb.jpg
Muse,UK,The 2nd Law,2012,data/Muse/the_2nd_law.jpg,https://is1-ssl.mzstatic.com/image/thumb/Music124/v4/da/93/b9/da93b9d0-5a55-7553-6a33-fbb93695ad41/825646557646.jpg/600x600bb.jpg
Muse,UK,Drones,2015,data/Muse/drones.jpg,https://is1-ssl.mzstatic.com/image/thumb/Music125/v4/fe/e2/d0/fee2d0c2-a1cc-4804-97d5-0db67a7895ed/825646121205.jpg/600x600bb.jpg
Muse,UK,Simulation Theory,2018,data/Muse/simulation_theory.jpg,https://is1-ssl.mzstatic.com/image/thumb/Music128/v4/09/5c/51/095c5105-2da6-3931-11a4-6f2bbe6501f6/190295559236.jpg/600x600bb.jpg
Muse,UK,Will of the People,2022,data/Muse/will_of_the_people.jpg,https://is1-ssl.mzstatic.com/image/thumb/Music116/v4/5c/36/c5/5c36c547-c6fb-5716-d192-c664cd20954f/190296182945.jpg/600x600bb.jpg
Nas,US,Illmatic,1994,data/Nas/illmatic.jpg,https://is1-ssl.mzstatic.com/image/thumb/Music125/v4/e8/13/50/e813500d-51cd-6c37-c405-53a668cbde97/886444072496.jpg/600x600bb.jpg
Nas,US,It Was Written,1996,data/Nas/it_was_written.jpg,https://is1-ssl.mzstatic.com/image/thumb/Music124/v4/d7/6c/a6/d76ca6fc-4541-7812-875c-9db9a8b2a6d3/mzi.hfnmzkmx.jpg/600x600bb.jpg
Nas,US,I Am...,1999,data/Nas/i_am.jpg,https://is1-ssl.mzstatic.com/image/thumb/Music115/v4/cf/6a/e3/cf6ae3d9-aba6-757c-70c4-5539a8b1c3af/074646877326.jpg/600x600bb.jpg
Nas,US,Nastradamus,1999,data/Nas/nastradamus.jpg,https://is1-ssl.mzstatic.com/image/thumb/Music115/v4/15/f4/35/15f43597-f7af-6f1b-2d44-57299897952e/074646393024.jpg/600x600bb.jpg
Nas,US,Stillmatic,2001,data/Nas/stillmatic.jpg,https://is1-ssl.mzstatic.com/image/thumb/Music221/v4/f2/20/87/f22087e6-a734-2488-3ea9-6050898911bd/886444604901.jpg/600x600bb.jpg
Nas,US,God's Son,2002,data/Nas/god_s_son.jpg,https://is1-ssl.mzstatic.com/image/thumb/Music125/v4/0b/45/d1/0b45d110-e637-c7b1-be21-14380c206ea2/696998693029.jpg/600x600bb.jpg
Nas,US,Street's Disciple,2004,data/Nas/street_s_disciple.jpg,https://is1-ssl.mzstatic.com/image/thumb/Features124/v4/34/52/9d/34529d13-5089-31fa-4a81-17286635a228/dj.zstylxrx.jpg/600x600bb.jpg
Nas,US,Hip Hop Is Dead,2006,data/Nas/hip_hop_is_dead.jpg,https://is1-ssl.mzstatic.com/image/thumb/Music122/v4/8e/f6/0e/8ef60e84-b497-8a61-762d-1b3c19d94419/07UMGIM00389.rgb.jpg/600x600bb.jpg
Nas,US,Life Is Good,2012,data/Nas/life_is_good.jpg,https://is1-ssl.mzstatic.com/image/thumb/Music116/v4/b8/ca/36/b8ca3691-a263-33b0-4848-aced346bfc22/12UMGIM31296.rgb.jpg/600x600bb.jpg
Nas,US,King's Disease,2020,data/Nas/king_s_disease.jpg,https://is1-ssl.mzstatic.com/image/thumb/Music124/v4/14/4a/8f/144a8f2c-c723-2413-291b-ba2fe2819456/20UMGIM71728.rgb.jpg/600x600bb.jpg
Nas,US,King's Disease II,2021,data/Nas/king_s_disease_ii.jpg,https://is1-ssl.mzstatic.com/image/thumb/Music125/v4/ed/e5/02/ede502c6-af0e-3c53-e0a0-3d7386c5f743/196292225150.jpg/600x600bb.jpg
Nas,US,Magic,2021,data/Nas/magic.jpg,https://is1-ssl.mzstatic.com/image/thumb/Music116/v4/52/44/e7/5244e729-1d3b-2e64-466d-939e8a527d68/196626081384.jpg/600x600bb.jpg
Nas,US,King's Disease III,2022,data/Nas/king_s_disease_iii.jpg,https://is1-ssl.mzstatic.com/image/thumb/Music112/v4/09/09/a7/0909a7d0-bbc6-a742-dc74-7395af6c7ccb/197187299003.jpg/600x600bb.jpg
Nas,US,Magic 3,2023,data/Nas/magic_3.jpg,https://is1-ssl.mzstatic.com/image/thumb/Music116/v4/61/b8/4a/61b84a76-4c5c-8866-2fc4-b7e5d0f442ee/197189915048.jpg/600x600bb.jpg
New Order,UK,Movement,1981,data/New Order/movement.jpg,https://is1-ssl.mzstatic.com/image/thumb/Music3/v4/fa/e4/27/fae42799-8e07-e6c2-5122-c757a44fe707/825646054602.jpg/600x600bb.jpg
New Order,UK,"Power, Corruption & Lies",1983,data/New Order/power_corruption_lies.jpg,https://is1-ssl.mzstatic.com/image/thumb/Music115/v4/d2/3f/c8/d23fc8e7-3baa-eae3-7301-7a868d00ab09/825646053803.jpg/600x600bb.jpg
New Order,UK,Low-Life,1985,data/New Order/low_life.jpg,https://is1-ssl.mzstatic.com/image/thumb/Music124/v4/f6/12/4f/f6124f83-b46a-82c2-373a-ada0da02a5c5/mzm.ndyfyamo.jpg/600x600bb.jpg
New Order,UK,Brotherhood,1986,data/New Order/brotherhood.jpg,https://is1-ssl.mzstatic.com/image/thumb/Music115/v4/e4/4c/dc/e44cdc30-89d8-1b46-8e1f-57c0bbbc9ce7/825646051175.jpg/600x600bb.jpg
New Order,UK,Technique,1989,data/New Order/technique.jpg,https://is1-ssl.mzstatic.com/image/thumb/Music124/v4/49/51/83/4951838a-1b2f-35c3-3984-89e87f288288/825646051021.jpg/600x600bb.jpg
New Order,UK,Republic,1993,data/New Order/republic.jpg,https://is1-ssl.mzstatic.com/image/thumb/Music115/v4/95/41/cd/9541cddd-682b-0a63-9f80-6f9a0429e713/mzm.zbliccga.jpg/600x600bb.jpg
New Order,UK,Get Ready,2001,data/New Order/get_ready.jpg,https://is1-ssl.mzstatic.com/image/thumb/Music/ac/ff/30/mzi.zekmeqmg.jpg/600x600bb.jpg
New Order,UK,Waiting for the Sirens' Call,2005,data/New Order/waiting_for_the_sirens_call.jpg,https://is1-ssl.mzstatic.com/image/thumb/Music6/v4/05/00/9a/05009a8e-8d49-aa3d-4efb-379bb08d1be0/825646056149.jpg/600x600bb.jpg
New Order,UK,Music Complete,2015,data/New Order/music_complete.jpg,https://is1-ssl.mzstatic.com/image/thumb/Music124/v4/b2/8d/71/b28d71c0-7feb-9b87-cef6-5035ef47acbc/724596962862.jpg/600x600bb.jpg
Nirvana,US,Bleach,1989,data/Nirvana/bleach.jpg,https://is1-ssl.mzstatic.com/image/thumb/Music124/v4/71/fc/61/71fc6147-fa50-2e25-4e42-db8b45e345ab/Nirvana_Bleach_20th_1425px.jpg/600x600bb.jpg
Nirvana,US,Nevermind,1991,data/Nirvana/nevermind.jpg,https://is1-ssl.mzstatic.com/image/thumb/Music115/v4/95/fd/b9/95fdb9b2-6d2b-92a6-97f2-51c1a6d77f1a/00602527874609.rgb.jpg/600x600bb.jpg
Nirvana,US,In Utero,1993,data/Nirvana/in_utero.jpg,https://is1-ssl.mzstatic.com/image/thumb/Music125/v4/e3/20/03/e32003a4-99bc-1c70-40ba-001882f35dba/00602537526840.rgb.jpg/600x600bb.jpg
Oasis,UK,Definitely Maybe,1994,data/Oasis/definitely_maybe.jpg,https://is1-ssl.mzstatic.com/image/thumb/Music115/v4/9f/e7/ea/9fe7eac2-87dc-c1df-3333-dc30b82bdd74/5051961006100.jpg/600x600bb.jpg
Oasis,UK,(What's the Story) Morning Glory?,1995,data/Oasis/what_s_the_story_morning_glory.jpg,https://is1-ssl.mzstatic.com/image/thumb/Music113/v4/04/92/e0/0492e08b-cbcc-9969-9ad6-8f5a0888068c/5051961007107.jpg/600x600bb.jpg
Oasis,UK,Be Here Now,1997,data/Oasis/be_here_now.jpg,https://is1-ssl.mzstatic.com/image/thumb/Music123/v4/fa/7a/57/fa7a57c6-fbf7-61b4-4f19-fd341f1ad7d8/5051961008104.jpg/600x600bb.jpg
Oasis,UK,Standing on the Shoulder of Giants,2000,data/Oasis/standing_on_the_shoulder_of_giants.jpg,https://is1-ssl.mzstatic.com/image/thumb/Music211/v4/cc/b0/d2/ccb0d2f6-60a7-1ee6-3386-6cd85764ab22/5051961002102.jpg/600x600bb.jpg
Oasis,UK,Heathen Chemistry,2002,data/Oasis/heathen_chemistry.jpg,https://is1-ssl.mzstatic.com/image/thumb/Music221/v4/cd/78/a2/cd78a2a4-7e3d-ccec-b204-dda064f065a3/5051083000406.jpg/600x600bb.jpg
Oasis,UK,Don't Believe the Truth,2005,data/Oasis/don_t_believe_the_truth.jpg,https://is1-ssl.mzstatic.com/image/thumb/Music211/v4/c8/10/09/c81009d5-dbb9-b79f-cdd3-b7f58d023138/5051961030105.jpg/600x600bb.jpg
Oasis,UK,Dig Out Your Soul,2008,data/Oasis/dig_out_your_soul.jpg,https://is1-ssl.mzstatic.com/image/thumb/Music211/v4/c3/b0/8e/c3b08e67-036e-c716-e278-c82df1dcee73/5051961051155.jpg/600x600bb.jpg
Outkast,US,Southernplayalisticadillacmuzik,1994,data/Outkast/southernplayalisticadillacmuzik.jpg,https://is1-ssl.mzstatic.com/image/thumb/Music211/v4/3a/3a/06/3a3a066d-6e67-76e5-755c-b6488bf82912/730082601023.jpg/600x600bb.jpg
Outkast,US,ATLiens,1996,data/Outkast/atliens.jpg,https://is1-ssl.mzstatic.com/image/thumb/Music115/v4/a6/f1/08/a6f1080e-cdd7-30c4-1d2d-13ac9b59efdd/730082602921.jpg/600x600bb.jpg
Outkast,US,Aquemini,1998,data/Outkast/aquemini.jpg,https://is1-ssl.mzstatic.com/image/thumb/Music125/v4/09/d1/dc/09d1dccf-7ff4-02b6-9613-942a6d140452/730082605328.jpg/600x600bb.jpg
Outkast,US,Stankonia,2000,data/Outkast/stankonia.jpg,https://is1-ssl.mzstatic.com/image/thumb/Music113/v4/e0/4c/f4/e04cf460-46a5-992a-87c7-2c1aef7e3a46/730082607223.jpg/600x600bb.jpg
Outkast,US,Speakerboxxx/The Love Below,2003,data/Outkast/speakerboxxx_the_love_below.jpg,https://is1-ssl.mzstatic.com/image/thumb/Music211/v4/39/e6/fc/39e6fca2-9d12-cc95-81d0-f8f9d11d51c7/196872578973.jpg/600x600bb.jpg
Outkast,US,Idlewild,2006,data/Outkast/idlewild.jpg,https://is1-ssl.mzstatic.com/image/thumb/Music125/v4/32/c9/63/32c96391-2b4a-0f6e-824d-552148dd42dd/828767579122.jpg/600x600bb.jpg
Pearl Jam,US,Ten,1991,data/Pearl Jam/ten.jpg,https://is1-ssl.mzstatic.com/image/thumb/Music221/v4/e0/e1/7c/e0e17cf0-62e5-6312-f3df-2462960cc8f1/884977724745.jpg/600x600bb.jpg
Pearl Jam,US,Vs.,1993,data/Pearl Jam/vs.jpg,https://is1-ssl.mzstatic.com/image/thumb/Music115/v4/60/a1/f7/60a1f7ee-72d8-0096-ac20-fe9c453211c7/dj.nyndmalc.jpg/600x600bb.jpg
Pearl Jam,US,Vitalogy,1994,data/Pearl Jam/vitalogy.jpg,https://is1-ssl.mzstatic.com/image/thumb/Music125/v4/5c/8c/6d/5c8c6d72-ff93-5182-be87-f224db0a41e3/dj.gxlpyxpu.jpg/600x600bb.jpg
Pearl Jam,US,No Code,1996,data/Pearl Jam/no_code.jpg,https://is1-ssl.mzstatic.com/image/thumb/Music125/v4/5a/91/88/5a91883f-7398-5b08-fd9a-cdedbe3ea8ab/dj.prtzuuhl.jpg/600x600bb.jpg
Pearl Jam,US,Yield,1998,data/Pearl Jam/yield.jpg,https://is1-ssl.mzstatic.com/image/thumb/Music124/v4/a9/c6/38/a9c63889-8c3a-e58e-d4fc-c89dc2ac1a60/dj.gredyxzz.jpg/600x600bb.jpg
Pearl Jam,US,Binaural,2000,data/Pearl Jam/binaural.jpg,https://is1-ssl.mzstatic.com/image/thumb/Music211/v4/d6/9a/98/d69a983f-e276-40c4-4ac3-ce8983cc19ce/884977849899.jpg/600x600bb.jpg
Pearl Jam,US,Riot Act,2002,data/Pearl Jam/riot_act.jpg,https://is1-ssl.mzstatic.com/image/thumb/Music/13/37/e4/mzi.jojevjqg.jpg/600x600bb.jpg
Pearl Jam,US,Pearl Jam,2006,data/Pearl Jam/pearl_jam.jpg,https://is1-ssl.mzstatic.com/image/thumb/Music124/v4/b3/7d/35/b37d358d-f0f1-de4b-be52-f3d8ecbc2597/dj.yapbhzfv.jpg/600x600bb.jpg
Pearl Jam,US,Backspacer,2009,data/Pearl Jam/backspacer.jpg,https://is1-ssl.mzstatic.com/image/thumb/Music124/v4/8e/e3/6f/8ee36fd7-f9a9-7ede-e173-b1e001e5e5aa/00602527189802.rgb.jpg/600x600bb.jpg
Pearl Jam,US,Lightning Bolt,2013,data/Pearl Jam/lightning_bolt.jpg,https://is1-ssl.mzstatic.com/image/thumb/Music124/v4/60/9c/08/609c08bd-42b4-f344-465d-5cf49cbf9d75/13UAAIM09823.rgb.jpg/600x600bb.jpg
Pearl Jam,US,Gigaton,2020,data/Pearl Jam/gigaton.jpg,https://is1-ssl.mzstatic.com/image/thumb/Music124/v4/eb/14/fb/eb14fb04-916d-e70f-542c-44fbe581c145/20UMGIM03561.rgb.jpg/600x600bb.jpg
Pearl Jam,US,Dark Matter,2024,data/Pearl Jam/dark_matter.jpg,https://is1-ssl.mzstatic.com/image/thumb/Music126/v4/17/11/35/171135ac-2077-e1fe-e7bd-417250aaa10b/24UMGIM11953.rgb.jpg/600x600bb.jpg
Pet Shop Boys,UK,Please,1986,data/Pet Shop Boys/please.jpg,https://is1-ssl.mzstatic.com/image/thumb/Music122/v4/3f/cb/87/3fcb8754-e772-7fcf-c54f-fbcb8976aff5/5054197358463.jpg/600x600bb.jpg
Pet Shop Boys,UK,Actually,1987,data/Pet Shop Boys/actually.jpg,https://is1-ssl.mzstatic.com/image/thumb/Music122/v4/37/95/1a/37951a3d-6f9b-b5fc-fdac-e4818029ba00/5054197358579.jpg/600x600bb.jpg
Pet Shop Boys,UK,Introspective,1988,data/Pet Shop Boys/introspective.jpg,https://is1-ssl.mzstatic.com/image/thumb/Music122/v4/a9/6d/46/a96d46ac-d096-bb97-b47b-42ef228da705/5054197358586.jpg/600x600bb.jpg
Pet Shop Boys,UK,Behaviour,1990,data/Pet Shop Boys/behaviour.jpg,https://is1-ssl.mzstatic.com/image/thumb/Music122/v4/4d/10/ca/4d10ca06-7792-8f7c-56f9-488fb9bcee64/5054197358616.jpg/600x600bb.jpg
Pet Shop Boys,UK,Very,1993,data/Pet Shop Boys/very.jpg,https://is1-ssl.mzstatic.com/image/thumb/Music112/v4/5e/be/88/5ebe8870-5e94-b1f6-f804-555311335840/5054197358869.jpg/600x600bb.jpg
Pet Shop Boys,UK,Bilingual,1996,data/Pet Shop Boys/bilingual.jpg,https://is1-ssl.mzstatic.com/image/thumb/Music112/v4/e7/03/3b/e7033bd5-f326-c9be-3569-15a25e029e50/5054197358715.jpg/600x600bb.jpg
Pet Shop Boys,UK,Nightlife,1999,data/Pet Shop Boys/nightlife.jpg,https://is1-ssl.mzstatic.com/image/thumb/Music122/v4/a8/62/85/a86285ea-257f-2a8b-acaa-d72e72e659d4/5054197358739.jpg/600x600bb.jpg
Pet Shop Boys,UK,Release,2002,data/Pet Shop Boys/release.jpg,https://is1-ssl.mzstatic.com/image/thumb/Music122/v4/30/fb/ad/30fbad96-ede9-7471-cdd0-5a5defdb1941/5054197358746.jpg/600x600bb.jpg
Pet Shop Boys,UK,Fundamental,2006,data/Pet Shop Boys/fundamental.jpg,https://is1-ssl.mzstatic.com/image/thumb/Music122/v4/f5/08/cf/f508cfd2-2ac3-7a2d-d378-6f4fa73f77a4/5054197358753.jpg/600x600bb.jpg
Pet Shop Boys,UK,Yes,2009,data/Pet Shop Boys/yes.jpg,https://is1-ssl.mzstatic.com/image/thumb/Music122/v4/91/95/56/91955623-a6c5-7e11-e47b-c201ecc2115d/5054197358777.jpg/600x600bb.jpg
Pet Shop Boys,UK,Elysium,2012,data/Pet Shop Boys/elysium.jpg,https://is1-ssl.mzstatic.com/image/thumb/Music122/v4/83/ca/d5/83cad5ee-a2c0-3f1f-5ef8-22111ad32c94/5054197358784.jpg/600x600bb.jpg
Pet Shop Boys,UK,Electric,2013,data/Pet Shop Boys/electric.jpg,https://is1-ssl.mzstatic.com/image/thumb/Music116/v4/79/cb/cd/79cbcd03-f69a-b0cd-74ee-b27c0f3bf066/5055489280882.jpg/600x600bb.jpg
Pet Shop Boys,UK,Super,2016,data/Pet Shop Boys/super.jpg,https://is1-ssl.mzstatic.com/image/thumb/Music126/v4/7f/18/75/7f1875da-d67a-ea46-c888-97451d3a4519/5060454941118.jpg/600x600bb.jpg
Pet Shop Boys,UK,Hotspot,2020,data/Pet Shop Boys/hotspot.jpg,https://is1-ssl.mzstatic.com/image/thumb/Music116/v4/eb/b1/23/ebb12375-3214-7464-1bb4-9be7a0039824/5056167117308.jpg/600x600bb.jpg
Pet Shop Boys,UK,Nonetheless,2024,data/Pet Shop Boys/nonetheless.jpg,https://is1-ssl.mzstatic.com/image/thumb/Music126/v4/77/e2/2b/77e22ba6-fac5-3e0c-a0b2-d6dcfc9f413e/5054197959196.jpg/600x600bb.jpg
Pink Floyd,UK,The Piper at the Gates of Dawn,1967,data/Pink Floyd/the_piper_at_the_gates_of_dawn.jpg,https://is1-ssl.mzstatic.com/image/thumb/Music211/v4/e7/b4/d3/e7b4d3e0-66d5-0cea-4054-47f3e8bae778/886445635799.jpg/600x600bb.jpg
Pink Floyd,UK,A Saucerful of Secrets,1968,data/Pink Floyd/a_saucerful_of_secrets.jpg,https://is1-ssl.mzstatic.com/image/thumb/Music211/v4/f0/2c/b0/f02cb0ae-8373-e540-c961-14aa289d6e71/886445635881.jpg/600x600bb.jpg
Pink Floyd,UK,More,1969,data/Pink Floyd/more.jpg,https://is1-ssl.mzstatic.com/image/thumb/Music211/v4/0e/ef/ef/0eefefe4-ea3b-4204-3e80-385190d429c5/886445635805.jpg/600x600bb.jpg
Pink Floyd,UK,Ummagumma,1969,data/Pink Floyd/ummagumma.jpg,https://is1-ssl.mzstatic.com/image/thumb/Music221/v4/9d/47/c3/9d47c312-947c-c361-173e-cb41ce3748fc/886445635812.jpg/600x600bb.jpg
Pink Floyd,UK,Atom Heart Mother,1970,data/Pink Floyd/atom_heart_mother.jpg,https://is1-ssl.mzstatic.com/image/thumb/Music221/v4/39/76/93/397693c0-2030-cae1-5124-678d304ce705/886445635836.jpg/600x600bb.jpg
Pink Floyd,UK,Meddle,1971,data/Pink Floyd/meddle.jpg,https://is1-ssl.mzstatic.com/image/thumb/Music211/v4/18/a8/b7/18a8b7ed-365d-ef37-d724-88ce764c3ee7/886445635911.jpg/600x600bb.jpg
Pink Floyd,UK,Obscured by Clouds,1972,data/Pink Floyd/obscured_by_clouds.jpg,https://is1-ssl.mzstatic.com/image/thumb/Music211/v4/6e/ca/ef/6ecaef2b-b73c-f437-fa4e-9b44b53a7993/886445635928.jpg/600x600bb.jpg
Pink Floyd,UK,The Dark Side of the Moon,1973,data/Pink Floyd/the_dark_side_of_the_moon.jpg,https://is1-ssl.mzstatic.com/image/thumb/Music221/v4/3e/76/b0/3e76b0e3-762b-2286-a019-8afb19cee541/886445635829.jpg/600x600bb.jpg
Pink Floyd,UK,Wish You Were Here,1975,data/Pink Floyd/wish_you_were_here.jpg,https://is1-ssl.mzstatic.com/image/thumb/Music211/v4/aa/e0/ab/aae0ab6a-d906-a189-81bf-70b56aa43f7a/886445635843.jpg/600x600bb.jpg
Pink Floyd,UK,Animals,1977,data/Pink Floyd/animals.jpg,https://is1-ssl.mzstatic.com/image/thumb/Music221/v4/ef/03/66/ef036634-5956-38db-ba78-db6200adfdc4/886445635942.jpg/600x600bb.jpg
Pink Floyd,UK,The Wall,1979,data/Pink Floyd/the_wall.jpg,https://is1-ssl.mzstatic.com/image/thumb/Music221/v4/3e/17/ec/3e17ec6d-f980-c64f-19e0-a6fd8bbf0c10/886445635850.jpg/600x600bb.jpg
Pink Floyd,UK,The Final Cut,1983,data/Pink Floyd/the_final_cut.jpg,https://is1-ssl.mzstatic.com/image/thumb/Music211/v4/c3/b8/05/c3b805c4-4f30-9c37-d61e-a505b29abd56/886445635904.jpg/600x600bb.jpg
Pink Floyd,UK,A Momentary Lapse of Reason,1987,data/Pink Floyd/a_momentary_lapse_of_reason.jpg,https://is1-ssl.mzstatic.com/image/thumb/Music211/v4/3e/4f/4a/3e4f4a75-28f2-93e1-33c8-a0918258f048/886445635935.jpg/600x600bb.jpg
Pink Floyd,UK,The Division Bell,1994,data/Pink Floyd/the_division_bell.jpg,https://is1-ssl.mzstatic.com/image/thumb/Music221/v4/f7/47/bf/f747bf4c-6a88-c26f-9545-f0ffed0b8992/886445627572.jpg/600x600bb.jpg
Pink Floyd,UK,The Endless River,2014,data/Pink Floyd/the_endless_river.jpg,https://is1-ssl.mzstatic.com/image/thumb/Music221/v4/8d/00/ed/8d00ed33-3176-7902-e5e1-df804329509b/886444851466.jpg/600x600bb.jpg
Prince,US,For You,1978,data/Prince/for_you.jpg,https://is1-ssl.mzstatic.com/image/thumb/Music114/v4/61/f4/a7/61f4a700-204e-479f-1b1e-c347d3d5b983/886448909262.jpg/600x600bb.jpg
Prince,US,Prince,1979,data/Prince/prince.jpg,https://is1-ssl.mzstatic.com/image/thumb/Music115/v4/d9/cc/e3/d9cce3ca-0825-8688-6007-87e4d5e73a60/886448895817.jpg/600x600bb.jpg
Prince,US,Dirty Mind,1980,data/Prince/dirty_mind.jpg,https://is1-ssl.mzstatic.com/image/thumb/Music124/v4/c3/a5/8c/c3a58ccb-18d8-a6e4-4fb1-a3c4797806f3/886448892984.jpg/600x600bb.jpg
Prince,US,Controversy,1981,data/Prince/controversy.jpg,https://is1-ssl.mzstatic.com/image/thumb/Music124/v4/a5/b3/f8/a5b3f8b0-930e-1bdb-1b4c-2706ef7bd1c4/886448914976.jpg/600x600bb.jpg
Prince,US,1999,1982,data/Prince/1999.jpg,https://is1-ssl.mzstatic.com/image/thumb/Music124/v4/56/a7/64/56a7645d-4a05-f470-8fcd-5d9d68b7189d/886448877554.jpg/600x600bb.jpg
Prince,US,Purple Rain,1984,data/Prince/purple_rain.jpg,https://is1-ssl.mzstatic.com/image/thumb/Music127/v4/a8/3a/57/a83a574d-61fa-5012-bc58-09abf70ee6bd/093624930402.jpg/600x600bb.jpg
Prince,US,Around the World in a Day,1985,data/Prince/around_the_world_in_a_day.jpg,https://is1-ssl.mzstatic.com/image/thumb/Music124/v4/de/3c/76/de3c7606-c57a-09d1-0ca0-32e020fc7660/886448892939.jpg/600x600bb.jpg
Prince,US,Parade,1986,data/Prince/parade.jpg,https://is1-ssl.mzstatic.com/image/thumb/Music115/v4/a7/04/dc/a704dce9-7671-9f42-4584-57bb7f822530/075992539562.jpg/600x600bb.jpg
Prince,US,Sign o' the Times,1987,data/Prince/sign_o_the_times.jpg,https://is1-ssl.mzstatic.com/image/thumb/Music124/v4/a9/52/38/a95238ab-10f9-e407-4bc8-755148d32d65/886448874546.jpg/600x600bb.jpg
Prince,US,Lovesexy,1988,data/Prince/lovesexy.jpg,https://is1-ssl.mzstatic.com/image/thumb/Music114/v4/93/72/c4/9372c4a7-87e9-9569-98fd-a34500f8876a/886448974215.jpg/600x600bb.jpg
Prince,US,Batman,1989,data/Prince/batman.jpg,https://is1-ssl.mzstatic.com/image/thumb/Music115/v4/2d/32/d1/2d32d135-03c7-4086-c749-7f01dad85079/dj.eqwnskig.jpg/600x600bb.jpg
Prince,US,Diamonds and Pearls,1991,data/Prince/diamonds_and_pearls.jpg,https://is1-ssl.mzstatic.com/image/thumb/Music114/v4/ef/18/77/ef18776a-d99a-d16e-ee75-601ed8c03c1d/886448900085.jpg/600x600bb.jpg
Prince,US,The Gold Experience,1995,data/Prince/the_gold_experience.jpg,https://is1-ssl.mzstatic.com/image/thumb/Music118/v4/72/e3/ba/72e3bae6-45e0-f2c4-e465-31e149aa46e0/886447199664.jpg/600x600bb.jpg
Prince,US,Musicology,2004,data/Prince/musicology.jpg,https://is1-ssl.mzstatic.com/image/thumb/Music128/v4/54/02/4d/54024da3-97ab-6957-4699-b52f6a7fc064/886447216194.jpg/600x600bb.jpg
Prince,US,3121,2006,data/Prince/3121.jpg,https://is1-ssl.mzstatic.com/image/thumb/Music211/v4/b1/cb/46/b1cb4635-d788-93fd-6fd8-492d86c332a9/886447201725.jpg/600x600bb.jpg
Prince,US,ART OFFICIAL AGE,2014,data/Prince/art_official_age.jpg,https://is1-ssl.mzstatic.com/image/thumb/Music221/v4/26/eb/ca/26ebca86-574d-f794-1431-8a71aebb3299/196874089835.jpg/600x600bb.jpg
Pulp,UK,It,1983,data/Pulp/it.jpg,https://is1-ssl.mzstatic.com/image/thumb/Music126/v4/c8/51/1a/c8511a45-902a-ec7c-7057-08accb21a382/885686882795_cover.jpg/600x600bb.jpg
Pulp,UK,Freaks,1987,data/Pulp/freaks.jpg,https://is1-ssl.mzstatic.com/image/thumb/Music126/v4/31/39/c8/3139c8ef-b234-e6ad-e386-32f17dd3841a/885686884263_cover.jpg/600x600bb.jpg
Pulp,UK,Separations,1992,data/Pulp/separations.jpg,https://is1-ssl.mzstatic.com/image/thumb/Music123/v4/e6/1d/11/e61d114c-d4bd-8b30-bb89-c097e0e6f961/885686882764_cover.jpg/600x600bb.jpg
Pulp,UK,His 'n' Hers,1994,data/Pulp/his_n_hers.jpg,https://is1-ssl.mzstatic.com/image/thumb/Music118/v4/0e/aa/b6/0eaab617-7214-9227-1a2f-7fd87f78fad0/00731452400628.rgb.jpg/600x600bb.jpg
Pulp,UK,Different Class,1995,data/Pulp/different_class.jpg,https://is1-ssl.mzstatic.com/image/thumb/Music124/v4/a7/4c/c7/a74cc719-a64b-66f7-c8c4-ee3a23b40037/00731452416520.rgb.jpg/600x600bb.jpg
Pulp,UK,This Is Hardcore,1998,data/Pulp/this_is_hardcore.jpg,https://is1-ssl.mzstatic.com/image/thumb/Music114/v4/8b/4e/b6/8b4eb63a-eed9-8abe-b6e2-f1f998e5fde6/00731452449221.rgb.jpg/600x600bb.jpg
Pulp,UK,We Love Life,2001,data/Pulp/we_love_life.jpg,https://is1-ssl.mzstatic.com/image/thumb/Music126/v4/38/b0/98/38b09826-a323-0ee6-6210-00a73ee9768f/883870842969.png/600x600bb.jpg
Queen,UK,Queen,1973,data/Queen/queen.jpg,https://is1-ssl.mzstatic.com/image/thumb/Music221/v4/6d/99/cc/6d99cc99-0922-c6f5-09ba-7b1d2a61699b/602527638805.jpg/600x600bb.jpg
Queen,UK,Queen II,1974,data/Queen/queen_ii.jpg,https://is1-ssl.mzstatic.com/image/thumb/Music221/v4/ed/0c/89/ed0c89b1-bb54-7933-f93a-4ba8d625fc10/602478438561.jpg/600x600bb.jpg
Queen,UK,Sheer Heart Attack,1974,data/Queen/sheer_heart_attack.jpg,https://is1-ssl.mzstatic.com/image/thumb/Music221/v4/07/7e/e6/077ee613-105d-64e6-e01d-996aa3fe78fb/602527644103.jpg/600x600bb.jpg
Queen,UK,A Night at the Opera,1975,data/Queen/a_night_at_the_opera.jpg,https://is1-ssl.mzstatic.com/image/thumb/Music211/v4/8b/0a/ea/8b0aea60-6f4a-195b-5958-cdf459c2333b/602527644271.jpg/600x600bb.jpg
Queen,UK,A Day at the Races,1976,data/Queen/a_day_at_the_races.jpg,https://is1-ssl.mzstatic.com/image/thumb/Music211/v4/54/7c/fb/547cfbf0-1df2-9907-20a9-b486d3e832c4/602527644202.jpg/600x600bb.jpg
Queen,UK,News of the World,1977,data/Queen/news_of_the_world.jpg,https://is1-ssl.mzstatic.com/image/thumb/Music211/v4/ec/17/d8/ec17d8f4-09bb-282b-6e01-8b03c95bc318/602527717470.jpg/600x600bb.jpg
Queen,UK,Jazz,1978,data/Queen/jazz.jpg,https://is1-ssl.mzstatic.com/image/thumb/Music221/v4/b0/28/a7/b028a7a4-9e6f-62fb-bce2-103a633449a9/602527717678.jpg/600x600bb.jpg
Queen,UK,The Game,1980,data/Queen/the_game.jpg,https://is1-ssl.mzstatic.com/image/thumb/Music211/v4/08/ee/da/08eeda1f-d44d-aec1-ec9d-0c5b9f8c8536/602527717524.jpg/600x600bb.jpg
Queen,UK,Hot Space,1982,data/Queen/hot_space.jpg,https://is1-ssl.mzstatic.com/image/thumb/Music221/v4/4f/3d/04/4f3d04f2-290a-bcb2-9a64-957905c5efc8/602527717586.jpg/600x600bb.jpg
Queen,UK,The Works,1984,data/Queen/the_works.jpg,https://is1-ssl.mzstatic.com/image/thumb/Music221/v4/8f/a9/c8/8fa9c8f9-b178-0d83-f895-0d109144064d/602527717623.jpg/600x600bb.jpg
Queen,UK,A Kind of Magic,1986,data/Queen/a_kind_of_magic.jpg,https://is1-ssl.mzstatic.com/image/thumb/Music221/v4/1a/90/80/1a908067-75e6-55b1-000a-65c10b12e264/602527799711.jpg/600x600bb.jpg
Queen,UK,The Miracle,1989,data/Queen/the_miracle.jpg,https://is1-ssl.mzstatic.com/image/thumb/Music125/v4/dd/cb/a2/ddcba27d-fd1a-aaad-3525-e26dafeb9a6e/14DMGIM05615.rgb.jpg/600x600bb.jpg
Queen,UK,Innuendo,1991,data/Queen/innuendo.jpg,https://is1-ssl.mzstatic.com/image/thumb/Music221/v4/5f/bb/d8/5fbbd89f-6c68-11af-1c5d-b10c48dbb8ff/602527800035.jpg/600x600bb.jpg
Queen,UK,Made in Heaven,1995,data/Queen/made_in_heaven.jpg,https://is1-ssl.mzstatic.com/image/thumb/Music211/v4/4e/6e/37/4e6e37f0-3863-b8d8-d12d-4605a0b0f16a/602527800172.jpg/600x600bb.jpg
R.E.M.,US,Murmur,1983,data/R.E.M./murmur.jpg,https://is1-ssl.mzstatic.com/image/thumb/Music126/v4/6c/e2/c3/6ce2c349-4169-df92-e5ca-2faba4cf087f/09UMGIM13824.rgb.jpg/600x600bb.jpg
R.E.M.,US,Reckoning,1984,data/R.E.M./reckoning.jpg,https://is1-ssl.mzstatic.com/image/thumb/Music123/v4/07/c7/55/07c7551b-deb1-63eb-fb26-6b53397a75db/06UMGIM23660.rgb.jpg/600x600bb.jpg
R.E.M.,US,Fables of the Reconstruction,1985,data/R.E.M./fables_of_the_reconstruction.jpg,https://is1-ssl.mzstatic.com/image/thumb/Music122/v4/f5/8b/06/f58b068f-816e-df8e-7339-bc2efa826695/14UMGIM08636.rgb.jpg/600x600bb.jpg
R.E.M.,US,Lifes Rich Pageant,1986,data/R.E.M./lifes_rich_pageant.jpg,https://is1-ssl.mzstatic.com/image/thumb/Music4/v4/c8/a7/62/c8a76247-7dfd-8ee8-2a0b-f6fc8df4ba31/05099908244758.jpg/600x600bb.jpg
R.E.M.,US,Document,1987,data/R.E.M./document.jpg,https://is1-ssl.mzstatic.com/image/thumb/Music125/v4/e8/a9/b3/e8a9b351-578c-12b7-4cc4-791b90fac17b/00602537796731.rgb.jpg/600x600bb.jpg
R.E.M.,US,Green,1988,data/R.E.M./green.jpg,https://is1-ssl.mzstatic.com/image/thumb/Music124/v4/4b/25/78/4b2578c0-eab0-fd43-743b-9a757e5a8b24/00888072396098.rgb.jpg/600x600bb.jpg
R.E.M.,US,Out of Time,1991,data/R.E.M./out_of_time.jpg,https://is1-ssl.mzstatic.com/image/thumb/Music125/v4/05/ae/86/05ae8650-7bce-2377-8959-78ea033a99d9/00888072013711.rgb.jpg/600x600bb.jpg
R.E.M.,US,Automatic for the People,1992,data/R.E.M./automatic_for_the_people.jpg,https://is1-ssl.mzstatic.com/image/thumb/Music115/v4/fb/d9/e2/fbd9e203-818c-06cf-405d-8906f2eae6ec/00888072396258.rgb.jpg/600x600bb.jpg
R.E.M.,US,Monster,1994,data/R.E.M./monster.jpg,https://is1-ssl.mzstatic.com/image/thumb/Music126/v4/cc/3a/10/cc3a1003-62af-0aea-b300-bb9ea3ad9b74/19CRGIM14027.rgb.jpg/600x600bb.jpg
R.E.M.,US,New Adventures in Hi-Fi,1996,data/R.E.M./new_adventures_in_hi_fi.jpg,https://is1-ssl.mzstatic.com/image/thumb/Music118/v4/29/85/21/298521f2-c311-926f-2c62-e24e3617aaad/00888072396173.rgb.jpg/600x600bb.jpg
R.E.M.,US,Up,1998,data/R.E.M./up.jpg,https://is1-ssl.mzstatic.com/image/thumb/Music118/v4/44/13/12/4413124f-09df-11db-5b42-e008d6b2a4cc/00888072396234.rgb.jpg/600x600bb.jpg
R.E.M.,US,Reveal,2001,data/R.E.M./reveal.jpg,https://is1-ssl.mzstatic.com/image/thumb/Music124/v4/3f/a8/48/3fa848e7-4e81-20d8-5d13-9bd147ab6b59/14CMGIM02906.rgb.jpg/600x600bb.jpg
R.E.M.,US,Around the Sun,2004,data/R.E.M./around_the_sun.jpg,https://is1-ssl.mzstatic.com/image/thumb/Music125/v4/75/94/a8/7594a8c2-7201-3de2-8b81-33f948a99470/00888072396050.rgb.jpg/600x600bb.jpg
R.E.M.,US,Accelerate,2008,data/R.E.M./accelerate.jpg,https://is1-ssl.mzstatic.com/image/thumb/Music118/v4/d2/42/3b/d2423bd1-d5d1-de1e-3eb3-efe8a00593f9/00888072396036.rgb.jpg/600x600bb.jpg
R.E.M.,US,Collapse into Now,2011,data/R.E.M./collapse_into_now.jpg,https://is1-ssl.mzstatic.com/image/thumb/Music128/v4/ff/2d/6a/ff2d6aa0-d6bb-d707-e95c-9a8ece5b49fc/00888072396074.rgb.jpg/600x600bb.jpg
Radiohead,UK,Pablo Honey,1993,data/Radiohead/pablo_honey.jpg,https://is1-ssl.mzstatic.com/image/thumb/Music211/v4/78/a4/ec/78a4ec7b-c6d6-c9c8-441b-660486e56a89/634904077969.png/600x600bb.jpg
Radiohead,UK,The Bends,1995,data/Radiohead/the_bends.jpg,https://is1-ssl.mzstatic.com/image/thumb/Music126/v4/1b/a9/5c/1ba95cac-b245-d386-63fb-6b857aa9dce8/634904078065.png/600x600bb.jpg
Radiohead,UK,OK Computer,1997,data/Radiohead/ok_computer.jpg,https://is1-ssl.mzstatic.com/image/thumb/Music116/v4/07/60/ba/0760ba0f-148c-b18f-d0ff-169ee96f3af5/634904078164.png/600x600bb.jpg
Radiohead,UK,Kid A,2000,data/Radiohead/kid_a.jpg,https://is1-ssl.mzstatic.com/image/thumb/Music122/v4/bd/8e/13/bd8e1358-b367-a689-cb84-cebd0b067dc4/634904078263.png/600x600bb.jpg
Radiohead,UK,Amnesiac,2001,data/Radiohead/amnesiac.jpg,https://is1-ssl.mzstatic.com/image/thumb/Music122/v4/43/d8/ec/43d8ec17-0e96-dba9-21d9-4cdf9d98f2bf/634904078362.png/600x600bb.jpg
Radiohead,UK,Hail to the Thief,2003,data/Radiohead/hail_to_the_thief.jpg,https://is1-ssl.mzstatic.com/image/thumb/Music116/v4/3c/95/1d/3c951d73-f6c6-12dd-34b4-cc95f63e210c/634904078560.png/600x600bb.jpg
Radiohead,UK,In Rainbows,2007,data/Radiohead/in_rainbows.jpg,https://is1-ssl.mzstatic.com/image/thumb/Music126/v4/dd/50/c7/dd50c790-99ac-d3d0-5ab8-e3891fb8fd52/634904032463.png/600x600bb.jpg
Radiohead,UK,The King of Limbs,2011,data/Radiohead/the_king_of_limbs.jpg,https://is1-ssl.mzstatic.com/image/thumb/Music126/v4/af/b6/7b/afb67b4e-6cf8-10b3-31f1-1389e301166d/634904078768.png/600x600bb.jpg
Radiohead,UK,A Moon Shaped Pool,2016,data/Radiohead/a_moon_shaped_pool.jpg,https://is1-ssl.mzstatic.com/image/thumb/Music124/v4/b7/f2/5d/b7f25d91-4320-47c8-146a-6f84d5bc7e78/cover.jpg/600x600bb.jpg
Ramones,US,Ramones,1976,data/Ramones/ramones.jpg,https://is1-ssl.mzstatic.com/image/thumb/Features4/v4/e0/34/88/e03488bc-be97-55a9-6d9e-2dccab02c3b7/dj.quodxoxa.jpg/600x600bb.jpg
Ramones,US,Leave Home,1977,data/Ramones/leave_home.jpg,https://is1-ssl.mzstatic.com/image/thumb/Features/v4/ad/4b/cf/ad4bcf1c-240a-570c-4760-4bd8c1d0fa61/dj.scmadaeh.jpg/600x600bb.jpg
Ramones,US,Rocket to Russia,1977,data/Ramones/rocket_to_russia.jpg,https://is1-ssl.mzstatic.com/image/thumb/Features115/v4/e6/0b/f2/e60bf2bf-68d5-e014-e873-99c611fb6744/dj.zmwcwcur.jpg/600x600bb.jpg
Ramones,US,Road to Ruin,1978,data/Ramones/road_to_ruin.jpg,https://is1-ssl.mzstatic.com/image/thumb/Features114/v4/5f/f9/cd/5ff9cd4a-e103-62c6-05e4-ca0efb92c4f2/dj.cbmiijra.jpg/600x600bb.jpg
Ramones,US,End of the Century,1980,data/Ramones/end_of_the_century.jpg,https://is1-ssl.mzstatic.com/image/thumb/Features124/v4/21/ca/76/21ca7670-2f44-622a-951e-37d14e2c1e47/dj.zrnxfrou.jpg/600x600bb.jpg
Ramones,US,Pleasant Dreams,1981,data/Ramones/pleasant_dreams.jpg,https://is1-ssl.mzstatic.com/image/thumb/Features/v4/9d/c7/ef/9dc7ef33-acdc-25ed-a73b-5a3bae8d167b/dj.peeyyaeh.jpg/600x600bb.jpg
Ramones,US,Subterranean Jungle,1983,data/Ramones/subterranean_jungle.jpg,https://is1-ssl.mzstatic.com/image/thumb/Features4/v4/e2/35/6d/e2356d4c-e12d-30a0-5cfa-19008d5ab6b8/dj.nrdtollu.jpg/600x600bb.jpg
Ramones,US,Too Tough to Die,1984,data/Ramones/too_tough_to_die.jpg,https://is1-ssl.mzstatic.com/image/thumb/Features6/v4/b9/d7/4d/b9d74dbe-240b-e591-b276-5e1bb116f05b/dj.xxaqzdxn.jpg/600x600bb.jpg
Ramones,US,Animal Boy,1986,data/Ramones/animal_boy.jpg,https://is1-ssl.mzstatic.com/image/thumb/Music4/v4/43/9a/75/439a75a0-4209-a760-bf0d-83b83dc970b8/603497909469.jpg/600x600bb.jpg
Ramones,US,Brain Drain,1989,data/Ramones/brain_drain.jpg,https://is1-ssl.mzstatic.com/image/thumb/Features6/v4/c7/d9/c4/c7d9c446-b0b7-a597-426e-c25868fc7408/dj.eglbpgdw.jpg/600x600bb.jpg
Ramones,US,¡Adios Amigos!,1995,data/Ramones/adios_amigos.jpg,https://is1-ssl.mzstatic.com/image/thumb/Music128/v4/ce/df/1a/cedf1aa6-339a-6769-91f8-1ba97c00f314/00008811127329.rgb.jpg/600x600bb.jpg
Red Hot Chili Peppers,US,The Red Hot Chili Peppers,1984,data/Red Hot Chili Peppers/the_red_hot_chili_peppers.jpg,https://is1-ssl.mzstatic.com/image/thumb/Music211/v4/24/43/7d/24437dbd-83bc-394e-68a8-2884620685ae/093624816812.jpg/600x600bb.jpg
Red Hot Chili Peppers,US,Freaky Styley,1985,data/Red Hot Chili Peppers/freaky_styley.jpg,https://is1-ssl.mzstatic.com/image/thumb/Music211/v4/d9/c3/79/d9c3795d-524c-3b2c-7d6b-6a69ed99788a/093624816966.jpg/600x600bb.jpg
Red Hot Chili Peppers,US,The Uplift Mofo Party Plan,1987,data/Red Hot Chili Peppers/the_uplift_mofo_party_plan.jpg,https://is1-ssl.mzstatic.com/image/thumb/Music221/v4/42/b3/c3/42b3c380-e476-fcc1-3ecc-41b6435dfc8b/093624816805.jpg/600x600bb.jpg
Red Hot Chili Peppers,US,Mother's Milk,1989,data/Red Hot Chili Peppers/mother_s_milk.jpg,https://is1-ssl.mzstatic.com/image/thumb/Music221/v4/1f/dc/f1/1fdcf12f-5d60-f6c5-4ee7-5a2e278419e8/093624816867.jpg/600x600bb.jpg
Red Hot Chili Peppers,US,Blood Sugar Sex Magik,1991,data/Red Hot Chili Peppers/blood_sugar_sex_magik.jpg,https://is1-ssl.mzstatic.com/image/thumb/Music125/v4/2b/2b/56/2b2b564c-e21e-bd40-a8cf-cb47dedcb7df/093624932147.jpg/600x600bb.jpg
Red Hot Chili Peppers,US,One Hot Minute,1995,data/Red Hot Chili Peppers/one_hot_minute.jpg,https://is1-ssl.mzstatic.com/image/thumb/Music124/v4/c1/af/b7/c1afb71d-3cf2-0781-ed3b-278a9677f5e8/093624931959.jpg/600x600bb.jpg
Red Hot Chili Peppers,US,Californication,1999,data/Red Hot Chili Peppers/californication.jpg,https://is1-ssl.mzstatic.com/image/thumb/Music124/v4/4c/86/1d/4c861dab-5428-f3b7-8068-82bb69db5e89/093624932130.jpg/600x600bb.jpg
Red Hot Chili Peppers,US,By the Way,2002,data/Red Hot Chili Peppers/by_the_way.jpg,https://is1-ssl.mzstatic.com/image/thumb/Music115/v4/73/ec/27/73ec2771-a008-e55b-8ccd-faf6257d5cd0/093624932178.jpg/600x600bb.jpg
Red Hot Chili Peppers,US,Stadium Arcadium,2006,data/Red Hot Chili Peppers/stadium_arcadium.jpg,https://is1-ssl.mzstatic.com/image/thumb/Music5/v4/5e/49/35/5e493511-d87b-5aa2-b379-30fffbae902b/093624932154.jpg/600x600bb.jpg
Red Hot Chili Peppers,US,I'm with You,2011,data/Red Hot Chili Peppers/i_m_with_you.jpg,https://is1-ssl.mzstatic.com/image/thumb/Music114/v4/00/8c/9a/008c9ad2-409a-a830-7e4d-ec5b5085415a/093624954811.jpg/600x600bb.jpg
Red Hot Chili Peppers,US,The Getaway,2016,data/Red Hot Chili Peppers/the_getaway.jpg,https://is1-ssl.mzstatic.com/image/thumb/Music124/v4/22/3e/ed/223eedeb-3ad1-2bd8-c863-ab6fb39d658a/093624920137.jpg/600x600bb.jpg
Red Hot Chili Peppers,US,Unlimited Love,2022,data/Red Hot Chili Peppers/unlimited_love.jpg,https://is1-ssl.mzstatic.com/image/thumb/Music116/v4/6a/f5/6b/6af56b1d-1cc8-68e8-a428-5caccf20e69a/093624880639.jpg/600x600bb.jpg
Red Hot Chili Peppers,US,Return of the Dream Canteen,2022,data/Red Hot Chili Peppers/return_of_the_dream_canteen.jpg,https://is1-ssl.mzstatic.com/image/thumb/Music122/v4/68/87/05/688705e6-ff03-16f6-2509-defaeea662be/093624875611.jpg/600x600bb.jpg
Rod Stewart,UK,An Old Raincoat Won't Ever Let You Down,1969,data/Rod Stewart/an_old_raincoat_wont_ever_let_you_down.jpg,https://is1-ssl.mzstatic.com/image/thumb/Music128/v4/26/f5/0a/26f50a12-6c89-36d2-578d-d88641ea6e8c/00602547056887.rgb.jpg/600x600bb.jpg
Rod Stewart,UK,Gasoline Alley,1970,data/Rod Stewart/gasoline_alley.jpg,https://is1-ssl.mzstatic.com/image/thumb/Music128/v4/96/da/42/96da4271-faea-e371-e070-2ed7cf571662/00602527999739.rgb.jpg/600x600bb.jpg
Rod Stewart,UK,Every Picture Tells a Story,1971,data/Rod Stewart/every_picture_tells_a_story.jpg,https://is1-ssl.mzstatic.com/image/thumb/Music112/v4/7d/4f/20/7d4f200e-7b9f-1240-74ee-0fbb9a30c178/12UMGIM10698.rgb.jpg/600x600bb.jpg
Rod Stewart,UK,Never a Dull Moment,1972,data/Rod Stewart/never_a_dull_moment.jpg,https://is1-ssl.mzstatic.com/image/thumb/Music115/v4/95/81/0f/95810fda-d6f6-6cca-8bae-76d14f9b697b/00602537890705.rgb.jpg/600x600bb.jpg
Rod Stewart,UK,Smiler,1974,data/Rod Stewart/smiler.jpg,https://is1-ssl.mzstatic.com/image/thumb/Music128/v4/90/88/81/9088816e-26d7-9567-d97e-1dcda2dc1e4b/00602537890712.rgb.jpg/600x600bb.jpg
Rod Stewart,UK,Atlantic Crossing,1975,data/Rod Stewart/atlantic_crossing.jpg,https://is1-ssl.mzstatic.com/image/thumb/Music/09/f0/7b/mzi.kpabqeed.jpg/600x600bb.jpg
Rod Stewart,UK,A Night on the Town,1976,data/Rod Stewart/a_night_on_the_town.jpg,https://is1-ssl.mzstatic.com/image/thumb/Music/49/dc/91/mzi.ldsntdvl.jpg/600x600bb.jpg
Rod Stewart,UK,Foot Loose & Fancy Free,1977,data/Rod Stewart/foot_loose_fancy_free.jpg,https://is1-ssl.mzstatic.com/image/thumb/Music/50/5c/fe/mzi.xgvsdcvd.jpg/600x600bb.jpg
Rod Stewart,UK,Blondes Have More Fun,1978,data/Rod Stewart/blondes_have_more_fun.jpg,https://is1-ssl.mzstatic.com/image/thumb/Music/7e/9f/37/mzi.uhxzzozn.jpg/600x600bb.jpg
Rod Stewart,UK,Foolish Behaviour,1980,data/Rod Stewart/foolish_behaviour.jpg,https://is1-ssl.mzstatic.com/image/thumb/Music/72/4d/1f/mzi.qxitrphu.jpg/600x600bb.jpg
Rod Stewart,UK,Tonight I'm Yours,1981,data/Rod Stewart/tonight_i_m_yours.jpg,https://is1-ssl.mzstatic.com/image/thumb/Music115/v4/db/9e/08/db9e0824-e8c7-ec81-dbc4-cee673079e8c/mzi.ezydskws.jpg/600x600bb.jpg
Rod Stewart,UK,Out of Order,1988,data/Rod Stewart/out_of_order.jpg,https://is1-ssl.mzstatic.com/image/thumb/Music/ab/02/59/mzi.ewlgwgvo.jpg/600x600bb.jpg
Rod Stewart,UK,Vagabond Heart,1991,data/Rod Stewart/vagabond_heart.jpg,https://is1-ssl.mzstatic.com/image/thumb/Music/bc/17/00/mzi.xsodafkr.jpg/600x600bb.jpg
Rod Stewart,UK,Time,2013,data/Rod Stewart/time.jpg,https://is1-ssl.mzstatic.com/image/thumb/Music113/v4/09/d1/0b/09d10be6-9a64-e8e3-d748-7e16391f736b/13UMGIM26059.rgb.jpg/600x600bb.jpg
Roxy Music,UK,Roxy Music,1972,data/Roxy Music/roxy_music.jpg,https://is1-ssl.mzstatic.com/image/thumb/Music126/v4/b0/5b/22/b05b22d2-7944-7916-40df-6b2eda0e8245/13ULAIM49419.rgb.jpg/600x600bb.jpg
Roxy Music,UK,For Your Pleasure,1973,data/Roxy Music/for_your_pleasure.jpg,https://is1-ssl.mzstatic.com/image/thumb/Music126/v4/00/1c/8d/001c8db5-c18a-a3ac-7921-b08b7cd89ac1/13ULAIM49420.rgb.jpg/600x600bb.jpg
Roxy Music,UK,Stranded,1973,data/Roxy Music/stranded.jpg,https://is1-ssl.mzstatic.com/image/thumb/Music126/v4/fa/d7/1b/fad71b59-3fba-b0aa-8f0e-f177f9d2f45c/13ULAIM48847.rgb.jpg/600x600bb.jpg
Roxy Music,UK,Country Life,1974,data/Roxy Music/country_life.jpg,https://is1-ssl.mzstatic.com/image/thumb/Music126/v4/b6/01/65/b6016530-5958-f2fb-d25d-e6bce8636cc6/13UABIM30879.rgb.jpg/600x600bb.jpg
Roxy Music,UK,Siren,1975,data/Roxy Music/siren.jpg,https://is1-ssl.mzstatic.com/image/thumb/Music116/v4/54/8f/35/548f35eb-40e7-174a-3583-e81f144a0415/13ULAIM48846.rgb.jpg/600x600bb.jpg
Roxy Music,UK,Manifesto,1979,data/Roxy Music/manifesto.jpg,https://is1-ssl.mzstatic.com/image/thumb/Music126/v4/07/83/17/07831789-4b2c-5913-05cc-e2599bd2dd3b/13ULAIM48844.rgb.jpg/600x600bb.jpg
Roxy Music,UK,Flesh and Blood,1980,data/Roxy Music/flesh_and_blood.jpg,https://is1-ssl.mzstatic.com/image/thumb/Music116/v4/ff/cd/71/ffcd7152-d44a-fc5f-d78a-a2da94dbdfb1/13ULAIM49421.rgb.jpg/600x600bb.jpg
Roxy Music,UK,Avalon,1982,data/Roxy Music/avalon.jpg,https://is1-ssl.mzstatic.com/image/thumb/Music116/v4/72/ec/3b/72ec3b11-1060-be9d-1927-ddc611609be0/13UABIM59240.rgb.jpg/600x600bb.jpg
Sex Pistols,UK,"Never Mind the Bollocks, Here's the Sex Pistols",1977,data/Sex Pistols/never_mind_the_bollocks_here_s_the_sex_pistols.jpg,https://is1-ssl.mzstatic.com/image/thumb/Music/4c/16/50/mzi.cipyvpqz.jpg/600x600bb.jpg
Simon & Garfunkel,US,"Wednesday Morning, 3 A.M.",1964,data/Simon & Garfunkel/wednesday_morning_3_a_m.jpg,https://is1-ssl.mzstatic.com/image/thumb/Music125/v4/03/ef/18/03ef1813-a39e-965c-0a1b-18df7254d1ed/074640904929.jpg/600x600bb.jpg
Simon & Garfunkel,US,Sounds of Silence,1966,data/Simon & Garfunkel/sounds_of_silence.jpg,https://is1-ssl.mzstatic.com/image/thumb/Music115/v4/f9/8c/fa/f98cfa9e-282b-8a4f-33bd-ff3de9269963/074640926921.jpg/600x600bb.jpg
Simon & Garfunkel,US,"Parsley, Sage, Rosemary and Thyme",1966,data/Simon & Garfunkel/parsley_sage_rosemary_and_thyme.jpg,https://is1-ssl.mzstatic.com/image/thumb/Music113/v4/06/f4/d2/06f4d208-642e-75c0-d905-1ac98e7d441c/886447797075.jpg/600x600bb.jpg
Simon & Garfunkel,US,Bookends,1968,data/Simon & Garfunkel/bookends.jpg,https://is1-ssl.mzstatic.com/image/thumb/Music113/v4/1c/3c/09/1c3c0934-8ae5-fc87-2647-e104057d41f4/074640952920.jpg/600x600bb.jpg
Simon & Garfunkel,US,Bridge over Troubled Water,1970,data/Simon & Garfunkel/bridge_over_troubled_water.jpg,https://is1-ssl.mzstatic.com/image/thumb/Music125/v4/a3/84/0a/a3840a6d-44e8-0afe-fc3e-316c517dddfe/5099749521421.jpg/600x600bb.jpg
Soundgarden,US,Ultramega OK,1988,data/Soundgarden/ultramega_ok.jpg,https://is1-ssl.mzstatic.com/image/thumb/Music124/v4/ab/c2/86/abc286aa-246f-946d-88a2-e2fb62aa666e/Soundgarden_UltramegaOK_cover_3000x3000_300.jpg/600x600bb.jpg
Soundgarden,US,Louder Than Love,1989,data/Soundgarden/louder_than_love.jpg,https://is1-ssl.mzstatic.com/image/thumb/Music128/v4/7f/17/4f/7f174f0c-4762-8298-e84f-568ec680d4c2/00602557008388.rgb.jpg/600x600bb.jpg
Soundgarden,US,Badmotorfinger,1991,data/Soundgarden/badmotorfinger.jpg,https://is1-ssl.mzstatic.com/image/thumb/Music114/v4/2c/a2/84/2ca284fb-2ec8-6a6e-e739-bb019b594c5a/00602557233278.rgb.jpg/600x600bb.jpg
Soundgarden,US,Superunknown,1994,data/Soundgarden/superunknown.jpg,https://is1-ssl.mzstatic.com/image/thumb/Music221/v4/ae/b6/d6/aeb6d672-2004-41eb-ccba-e2964643a2bc/06UMGIM18607.rgb.jpg/600x600bb.jpg
Soundgarden,US,Down on the Upside,1996,data/Soundgarden/down_on_the_upside.jpg,https://is1-ssl.mzstatic.com/image/thumb/Music125/v4/cc/d0/e1/ccd0e15b-b4d9-38c5-59db-2431f101616b/00602557008425.rgb.jpg/600x600bb.jpg
Soundgarden,US,King Animal,2012,data/Soundgarden/king_animal.jpg,https://is1-ssl.mzstatic.com/image/thumb/Music115/v4/9f/1f/83/9f1f8368-f732-32d3-c499-2d4420199cd2/12UMGIM52994.rgb.jpg/600x600bb.jpg
Steely Dan,US,Can't Buy a Thrill,1972,data/Steely Dan/can_t_buy_a_thrill.jpg,https://is1-ssl.mzstatic.com/image/thumb/Music122/v4/08/f3/f1/08f3f17c-e92a-516f-57c0-0a5d250c6cdc/22UM1IM01200.rgb.jpg/600x600bb.jpg
Steely Dan,US,Countdown to Ecstasy,1973,data/Steely Dan/countdown_to_ecstasy.jpg,https://is1-ssl.mzstatic.com/image/thumb/Music126/v4/d2/e9/a1/d2e9a163-2ae5-7680-d1f7-5acf1047cb53/23UMGIM40698.rgb.jpg/600x600bb.jpg
Steely Dan,US,Pretzel Logic,1974,data/Steely Dan/pretzel_logic.jpg,https://is1-ssl.mzstatic.com/image/thumb/Music126/v4/49/6e/70/496e703c-f15e-8e95-821c-f94fac1f4c8e/23UMGIM50278.rgb.jpg/600x600bb.jpg
Steely Dan,US,Katy Lied,1975,data/Steely Dan/katy_lied.jpg,https://is1-ssl.mzstatic.com/image/thumb/Music128/v4/b0/26/c1/b026c1a9-9059-f174-7a5c-f10233b7dbe0/00008811191627.rgb.jpg/600x600bb.jpg
Steely Dan,US,The Royal Scam,1976,data/Steely Dan/the_royal_scam.jpg,https://is1-ssl.mzstatic.com/image/thumb/Music221/v4/89/82/f1/8982f1c5-a729-40da-146c-92bd8cb1e3f4/25UMGIM68675.rgb.jpg/600x600bb.jpg
Steely Dan,US,Aja,1977,data/Steely Dan/aja.jpg,https://is1-ssl.mzstatic.com/image/thumb/Music126/v4/c2/3c/54/c23c5414-20d1-7aea-f0f5-187974c58d65/23UMGIM79990.rgb.jpg/600x600bb.jpg
Steely Dan,US,Gaucho,1980,data/Steely Dan/gaucho.jpg,https://is1-ssl.mzstatic.com/image/thumb/Music116/v4/49/2e/26/492e2633-9199-0b8e-6642-e2d4a5f08a93/23UM1IM00406.rgb.jpg/600x600bb.jpg
Steely Dan,US,Two Against Nature,2000,data/Steely Dan/two_against_nature.jpg,https://is1-ssl.mzstatic.com/image/thumb/Music125/v4/fa/58/65/fa586526-c19d-7885-2233-b0cddd1cfaa1/mzi.aolyoykp.jpg/600x600bb.jpg
Steely Dan,US,Everything Must Go,2003,data/Steely Dan/everything_must_go.jpg,https://is1-ssl.mzstatic.com/image/thumb/Features/03/79/72/dj.jxtrwpqs.jpg/600x600bb.jpg
Stevie Wonder,US,Up-Tight,1966,data/Stevie Wonder/up_tight.jpg,https://is1-ssl.mzstatic.com/image/thumb/Music211/v4/49/c5/9b/49c59b32-c8e7-cd38-2a94-7dcaab613487/14UMGIM51691.rgb.jpg/600x600bb.jpg
Stevie Wonder,US,For Once in My Life,1968,data/Stevie Wonder/for_once_in_my_life.jpg,https://is1-ssl.mzstatic.com/image/thumb/Music211/v4/36/b9/52/36b952f0-ae28-86e9-bea0-c8eda8ced06f/14UMGIM51153.rgb.jpg/600x600bb.jpg
Stevie Wonder,US,My Cherie Amour,1969,data/Stevie Wonder/my_cherie_amour.jpg,https://is1-ssl.mzstatic.com/image/thumb/Music211/v4/6e/06/1d/6e061d4b-1dad-c332-ca28-680be5e1ef39/14UMGIM51156.rgb.jpg/600x600bb.jpg
Stevie Wonder,US,"Signed, Sealed & Delivered",1970,data/Stevie Wonder/signed_sealed_delivered.jpg,https://is1-ssl.mzstatic.com/image/thumb/Music221/v4/53/a1/24/53a12417-7bdf-aea3-9a2c-414345f5f772/14UMGIM51705.rgb.jpg/600x600bb.jpg
Stevie Wonder,US,Where I'm Coming From,1971,data/Stevie Wonder/where_i_m_coming_from.jpg,https://is1-ssl.mzstatic.com/image/thumb/Music114/v4/81/d6/fe/81d6fe46-253e-9747-b0fc-3a41a079fc6f/00602537840281.rgb.jpg/600x600bb.jpg
Stevie Wonder,US,Music of My Mind,1972,data/Stevie Wonder/music_of_my_mind.jpg,https://is1-ssl.mzstatic.com/image/thumb/Music128/v4/c6/a9/05/c6a9050c-338f-cd45-6d1e-75d9b2e1e85a/00602537672905.rgb.jpg/600x600bb.jpg
Stevie Wonder,US,Talking Book,1972,data/Stevie Wonder/talking_book.jpg,https://is1-ssl.mzstatic.com/image/thumb/Music114/v4/62/61/61/626161c0-f4d7-e6ff-8586-768340ef278f/00602537002382.rgb.jpg/600x600bb.jpg
Stevie Wonder,US,Innervisions,1973,data/Stevie Wonder/innervisions.jpg,https://is1-ssl.mzstatic.com/image/thumb/Music115/v4/ff/c2/5f/ffc25f04-cb3b-b56e-dd28-8b77ae63e613/00602537070824.rgb.jpg/600x600bb.jpg
Stevie Wonder,US,Fulfillingness' First Finale,1974,data/Stevie Wonder/fulfillingness_first_finale.jpg,https://is1-ssl.mzstatic.com/image/thumb/Music221/v4/92/94/ee/9294ee8f-99f1-bb79-b4d9-981412135dc0/12UMGIM10701.rgb.jpg/600x600bb.jpg
Stevie Wonder,US,Songs in the Key of Life,1976,data/Stevie Wonder/songs_in_the_key_of_life.jpg,https://is1-ssl.mzstatic.com/image/thumb/Music118/v4/eb/1f/12/eb1f12ec-474c-63aa-43af-09282f423b9d/00602537004737.rgb.jpg/600x600bb.jpg
Stevie Wonder,US,Hotter than July,1980,data/Stevie Wonder/hotter_than_july.jpg,https://is1-ssl.mzstatic.com/image/thumb/Music125/v4/10/71/7e/10717e68-72d1-e3ce-6173-a920506bf797/00602537779482.rgb.jpg/600x600bb.jpg
Stevie Wonder,US,In Square Circle,1985,data/Stevie Wonder/in_square_circle.jpg,https://is1-ssl.mzstatic.com/image/thumb/Music125/v4/dd/6e/1e/dd6e1e4d-b430-7bda-ca31-41b9d7601227/00602537840823.rgb.jpg/600x600bb.jpg
Stevie Wonder,US,Conversation Peace,1995,data/Stevie Wonder/conversation_peace.jpg,https://is1-ssl.mzstatic.com/image/thumb/Music124/v4/5f/f8/d2/5ff8d266-1549-d70f-1fff-40436b27330a/00602547116000.rgb.jpg/600x600bb.jpg
Stevie Wonder,US,A Time to Love,2005,data/Stevie Wonder/a_time_to_love.jpg,https://is1-ssl.mzstatic.com/image/thumb/Music128/v4/70/38/c8/7038c888-7b3a-9d9f-34c2-b7664b921a30/00602498621882.rgb.jpg/600x600bb.jpg
Talking Heads,US,Talking Heads: 77,1977,data/Talking Heads/talking_heads_77.jpg,https://is1-ssl.mzstatic.com/image/thumb/Music/f0/7a/44/mzi.gxryruwe.jpg/600x600bb.jpg
Talking Heads,US,More Songs About Buildings and Food,1978,data/Talking Heads/more_songs_about_buildings_and_food.jpg,https://is1-ssl.mzstatic.com/image/thumb/Music5/v4/ef/9a/42/ef9a424d-40c9-4922-407f-990e4a1b7759/dj.phknxsfv.jpg/600x600bb.jpg
Talking Heads,US,Fear of Music,1979,data/Talking Heads/fear_of_music.jpg,https://is1-ssl.mzstatic.com/image/thumb/Music69/v4/b8/dc/ee/b8dcee50-35f7-0821-1c5c-65c6a56b6227/dj.vwcxdnqx.jpg/600x600bb.jpg
Talking Heads,US,Remain in Light,1980,data/Talking Heads/remain_in_light.jpg,https://is1-ssl.mzstatic.com/image/thumb/Music125/v4/48/9c/21/489c217b-d228-59a3-296d-6fa1d90776b7/dj.bpkztuma.jpg/600x600bb.jpg
Talking Heads,US,Speaking in Tongues,1983,data/Talking Heads/speaking_in_tongues.jpg,https://is1-ssl.mzstatic.com/image/thumb/Music124/v4/23/8a/83/238a8346-7a18-a507-ccb7-a86cbaee9d7c/mzi.orgozngz.jpg/600x600bb.jpg
Talking Heads,US,Little Creatures,1985,data/Talking Heads/little_creatures.jpg,https://is1-ssl.mzstatic.com/image/thumb/Music124/v4/80/dd/1a/80dd1a55-5975-8653-1455-25ae42c89123/mzi.hdkytcrn.jpg/600x600bb.jpg
Talking Heads,US,True Stories,1986,data/Talking Heads/true_stories.jpg,https://is1-ssl.mzstatic.com/image/thumb/Music/57/21/09/mzi.tpywqdux.jpg/600x600bb.jpg
Talking Heads,US,Naked,1988,data/Talking Heads/naked.jpg,https://is1-ssl.mzstatic.com/image/thumb/Music124/v4/e4/56/8d/e4568db1-d583-4456-7d44-e557fd887538/mzi.ritwbkcw.jpg/600x600bb.jpg
Taylor Swift,US,Taylor Swift,2006,data/Taylor Swift/taylor_swift.jpg,local_source
Taylor Swift,US,Fearless,2008,data/Taylor Swift/fearless.jpg,local_source
Taylor Swift,US,Speak Now,2010,data/Taylor Swift/speak_now.jpg,local_source
Taylor Swift,US,Red,2012,data/Taylor Swift/red.jpg,local_source
Taylor Swift,US,1989,2014,data/Taylor Swift/1989.jpg,local_source
Taylor Swift,US,Reputation,2017,data/Taylor Swift/reputation.jpg,local_source
Taylor Swift,US,Lover,2019,data/Taylor Swift/lover.jpg,local_source
Taylor Swift,US,Evermore,2020,data/Taylor Swift/evermore.jpg,local_source
Taylor Swift,US,Folklore,2020,data/Taylor Swift/folklore.jpg,local_source
Taylor Swift,US,Fearless (Taylor's Version),2021,data/Taylor Swift/fearless_taylors_version.jpg,local_source
Taylor Swift,US,Red (Taylor's Version),2021,data/Taylor Swift/red_taylors_version.jpg,local_source
Taylor Swift,US,Midnights,2022,data/Taylor Swift/midnights.jpg,local_source
Taylor Swift,US,1989 (Taylor's Version),2023,data/Taylor Swift/1989_taylors_version.jpg,local_source
Taylor Swift,US,Speak Now (Taylor's Version),2023,data/Taylor Swift/speak_now_taylors_version.jpg,local_source
Taylor Swift,US,The Tortured Poets Department,2024,data/Taylor Swift/the_tortured_poets_department.jpg,local_source
Tears for Fears,UK,The Hurting,1983,data/Tears for Fears/the_hurting.jpg,https://is1-ssl.mzstatic.com/image/thumb/Music116/v4/f2/91/fd/f291fdb1-9857-7e8f-2f14-592b39fb53dc/06UMGIM52624.rgb.jpg/600x600bb.jpg
Tears for Fears,UK,Songs from the Big Chair,1985,data/Tears for Fears/songs_from_the_big_chair.jpg,https://is1-ssl.mzstatic.com/image/thumb/Music211/v4/74/41/43/744143ae-afad-8380-106e-1c1bc48922e4/14UMGIM34762.rgb.jpg/600x600bb.jpg
Tears for Fears,UK,The Seeds of Love,1989,data/Tears for Fears/the_seeds_of_love.jpg,https://is1-ssl.mzstatic.com/image/thumb/Music124/v4/5c/91/42/5c914227-83e1-34e6-4fde-d055d915c532/16UMGIM53655.rgb.jpg/600x600bb.jpg
Tears for Fears,UK,Elemental,1993,data/Tears for Fears/elemental.jpg,https://is1-ssl.mzstatic.com/image/thumb/Music115/v4/52/b8/8d/52b88da7-37ef-5246-4c71-d85d83217196/00731451487521.rgb.jpg/600x600bb.jpg
Tears for Fears,UK,Raoul and the Kings of Spain,1995,data/Tears for Fears/raoul_and_the_kings_of_spain.jpg,https://is1-ssl.mzstatic.com/image/thumb/Music/f9/32/22/mzi.wngztnfi.jpg/600x600bb.jpg
Tears for Fears,UK,Everybody Loves a Happy Ending,2004,data/Tears for Fears/everybody_loves_a_happy_ending.jpg,https://is1-ssl.mzstatic.com/image/thumb/Music124/v4/d9/f7/dd/d9f7ddf0-af28-3612-1d76-61af2cc9c02f/195448878226.jpg/600x600bb.jpg
Tears for Fears,UK,The Tipping Point,2022,data/Tears for Fears/the_tipping_point.jpg,https://is1-ssl.mzstatic.com/image/thumb/Music115/v4/41/de/9a/41de9a7c-bb86-7510-3bc4-d0907911c9c3/21CRGIM29855.rgb.jpg/600x600bb.jpg
The Beach Boys,US,Surfin' Safari,1962,data/The Beach Boys/surfin_safari.jpg,https://is1-ssl.mzstatic.com/image/thumb/Music122/v4/47/b0/99/47b0995a-79f7-9ca1-1178-dbdb8235ed14/13UABIM48962.rgb.jpg/600x600bb.jpg
The Beach Boys,US,Surfin' U.S.A.,1963,data/The Beach Boys/surfin_u_s_a.jpg,https://is1-ssl.mzstatic.com/image/thumb/Music112/v4/1c/86/39/1c86394a-6b1a-64d0-84c3-882415654d12/15UMGIM14285.rgb.jpg/600x600bb.jpg
The Beach Boys,US,Surfer Girl,1963,data/The Beach Boys/surfer_girl.jpg,https://is1-ssl.mzstatic.com/image/thumb/Music112/v4/36/1d/f5/361df5bb-310a-4c99-3af2-b4ba103d68a2/13UABIM54221.rgb.jpg/600x600bb.jpg
The Beach Boys,US,Little Deuce Coupe,1963,data/The Beach Boys/little_deuce_coupe.jpg,https://is1-ssl.mzstatic.com/image/thumb/Music112/v4/2d/a2/e4/2da2e429-2492-1608-de27-71d08b15e3e1/13UABIM52921.rgb.jpg/600x600bb.jpg
The Beach Boys,US,Shut Down Volume 2,1964,data/The Beach Boys/shut_down_volume_2.jpg,https://is1-ssl.mzstatic.com/image/thumb/Music116/v4/80/25/d5/8025d579-3f47-fcd4-45b5-63bde04909f2/13UABIM04207.rgb.jpg/600x600bb.jpg
The Beach Boys,US,All Summer Long,1964,data/The Beach Boys/all_summer_long.jpg,https://is1-ssl.mzstatic.com/image/thumb/Music114/v4/21/f1/32/21f13205-b60b-9afa-742e-4b15dc1dd767/13UMGIM24815.rgb.jpg/600x600bb.jpg
The Beach Boys,US,The Beach Boys Today!,1965,data/The Beach Boys/the_beach_boys_today.jpg,https://is1-ssl.mzstatic.com/image/thumb/Music221/v4/9b/16/8e/9b168e8f-3b9b-a748-2801-4687d7ea1a1c/13UABIM49390.rgb.jpg/600x600bb.jpg
The Beach Boys,US,Summer Days (And Summer Nights!!),1965,data/The Beach Boys/summer_days_and_summer_nights.jpg,https://is1-ssl.mzstatic.com/image/thumb/Music221/v4/8a/f6/2c/8af62caf-276b-4fe3-4532-1fffa08a1ec4/13UABIM55015.rgb.jpg/600x600bb.jpg
The Beach Boys,US,Pet Sounds,1966,data/The Beach Boys/pet_sounds.jpg,https://is1-ssl.mzstatic.com/image/thumb/Music116/v4/35/bb/c4/35bbc4eb-9387-97b0-b138-64b7a949ea43/13UABIM03512.rgb.jpg/600x600bb.jpg
The Beach Boys,US,Smiley Smile,1967,data/The Beach Boys/smiley_smile.jpg,https://is1-ssl.mzstatic.com/image/thumb/Music211/v4/ef/b9/c5/efb9c577-61e6-b381-ca38-b1615081d677/13UABIM03827.rgb.jpg/600x600bb.jpg
The Beach Boys,US,Wild Honey,1967,data/The Beach Boys/wild_honey.jpg,https://is1-ssl.mzstatic.com/image/thumb/Music112/v4/70/cd/24/70cd2429-509d-916a-89e5-37fc493f2f28/13UABIM52542.rgb.jpg/600x600bb.jpg
The Beach Boys,US,Friends,1968,data/The Beach Boys/friends.jpg,https://is1-ssl.mzstatic.com/image/thumb/Music128/v4/60/55/3c/60553cff-c9a8-8d37-cc4b-f3df9c47b876/00602547297174.rgb.jpg/600x600bb.jpg
The Beach Boys,US,20/20,1969,data/The Beach Boys/20_20.jpg,https://is1-ssl.mzstatic.com/image/thumb/Music112/v4/a7/34/66/a7346630-10a8-d610-74f4-eca0d550878a/15UMGIM26662.rgb.jpg/600x600bb.jpg
The Beach Boys,US,Sunflower,1970,data/The Beach Boys/sunflower.jpg,https://is1-ssl.mzstatic.com/image/thumb/Music221/v4/63/3e/30/633e302f-4683-7269-a74a-f1c1f1b896c6/13UABIM03517.rgb.jpg/600x600bb.jpg
The Beach Boys,US,Surf's Up,1971,data/The Beach Boys/surf_s_up.jpg,https://is1-ssl.mzstatic.com/image/thumb/Music221/v4/72/be/cb/72becb72-01c0-fc68-a42a-4d203feca5b6/13UABIM03516.rgb.jpg/600x600bb.jpg
The Beach Boys,US,Holland,1973,data/The Beach Boys/holland.jpg,https://is1-ssl.mzstatic.com/image/thumb/Music122/v4/75/fc/56/75fc5636-0563-09d3-8f05-30afd4f97738/13UABIM04198.rgb.jpg/600x600bb.jpg
The Beatles,UK,Please Please Me,1963,data/The Beatles/please_please_me.jpg,https://is1-ssl.mzstatic.com/image/thumb/Music125/v4/9c/ff/b5/9cffb5a6-a37f-c84a-7240-0333a071bc92/00602567725275.rgb.jpg/600x600bb.jpg
The Beatles,UK,With The Beatles,1963,data/The Beatles/with_the_beatles.jpg,https://is1-ssl.mzstatic.com/image/thumb/Music124/v4/03/02/d2/0302d204-77c1-0c87-e03a-698bd31cf038/00602567725619.rgb.jpg/600x600bb.jpg
The Beatles,UK,A Hard Day's Night,1964,data/The Beatles/a_hard_day_s_night.jpg,https://is1-ssl.mzstatic.com/image/thumb/Music124/v4/db/a2/7a/dba27a46-3685-508d-d32e-a0e73cc82251/00602567713296.rgb.jpg/600x600bb.jpg
The Beatles,UK,Beatles for Sale,1964,data/The Beatles/beatles_for_sale.jpg,https://is1-ssl.mzstatic.com/image/thumb/Music124/v4/79/2c/10/792c1019-387f-e819-ac8f-bc989f20a970/00602567725190.rgb.jpg/600x600bb.jpg
The Beatles,UK,Help!,1965,data/The Beatles/help.jpg,https://is1-ssl.mzstatic.com/image/thumb/Music122/v4/1a/19/db/1a19db26-17ad-b986-11a9-f72ac7a6194b/18UMGIM31214.rgb.jpg/600x600bb.jpg
The Beatles,UK,Rubber Soul,1965,data/The Beatles/rubber_soul.jpg,https://is1-ssl.mzstatic.com/image/thumb/Music114/v4/af/20/aa/af20aa89-4002-11fb-25d8-ff544af67eb4/00602567725404.rgb.jpg/600x600bb.jpg
The Beatles,UK,Revolver,1966,data/The Beatles/revolver.jpg,https://is1-ssl.mzstatic.com/image/thumb/Music125/v4/58/4a/10/584a1058-de0a-6a6b-d0bd-da09a028b8bc/00602567705499.rgb.jpg/600x600bb.jpg
The Beatles,UK,Sgt. Pepper's Lonely Hearts Club Band,1967,data/The Beatles/sgt_pepper_s_lonely_hearts_club_band.jpg,https://is1-ssl.mzstatic.com/image/thumb/Music114/v4/6f/79/8d/6f798d84-7475-8525-fc91-f7b51b2b5a9b/00602567725428.rgb.jpg/600x600bb.jpg
The Beatles,UK,Magical Mystery Tour,1967,data/The Beatles/magical_mystery_tour.jpg,https://is1-ssl.mzstatic.com/image/thumb/Music126/v4/43/0e/37/430e3790-75d5-c96a-1380-f9d9803aa700/18UMGIM31245.rgb.jpg/600x600bb.jpg
The Beatles,UK,The Beatles,1968,data/The Beatles/the_beatles.jpg,https://is1-ssl.mzstatic.com/image/thumb/Music115/v4/fa/5b/89/fa5b898d-bad6-e053-4195-260e5c74f2bb/00602567725466.rgb.jpg/600x600bb.jpg
The Beatles,UK,Yellow Submarine,1969,data/The Beatles/yellow_submarine.jpg,https://is1-ssl.mzstatic.com/image/thumb/Music124/v4/b1/94/f3/b194f3c3-3bcf-62f6-a795-093a3d3c0407/00602567725640.rgb.jpg/600x600bb.jpg
The Beatles,UK,Abbey Road,1969,data/The Beatles/abbey_road.jpg,https://is1-ssl.mzstatic.com/image/thumb/Music112/v4/df/db/61/dfdb615d-47f8-06e9-9533-b96daccc029f/18UMGIM31076.rgb.jpg/600x600bb.jpg
The Beatles,UK,Let It Be,1970,data/The Beatles/let_it_be.jpg,https://is1-ssl.mzstatic.com/image/thumb/Music124/v4/ae/98/4c/ae984c7a-cd06-a7cd-e8bf-32cb15ba698d/00602567705475.rgb.jpg/600x600bb.jpg
The Clash,UK,The Clash,1977,data/The Clash/the_clash.jpg,https://is1-ssl.mzstatic.com/image/thumb/Music114/v4/53/8d/7f/538d7f34-71e3-df2d-5221-4df922ab9510/886443520738.jpg/600x600bb.jpg
The Clash,UK,Give 'Em Enough Rope,1978,data/The Clash/give_em_enough_rope.jpg,https://is1-ssl.mzstatic.com/image/thumb/Music124/v4/04/e1/70/04e17014-6c01-a0b8-d80b-91325a9d63eb/886443520714.jpg/600x600bb.jpg
The Clash,UK,London Calling,1979,data/The Clash/london_calling.jpg,https://is1-ssl.mzstatic.com/image/thumb/Music125/v4/45/d7/17/45d71740-b204-de23-3f9e-f2f823296f1d/886443520721.jpg/600x600bb.jpg
The Clash,UK,Sandinista!,1980,data/The Clash/sandinista.jpg,https://is1-ssl.mzstatic.com/image/thumb/Music114/v4/01/d2/ad/01d2ad5f-21b1-fa56-251a-efc29063b361/886443566347.jpg/600x600bb.jpg
The Clash,UK,Combat Rock,1982,data/The Clash/combat_rock.jpg,https://is1-ssl.mzstatic.com/image/thumb/Music115/v4/71/b6/8a/71b68ab0-f2d7-5cf0-636c-c27de6ce8aed/886443520707.jpg/600x600bb.jpg
The Clash,UK,Cut the Crap,1985,data/The Clash/cut_the_crap.jpg,https://is1-ssl.mzstatic.com/image/thumb/Music114/v4/67/ea/84/67ea8448-332a-c11c-1332-474220500d72/074646641927.jpg/600x600bb.jpg
The Cure,UK,Three Imaginary Boys,1979,data/The Cure/three_imaginary_boys.jpg,https://is1-ssl.mzstatic.com/image/thumb/Music/ad/b8/9c/mzi.npcdlmxc.jpg/600x600bb.jpg
The Cure,UK,Seventeen Seconds,1980,data/The Cure/seventeen_seconds.jpg,https://is1-ssl.mzstatic.com/image/thumb/Music114/v4/83/b4/9a/83b49a32-35ec-16b1-b933-9a895824cad8/s07.uqusdlxc.jpg/600x600bb.jpg
The Cure,UK,Faith,1981,data/The Cure/faith.jpg,https://is1-ssl.mzstatic.com/image/thumb/Music124/v4/b2/87/c6/b287c680-7d29-8ce1-b537-41d66740e001/mzi.ltkpqfzj.jpg/600x600bb.jpg
The Cure,UK,Pornography,1982,data/The Cure/pornography.jpg,https://is1-ssl.mzstatic.com/image/thumb/Music124/v4/94/b1/e6/94b1e60c-def9-5e6a-7fc7-7a64aba53f7d/mzi.opremixd.jpg/600x600bb.jpg
The Cure,UK,The Top,1984,data/The Cure/the_top.jpg,https://is1-ssl.mzstatic.com/image/thumb/Music30/v4/56/5d/48/565d48c8-772c-625c-ccfe-e573ef95f939/dj.kaytmzlr.jpg/600x600bb.jpg
The Cure,UK,The Head on the Door,1985,data/The Cure/the_head_on_the_door.jpg,https://is1-ssl.mzstatic.com/image/thumb/Music/96/38/e4/mzi.rzvphnxn.jpg/600x600bb.jpg
The Cure,UK,"Kiss Me, Kiss Me, Kiss Me",1987,data/The Cure/kiss_me_kiss_me_kiss_me.jpg,https://is1-ssl.mzstatic.com/image/thumb/Music/y2004/m11/d24/h19/s06.lkkhqoax.jpg/600x600bb.jpg
The Cure,UK,Disintegration,1989,data/The Cure/disintegration.jpg,https://is1-ssl.mzstatic.com/image/thumb/Music/93/3c/2c/mzi.ujtdsknz.jpg/600x600bb.jpg
The Cure,UK,Wish,1992,data/The Cure/wish.jpg,https://is1-ssl.mzstatic.com/image/thumb/Music115/v4/49/99/b4/4999b482-ac72-6aa2-0016-a6924355e72e/dj.tyyqcstw.jpg/600x600bb.jpg
The Cure,UK,Wild Mood Swings,1996,data/The Cure/wild_mood_swings.jpg,https://is1-ssl.mzstatic.com/image/thumb/Music111/v4/73/48/50/7348501d-38c4-80d1-ce11-622baada0f96/075596174428.jpg/600x600bb.jpg
The Cure,UK,Bloodflowers,2000,data/The Cure/bloodflowers.jpg,https://is1-ssl.mzstatic.com/image/thumb/Music124/v4/41/c0/89/41c08977-663e-20df-ad8c-7966e94b9714/mzi.akxastzt.jpg/600x600bb.jpg
The Cure,UK,The Cure,2004,data/The Cure/the_cure.jpg,https://is1-ssl.mzstatic.com/image/thumb/Music124/v4/1b/d4/75/1bd4755f-f8b8-56ae-e074-43d1fe743c27/00602577027093.rgb.jpg/600x600bb.jpg
The Cure,UK,4:13 Dream,2008,data/The Cure/4_13_dream.jpg,https://is1-ssl.mzstatic.com/image/thumb/Music124/v4/70/49/26/70492678-c1c3-ae44-0026-1450e894cfe7/00602517913615.rgb.jpg/600x600bb.jpg
The Cure,UK,Songs of a Lost World,2024,data/The Cure/songs_of_a_lost_world.jpg,https://is1-ssl.mzstatic.com/image/thumb/Music221/v4/5b/25/d9/5b25d98e-3734-a7fd-c198-69ffd088d10f/24UMGIM94240.rgb.jpg/600x600bb.jpg
The Doors,US,The Doors,1967,data/The Doors/the_doors.jpg,https://is1-ssl.mzstatic.com/image/thumb/Music122/v4/97/e2/ce/97e2ce16-02e1-54f6-3896-dcc55249ff7d/603497838738.jpg/600x600bb.jpg
The Doors,US,Strange Days,1967,data/The Doors/strange_days.jpg,https://is1-ssl.mzstatic.com/image/thumb/Music122/v4/e8/49/28/e84928b3-d1d7-1742-f572-82837bbb0a0b/603497838745.jpg/600x600bb.jpg
The Doors,US,Waiting for the Sun,1968,data/The Doors/waiting_for_the_sun.jpg,https://is1-ssl.mzstatic.com/image/thumb/Music122/v4/2a/49/2d/2a492dc8-b7ad-588e-d909-5b204984f50b/603497838707.jpg/600x600bb.jpg
The Doors,US,The Soft Parade,1969,data/The Doors/the_soft_parade.jpg,https://is1-ssl.mzstatic.com/image/thumb/Music122/v4/2c/e9/ed/2ce9edd5-cd5a-ff4c-a4bb-791fdfa55656/603497838714.jpg/600x600bb.jpg
The Doors,US,Morrison Hotel,1970,data/The Doors/morrison_hotel.jpg,https://is1-ssl.mzstatic.com/image/thumb/Music122/v4/ea/1f/65/ea1f6524-49ef-0d1f-6948-fd7d7d6b0256/603497838721.jpg/600x600bb.jpg
The Doors,US,L.A. Woman,1971,data/The Doors/l_a_woman.jpg,https://is1-ssl.mzstatic.com/image/thumb/Music122/v4/af/19/0c/af190c65-23fc-4f5f-a317-ef983601f7c0/603497838691.jpg/600x600bb.jpg
The Kinks,UK,Kinks,1964,data/The Kinks/kinks.jpg,https://is1-ssl.mzstatic.com/image/thumb/Music112/v4/37/45/9a/37459a96-81ef-b10d-2d54-7b377e8bb171/5414939496776.jpg/600x600bb.jpg
The Kinks,UK,Kinda Kinks,1965,data/The Kinks/kinda_kinks.jpg,https://is1-ssl.mzstatic.com/image/thumb/Music128/v4/b7/ca/3c/b7ca3c15-927e-f6c0-1d9e-9c2bb2126682/5414939496974.jpg/600x600bb.jpg
The Kinks,UK,The Kink Kontroversy,1965,data/The Kinks/the_kink_kontroversy.jpg,https://is1-ssl.mzstatic.com/image/thumb/Music118/v4/d3/8e/04/d38e04bd-48d7-6b4d-6b60-271321367a69/5414939496875.jpg/600x600bb.jpg
The Kinks,UK,Face to Face,1966,data/The Kinks/face_to_face.jpg,https://is1-ssl.mzstatic.com/image/thumb/Music128/v4/f1/14/cd/f114cd37-d577-61d6-5a0b-547c090989f4/4050538365184.jpg/600x600bb.jpg
The Kinks,UK,Something Else by The Kinks,1967,data/The Kinks/something_else_by_the_kinks.jpg,https://is1-ssl.mzstatic.com/image/thumb/Music126/v4/d5/5e/c0/d55ec0ca-eac2-2192-e18d-889bc30f01b5/4050538365344.jpg/600x600bb.jpg
The Kinks,UK,The Kinks Are the Village Green Preservation Society,1968,data/The Kinks/the_kinks_are_the_village_green_preservation_society.jpg,https://is1-ssl.mzstatic.com/image/thumb/Music118/v4/19/1c/4b/191c4b01-df7c-638c-7c55-529c71e82447/4050538402223.jpg/600x600bb.jpg
The Kinks,UK,Arthur,1969,data/The Kinks/arthur.jpg,https://is1-ssl.mzstatic.com/image/thumb/Music126/v4/ce/b0/f0/ceb0f04f-97de-b769-80d4-e66b442b3792/5414939494475.jpg/600x600bb.jpg
The Kinks,UK,"Lola Versus Powerman and the Moneygoround, Part One",1970,data/The Kinks/lola_versus_powerman_and_the_moneygoround_part_one.jpg,https://is1-ssl.mzstatic.com/image/thumb/Music118/v4/28/af/39/28af39aa-6d9e-61d5-2364-095a7b0d3182/4050538365283.jpg/600x600bb.jpg
The Kinks,UK,Muswell Hillbillies,1971,data/The Kinks/muswell_hillbillies.jpg,https://is1-ssl.mzstatic.com/image/thumb/Music112/v4/38/9b/2f/389b2fd4-aef3-3f03-2a67-1e53f3dbc5f2/4050538854664.jpg/600x600bb.jpg
The Notorious B.I.G.,US,Ready to Die,1994,data/The Notorious B.I.G./ready_to_die.jpg,https://is1-ssl.mzstatic.com/image/thumb/Music221/v4/50/5b/0e/505b0e6f-cb2d-df8f-58df-02a8d8e61c59/075679456762.jpg/600x600bb.jpg
The Notorious B.I.G.,US,Life After Death,1997,data/The Notorious B.I.G./life_after_death.jpg,https://is1-ssl.mzstatic.com/image/thumb/Music122/v4/51/70/ca/5170cae7-3cd5-bc59-18ba-b6f56a1c8359/603497898848.jpg/600x600bb.jpg
The Police,UK,Outlandos d'Amour,1978,data/The Police/outlandos_d_amour.jpg,https://is1-ssl.mzstatic.com/image/thumb/Music126/v4/47/de/29/47de29d9-5109-2020-d296-1021a7378574/16UMGIM60880.rgb.jpg/600x600bb.jpg
The Police,UK,Reggatta de Blanc,1979,data/The Police/reggatta_de_blanc.jpg,https://is1-ssl.mzstatic.com/image/thumb/Music116/v4/74/2a/da/742ada22-9a00-1620-b72e-6667745b010a/16UMGIM60881.rgb.jpg/600x600bb.jpg
The Police,UK,Zenyatta Mondatta,1980,data/The Police/zenyatta_mondatta.jpg,https://is1-ssl.mzstatic.com/image/thumb/Music126/v4/2b/6f/c1/2b6fc116-cb69-91eb-5401-e71383a7d1bc/16UMGIM60883.rgb.jpg/600x600bb.jpg
The Police,UK,Ghost in the Machine,1981,data/The Police/ghost_in_the_machine.jpg,https://is1-ssl.mzstatic.com/image/thumb/Music116/v4/8d/22/a8/8d22a8f9-fe4f-880a-667e-6127fbd78375/16UMGIM60878.rgb.jpg/600x600bb.jpg
The Police,UK,Synchronicity,1983,data/The Police/synchronicity.jpg,https://is1-ssl.mzstatic.com/image/thumb/Music115/v4/a4/67/ba/a467ba62-87df-9d10-98d2-c517f68ac870/16UMGIM60882.rgb.jpg/600x600bb.jpg
The Prodigy,UK,Experience,1992,data/The Prodigy/experience.jpg,https://is1-ssl.mzstatic.com/image/thumb/Music221/v4/f6/2f/bc/f62fbcf2-c37b-d194-e120-a8b3a79e1dc4/634904011079.png/600x600bb.jpg
The Prodigy,UK,Music for the Jilted Generation,1994,data/The Prodigy/music_for_the_jilted_generation.jpg,https://is1-ssl.mzstatic.com/image/thumb/Music122/v4/86/e9/c2/86e9c2d6-10e8-f692-aaaf-4d99c0324fb8/634904911461.png/600x600bb.jpg
The Prodigy,UK,The Fat of the Land,1997,data/The Prodigy/the_fat_of_the_land.jpg,https://is1-ssl.mzstatic.com/image/thumb/Music126/v4/96/8b/08/968b08e4-cb2b-54c2-32bb-dba77ad1c2ca/634904912161.png/600x600bb.jpg
The Prodigy,UK,"Always Outnumbered, Never Outgunned",2004,data/The Prodigy/always_outnumbered_never_outgunned.jpg,https://is1-ssl.mzstatic.com/image/thumb/Music116/v4/15/bf/4c/15bf4c52-dd06-d4b5-5da7-dba02a332857/634904918361.png/600x600bb.jpg
The Prodigy,UK,Invaders Must Die,2009,data/The Prodigy/invaders_must_die.jpg,https://is1-ssl.mzstatic.com/image/thumb/Music128/v4/75/65/a6/7565a69a-4fc2-f2b9-69ae-53e603ccca16/884977028751.jpg/600x600bb.jpg
The Prodigy,UK,The Day Is My Enemy,2015,data/The Prodigy/the_day_is_my_enemy.jpg,https://is1-ssl.mzstatic.com/image/thumb/Music124/v4/89/89/ad/8989ad32-691b-cddd-58cb-2b0c3724b0e7/093624930655.jpg/600x600bb.jpg
The Prodigy,UK,No Tourists,2018,data/The Prodigy/no_tourists.jpg,https://is1-ssl.mzstatic.com/image/thumb/Music128/v4/0f/39/8d/0f398db0-231f-e1b0-fba9-513d841bef8e/4050538424171.jpg/600x600bb.jpg
The Rolling Stones,UK,The Rolling Stones,1964,data/The Rolling Stones/the_rolling_stones.jpg,https://is1-ssl.mzstatic.com/image/thumb/Music221/v4/2f/19/40/2f19407e-720d-f449-69e4-22c2e0c05131/13ABKIM00013.rgb.jpg/600x600bb.jpg
The Rolling Stones,UK,The Rolling Stones No. 2,1965,data/The Rolling Stones/the_rolling_stones_no_2.jpg,https://is1-ssl.mzstatic.com/image/thumb/Music211/v4/f7/a5/bc/f7a5bc79-4b8d-3bc1-e65f-8a0b6d1740e5/13ABKIM00015.rgb.jpg/600x600bb.jpg
The Rolling Stones,UK,Out of Our Heads,1965,data/The Rolling Stones/out_of_our_heads.jpg,https://is1-ssl.mzstatic.com/image/thumb/Music113/v4/6b/8c/5b/6b8c5bc2-cbf3-5d48-ac10-565dd728802b/13ABKIM00023.rgb.jpg/600x600bb.jpg
The Rolling Stones,UK,Aftermath,1966,data/The Rolling Stones/aftermath.jpg,https://is1-ssl.mzstatic.com/image/thumb/Music211/v4/cd/89/04/cd890449-e58f-7257-2c60-9c8c31f24ce3/13ABKIM00063.rgb.jpg/600x600bb.jpg
The Rolling Stones,UK,Between the Buttons,1967,data/The Rolling Stones/between_the_buttons.jpg,https://is1-ssl.mzstatic.com/image/thumb/Music128/v4/a8/48/68/a84868ac-967d-4947-5105-0b2e3afd3cdb/00018771895220.rgb.jpg/600x600bb.jpg
The Rolling Stones,UK,Their Satanic Majesties Request,1967,data/The Rolling Stones/their_satanic_majesties_request.jpg,https://is1-ssl.mzstatic.com/image/thumb/Music128/v4/53/84/e1/5384e1f2-fb74-8ab8-f6d4-0fc52adaab51/00018771895428.rgb.jpg/600x600bb.jpg
The Rolling Stones,UK,Beggars Banquet,1968,data/The Rolling Stones/beggars_banquet.jpg,https://is1-ssl.mzstatic.com/image/thumb/Music125/v4/a3/d1/78/a3d178a8-f1c2-c1c3-1c5d-d78ab3af9768/20UMGIM13726.rgb.jpg/600x600bb.jpg
The Rolling Stones,UK,Let It Bleed,1969,data/The Rolling Stones/let_it_bleed.jpg,https://is1-ssl.mzstatic.com/image/thumb/Music115/v4/69/64/67/696467fe-9ed1-b65e-1016-a10d07e6464d/20UMGIM14087.rgb.jpg/600x600bb.jpg
The Rolling Stones,UK,Sticky Fingers,1971,data/The Rolling Stones/sticky_fingers.jpg,https://is1-ssl.mzstatic.com/image/thumb/Music112/v4/7f/e0/b4/7fe0b4da-36cd-a1d0-0f19-ef3fec18e3cd/08UMGIM15742.rgb.jpg/600x600bb.jpg
The Rolling Stones,UK,Exile on Main St.,1972,data/The Rolling Stones/exile_on_main_st.jpg,https://is1-ssl.mzstatic.com/image/thumb/Music122/v4/da/fc/7c/dafc7c44-02df-7a48-b133-f021d0eff709/10UMGIM10406.rgb.jpg/600x600bb.jpg
The Rolling Stones,UK,Goats Head Soup,1973,data/The Rolling Stones/goats_head_soup.jpg,https://is1-ssl.mzstatic.com/image/thumb/Music124/v4/ef/38/ab/ef38ab4c-2a84-7a8b-71c0-aebb006d856f/20UMGIM56409.rgb.jpg/600x600bb.jpg
The Rolling Stones,UK,It's Only Rock 'n Roll,1974,data/The Rolling Stones/it_s_only_rock_n_roll.jpg,https://is1-ssl.mzstatic.com/image/thumb/Music112/v4/50/b8/2f/50b82fdb-a3db-b284-d323-a243e1abbe34/08UMGIM15718.rgb.jpg/600x600bb.jpg
The Rolling Stones,UK,Black and Blue,1976,data/The Rolling Stones/black_and_blue.jpg,https://is1-ssl.mzstatic.com/image/thumb/Music116/v4/02/de/38/02de38de-7df8-ddbc-f88b-78eb55b1fe97/08UMGIM15723.rgb.jpg/600x600bb.jpg
The Rolling Stones,UK,Some Girls,1978,data/The Rolling Stones/some_girls.jpg,https://is1-ssl.mzstatic.com/image/thumb/Music122/v4/d9/6d/64/d96d6477-52a7-2f7e-dcb3-64ca658e9da5/08UMGIM15738.rgb.jpg/600x600bb.jpg
The Rolling Stones,UK,Emotional Rescue,1980,data/The Rolling Stones/emotional_rescue.jpg,https://is1-ssl.mzstatic.com/image/thumb/Music122/v4/6c/12/aa/6c12aab8-9306-691a-8eee-2e762ae3e445/08UMGIM17006.rgb.jpg/600x600bb.jpg
The Rolling Stones,UK,Tattoo You,1981,data/The Rolling Stones/tattoo_you.jpg,https://is1-ssl.mzstatic.com/image/thumb/Music112/v4/0d/4b/63/0d4b63c2-9d4f-41ab-5e78-a1c6a8eab53f/08UMGIM15741.rgb.jpg/600x600bb.jpg
The Rolling Stones,UK,Undercover,1983,data/The Rolling Stones/undercover.jpg,https://is1-ssl.mzstatic.com/image/thumb/Music122/v4/96/fc/a9/96fca962-60c5-8419-e1b1-530289dc9cd5/08UMGIM15737.rgb.jpg/600x600bb.jpg
The Rolling Stones,UK,Dirty Work,1986,data/The Rolling Stones/dirty_work.jpg,https://is1-ssl.mzstatic.com/image/thumb/Music112/v4/23/2b/57/232b57ff-9778-b427-15fc-f9b9d3cf3454/08UMGIM15740.rgb.jpg/600x600bb.jpg
The Rolling Stones,UK,Steel Wheels,1989,data/The Rolling Stones/steel_wheels.jpg,https://is1-ssl.mzstatic.com/image/thumb/Music114/v4/ac/30/94/ac3094e0-e154-57dc-a9fc-973676739fd0/00602537190973.rgb.jpg/600x600bb.jpg
The Rolling Stones,UK,Voodoo Lounge,1994,data/The Rolling Stones/voodoo_lounge.jpg,https://is1-ssl.mzstatic.com/image/thumb/Music126/v4/7b/7c/dd/7b7cdd86-8df6-4d44-96c0-00913346c289/08UMGIM15719.rgb.jpg/600x600bb.jpg
The Rolling Stones,UK,Bridges to Babylon,1997,data/The Rolling Stones/bridges_to_babylon.jpg,https://is1-ssl.mzstatic.com/image/thumb/Music122/v4/90/f6/e6/90f6e6c5-f39c-eaec-425b-641e1b03fe01/08UMGIM15708.rgb.jpg/600x600bb.jpg
The Rolling Stones,UK,A Bigger Bang,2005,data/The Rolling Stones/a_bigger_bang.jpg,https://is1-ssl.mzstatic.com/image/thumb/Music122/v4/3f/95/e8/3f95e8f2-4695-3eb0-bf1e-74ae0b531b0a/08UMGIM23283.rgb.jpg/600x600bb.jpg
The Rolling Stones,UK,Blue & Lonesome,2016,data/The Rolling Stones/blue_lonesome.jpg,https://is1-ssl.mzstatic.com/image/thumb/Music112/v4/6f/52/86/6f5286df-ba60-07f9-4ade-0707b9e12b2e/16UMGIM67928.rgb.jpg/600x600bb.jpg
The Rolling Stones,UK,Hackney Diamonds,2023,data/The Rolling Stones/hackney_diamonds.jpg,https://is1-ssl.mzstatic.com/image/thumb/Music126/v4/af/55/b7/af55b7c8-e6d2-d806-8186-a6207bef2638/23UMGIM99574.rgb.jpg/600x600bb.jpg
The Smashing Pumpkins,US,Gish,1991,data/The Smashing Pumpkins/gish.jpg,https://is1-ssl.mzstatic.com/image/thumb/Music126/v4/a9/6a/26/a96a262b-a0ec-16db-056f-11f47fd2e3a3/19UMGIM59908.rgb.jpg/600x600bb.jpg
The Smashing Pumpkins,US,Siamese Dream,1993,data/The Smashing Pumpkins/siamese_dream.jpg,https://is1-ssl.mzstatic.com/image/thumb/Music115/v4/3a/dc/08/3adc08b0-e98c-b5dd-943e-a37c7ed06205/13UABIM03615.rgb.jpg/600x600bb.jpg
The Smashing Pumpkins,US,Mellon Collie and the Infinite Sadness,1995,data/The Smashing Pumpkins/mellon_collie_and_the_infinite_sadness.jpg,https://is1-ssl.mzstatic.com/image/thumb/Music115/v4/ca/ce/b2/caceb2ed-50f0-c666-e4d0-165a0a1541fc/13UABIM04008.rgb.jpg/600x600bb.jpg
The Smashing Pumpkins,US,Adore,1998,data/The Smashing Pumpkins/adore.jpg,https://is1-ssl.mzstatic.com/image/thumb/Music128/v4/47/7a/8c/477a8c77-fd37-800b-8f3c-d2ae08e9fa60/00602537993086.rgb.jpg/600x600bb.jpg
The Smashing Pumpkins,US,Machina/The Machines of God,2000,data/The Smashing Pumpkins/machina_the_machines_of_god.jpg,https://is1-ssl.mzstatic.com/image/thumb/Music124/v4/92/d6/97/92d69784-dc2b-127f-5320-59610aa2234e/00724384893651.rgb.jpg/600x600bb.jpg
The Smashing Pumpkins,US,Zeitgeist,2007,data/The Smashing Pumpkins/zeitgeist.jpg,https://is1-ssl.mzstatic.com/image/thumb/Music211/v4/7a/4a/07/7a4a0738-37f4-912b-7af5-b0a1f2386697/840588119721.png/600x600bb.jpg
The Smashing Pumpkins,US,Oceania,2012,data/The Smashing Pumpkins/oceania.jpg,https://is1-ssl.mzstatic.com/image/thumb/Music4/v4/34/d3/53/34d353ef-e76a-b4ae-e0a5-e988790e9101/00818610010094.jpg/600x600bb.jpg
The Smashing Pumpkins,US,Cyr,2020,data/The Smashing Pumpkins/cyr.jpg,https://is1-ssl.mzstatic.com/image/thumb/Music221/v4/01/43/ef/0143ef9d-9d03-ef6d-a19f-6423e1cb2d5e/00810016763413_Cover.jpg/600x600bb.jpg
The Smashing Pumpkins,US,Atum: A Rock Opera in Three Acts,2023,data/The Smashing Pumpkins/atum_a_rock_opera_in_three_acts.jpg,https://is1-ssl.mzstatic.com/image/thumb/Music211/v4/ba/91/42/ba9142ca-ec53-2d22-1783-4c1b41131615/196925534048.png/600x600bb.jpg
The Smashing Pumpkins,US,Aghori Mhori Mei,2024,data/The Smashing Pumpkins/aghori_mhori_mei.jpg,https://is1-ssl.mzstatic.com/image/thumb/Music211/v4/12/eb/3d/12eb3dce-1431-9999-c23d-fe7d5a3f7f59/198588548592.jpg/600x600bb.jpg
The Smiths,UK,The Smiths,1984,data/The Smiths/the_smiths.jpg,https://is1-ssl.mzstatic.com/image/thumb/Music122/v4/9d/b2/b0/9db2b04c-d7b2-050b-5c9e-4f64c6e03a3a/745099189228.jpg/600x600bb.jpg
The Smiths,UK,Meat Is Murder,1985,data/The Smiths/meat_is_murder.jpg,https://is1-ssl.mzstatic.com/image/thumb/Music124/v4/74/1f/ff/741fff7e-e99e-757d-e600-e19d9df0d078/745099189563.jpg/600x600bb.jpg
The Smiths,UK,The Queen Is Dead,1986,data/The Smiths/the_queen_is_dead.jpg,https://is1-ssl.mzstatic.com/image/thumb/Music125/v4/1a/e8/70/1ae870c3-b402-096b-c4c4-8022af5a2ed9/745099189662.jpg/600x600bb.jpg
The Smiths,UK,"Strangeways, Here We Come",1987,data/The Smiths/strangeways_here_we_come.jpg,https://is1-ssl.mzstatic.com/image/thumb/Music124/v4/44/f9/fc/44f9fc4b-6bf8-5b51-282f-9c565366a8f5/745099189969.jpg/600x600bb.jpg
The Velvet Underground,US,The Velvet Underground & Nico,1967,data/The Velvet Underground/the_velvet_underground_nico.jpg,https://is1-ssl.mzstatic.com/image/thumb/Music112/v4/92/93/39/9293397f-a707-237e-ec7e-0ca613a67e3c/06UMGIM04143.rgb.jpg/600x600bb.jpg
The Velvet Underground,US,White Light/White Heat,1968,data/The Velvet Underground/white_light_white_heat.jpg,https://is1-ssl.mzstatic.com/image/thumb/Music123/v4/ee/ac/91/eeac9154-5178-ebbc-be57-81bfb11f8ce7/00602537589678.rgb.jpg/600x600bb.jpg
The Velvet Underground,US,The Velvet Underground,1969,data/The Velvet Underground/the_velvet_underground.jpg,https://is1-ssl.mzstatic.com/image/thumb/Music124/v4/33/98/39/3398391b-3586-0903-a094-423c93d8fe53/00602547075031.rgb.jpg/600x600bb.jpg
The Velvet Underground,US,Loaded,1970,data/The Velvet Underground/loaded.jpg,https://is1-ssl.mzstatic.com/image/thumb/Music124/v4/87/7d/5e/877d5e8d-8aff-717f-576c-f237ee8d7a34/603497884575.jpg/600x600bb.jpg
The Who,UK,My Generation,1965,data/The Who/my_generation.jpg,https://is1-ssl.mzstatic.com/image/thumb/Music128/v4/29/04/54/29045471-99d1-4b95-052e-412ef4cbb6d9/00602537945863.rgb.jpg/600x600bb.jpg
The Who,UK,A Quick One,1966,data/The Who/a_quick_one.jpg,https://is1-ssl.mzstatic.com/image/thumb/Music128/v4/b9/2a/71/b92a71ba-9950-aa5b-cd65-a2dab1d647fc/00602537944156.rgb.jpg/600x600bb.jpg
The Who,UK,The Who Sell Out,1967,data/The Who/the_who_sell_out.jpg,https://is1-ssl.mzstatic.com/image/thumb/Music114/v4/d7/51/97/d7519708-e021-8d90-5a67-87ed08c4bc91/20UM1IM17985.rgb.jpg/600x600bb.jpg
The Who,UK,Tommy,1969,data/The Who/tommy.jpg,https://is1-ssl.mzstatic.com/image/thumb/Music126/v4/f3/22/7f/f3227fd3-758e-2728-7db2-25b29373c8ae/18UMGIM35635.rgb.jpg/600x600bb.jpg
The Who,UK,Who's Next,1971,data/The Who/who_s_next.jpg,https://is1-ssl.mzstatic.com/image/thumb/Music124/v4/4e/d5/19/4ed519ca-3f8b-65ee-eb21-89d5c6a0b44e/00602547140265.rgb.jpg/600x600bb.jpg
The Who,UK,Quadrophenia,1973,data/The Who/quadrophenia.jpg,https://is1-ssl.mzstatic.com/image/thumb/Music126/v4/cc/86/10/cc861044-0537-0de4-4389-dceec0c13b96/06UMGIM44799.rgb.jpg/600x600bb.jpg
The Who,UK,The Who by Numbers,1975,data/The Who/the_who_by_numbers.jpg,https://is1-ssl.mzstatic.com/image/thumb/Music221/v4/08/a8/7a/08a87a4a-17bf-cbba-b3a3-36b27ad840a0/14UMGIM33739.rgb.jpg/600x600bb.jpg
The Who,UK,Who Are You,1978,data/The Who/who_are_you.jpg,https://is1-ssl.mzstatic.com/image/thumb/Music211/v4/a0/76/3b/a0763be3-8a5a-2a1a-8490-e78d29a85725/14UMGIM33737.rgb.jpg/600x600bb.jpg
The Who,UK,Face Dances,1981,data/The Who/face_dances.jpg,https://is1-ssl.mzstatic.com/image/thumb/Music115/v4/7f/30/51/7f3051c5-476a-9b94-fe1d-881139f6bd66/00602537945627.rgb.jpg/600x600bb.jpg
The Who,UK,It's Hard,1982,data/The Who/it_s_hard.jpg,https://is1-ssl.mzstatic.com/image/thumb/Music125/v4/7e/de/d1/7eded170-9703-ae08-90c0-dd7c19c2bcac/00602537945665.rgb.jpg/600x600bb.jpg
The Who,UK,Endless Wire,2006,data/The Who/endless_wire.jpg,https://is1-ssl.mzstatic.com/image/thumb/Music118/v4/8b/51/3e/8b513e30-7a71-7de7-cd08-f197ca6ddd5c/00602537947607.rgb.jpg/600x600bb.jpg
The Who,UK,WHO,2019,data/The Who/who.jpg,https://is1-ssl.mzstatic.com/image/thumb/Music221/v4/f3/bd/d7/f3bdd72b-c168-1a29-eee2-58b5bce0574c/19UMGIM75745.rgb.jpg/600x600bb.jpg
Tom Petty and the Heartbreakers,US,Tom Petty and the Heartbreakers,1976,data/Tom Petty and the Heartbreakers/tom_petty_and_the_heartbreakers.jpg,https://is1-ssl.mzstatic.com/image/thumb/Music221/v4/b5/41/85/b54185e8-e1b3-6d19-d081-fe9f15f9ab60/24UMGIM71412.rgb.jpg/600x600bb.jpg
Tom Petty and the Heartbreakers,US,You're Gonna Get It!,1978,data/Tom Petty and the Heartbreakers/you_re_gonna_get_it.jpg,https://is1-ssl.mzstatic.com/image/thumb/Music221/v4/e6/a4/c3/e6a4c3a7-0552-2766-a817-57dd2bb52088/24UMGIM71413.rgb.jpg/600x600bb.jpg
Tom Petty and the Heartbreakers,US,Damn the Torpedoes,1979,data/Tom Petty and the Heartbreakers/damn_the_torpedoes.jpg,https://is1-ssl.mzstatic.com/image/thumb/Music122/v4/95/c8/d5/95c8d554-d5af-4c45-0f01-b5e49d1a33e5/06UMGIM05167.rgb.jpg/600x600bb.jpg
Tom Petty and the Heartbreakers,US,Hard Promises,1981,data/Tom Petty and the Heartbreakers/hard_promises.jpg,https://is1-ssl.mzstatic.com/image/thumb/Music112/v4/1e/52/52/1e525277-63f1-2846-2f4b-73eb39d2628f/06UMGIM07739.rgb.jpg/600x600bb.jpg
Tom Petty and the Heartbreakers,US,Long After Dark,1982,data/Tom Petty and the Heartbreakers/long_after_dark.jpg,https://is1-ssl.mzstatic.com/image/thumb/Music122/v4/e9/88/5c/e9885c47-978d-c9f6-58fa-997346cb7cc6/06UMGIM07743.rgb.jpg/600x600bb.jpg
Tom Petty and the Heartbreakers,US,Southern Accents,1985,data/Tom Petty and the Heartbreakers/southern_accents.jpg,https://is1-ssl.mzstatic.com/image/thumb/Music122/v4/ef/9a/5f/ef9a5fcc-27c6-f226-7d71-67ce3789c9ab/06UMGIM06512.rgb.jpg/600x600bb.jpg
Tom Petty and the Heartbreakers,US,Full Moon Fever,1989,data/Tom Petty and the Heartbreakers/full_moon_fever.jpg,https://is1-ssl.mzstatic.com/image/thumb/Music112/v4/f3/71/47/f37147d5-d029-880b-bdc1-5929c907909a/06UMGIM04214.rgb.jpg/600x600bb.jpg
Tom Petty and the Heartbreakers,US,Into the Great Wide Open,1991,data/Tom Petty and the Heartbreakers/into_the_great_wide_open.jpg,https://is1-ssl.mzstatic.com/image/thumb/Music112/v4/82/7f/96/827f96f5-4ef5-3216-d68f-be3e11fe160f/06UMGIM07741.rgb.jpg/600x600bb.jpg
Tom Petty and the Heartbreakers,US,Wildflowers,1994,data/Tom Petty and the Heartbreakers/wildflowers.jpg,https://is1-ssl.mzstatic.com/image/thumb/Music112/v4/78/61/dd/7861dd44-f796-08ea-c8ff-7f8a12a86db1/15UMGIM69649.rgb.jpg/600x600bb.jpg
Tom Petty and the Heartbreakers,US,Echo,1999,data/Tom Petty and the Heartbreakers/echo.jpg,https://is1-ssl.mzstatic.com/image/thumb/Music/v4/77/b7/16/77b71682-e684-63da-7bf1-f26d5fa3eda8/093624937432.jpg/600x600bb.jpg
Tom Petty and the Heartbreakers,US,Mojo,2010,data/Tom Petty and the Heartbreakers/mojo.jpg,https://is1-ssl.mzstatic.com/image/thumb/Music/ba/ea/df/mzi.rwpkdbjo.jpg/600x600bb.jpg
Tom Petty and the Heartbreakers,US,Hypnotic Eye,2014,data/Tom Petty and the Heartbreakers/hypnotic_eye.jpg,https://is1-ssl.mzstatic.com/image/thumb/Music114/v4/24/78/76/24787687-7f5e-5a37-6825-b5513987c6a5/093624937289.jpg/600x600bb.jpg
Weezer,US,Weezer (Blue Album),1994,data/Weezer/weezer_blue_album.jpg,https://is1-ssl.mzstatic.com/image/thumb/Music114/v4/97/e6/70/97e670f6-361b-a23d-617a-52bafcd631cd/075679854247.jpg/600x600bb.jpg
Weezer,US,Pinkerton,1996,data/Weezer/pinkerton.jpg,https://is1-ssl.mzstatic.com/image/thumb/Music211/v4/1f/a1/6d/1fa16d48-6522-9b8f-396c-1a84e92946d0/16UMGIM52973.rgb.jpg/600x600bb.jpg
Weezer,US,Weezer (Green Album),2001,data/Weezer/weezer_green_album.jpg,https://is1-ssl.mzstatic.com/image/thumb/Music114/v4/97/e6/70/97e670f6-361b-a23d-617a-52bafcd631cd/075679854247.jpg/600x600bb.jpg
Weezer,US,Maladroit,2002,data/Weezer/maladroit.jpg,https://is1-ssl.mzstatic.com/image/thumb/Music124/v4/6c/a6/a0/6ca6a050-a183-be08-864f-4446a409d617/00602557086133.rgb.jpg/600x600bb.jpg
Weezer,US,Make Believe,2005,data/Weezer/make_believe.jpg,https://is1-ssl.mzstatic.com/image/thumb/Music114/v4/47/40/48/474048e5-27ed-319e-1b60-73dae6a716d8/06UMGIM12419.rgb.jpg/600x600bb.jpg
Weezer,US,Weezer (Red Album),2008,data/Weezer/weezer_red_album.jpg,https://is1-ssl.mzstatic.com/image/thumb/Music114/v4/97/e6/70/97e670f6-361b-a23d-617a-52bafcd631cd/075679854247.jpg/600x600bb.jpg
Weezer,US,Raditude,2009,data/Weezer/raditude.jpg,https://is1-ssl.mzstatic.com/image/thumb/Music128/v4/cd/30/a9/cd30a9d7-5a9c-b107-1c61-57874a9e18d8/00602557086249.rgb.jpg/600x600bb.jpg
Weezer,US,Hurley,2010,data/Weezer/hurley.jpg,https://is1-ssl.mzstatic.com/image/thumb/Music221/v4/af/d1/12/afd112c5-6f2a-10bd-f1fc-4d14135d0b3c/0045778712601.png/600x600bb.jpg
Weezer,US,Everything Will Be Alright in the End,2014,data/Weezer/everything_will_be_alright_in_the_end.jpg,https://is1-ssl.mzstatic.com/image/thumb/Music124/v4/27/c3/64/27c36409-018a-48cb-d9b2-23212f58d123/14UMGIM36905.rgb.jpg/600x600bb.jpg
Weezer,US,Weezer (White Album),2016,data/Weezer/weezer_white_album.jpg,https://is1-ssl.mzstatic.com/image/thumb/Music114/v4/97/e6/70/97e670f6-361b-a23d-617a-52bafcd631cd/075679854247.jpg/600x600bb.jpg
Weezer,US,Pacific Daydream,2017,data/Weezer/pacific_daydream.jpg,https://is1-ssl.mzstatic.com/image/thumb/Music114/v4/f0/84/70/f084703f-8519-3ab1-762d-ba11accba6dd/075679888525.jpg/600x600bb.jpg
Weezer,US,Weezer (Black Album),2019,data/Weezer/weezer_black_album.jpg,https://is1-ssl.mzstatic.com/image/thumb/Music114/v4/97/e6/70/97e670f6-361b-a23d-617a-52bafcd631cd/075679854247.jpg/600x600bb.jpg
Weezer,US,OK Human,2021,data/Weezer/ok_human.jpg,https://is1-ssl.mzstatic.com/image/thumb/Music124/v4/54/08/17/540817d9-387e-8f68-52af-9fb08a085b6d/075679799715.jpg/600x600bb.jpg
Weezer,US,Van Weezer,2021,data/Weezer/van_weezer.jpg,https://is1-ssl.mzstatic.com/image/thumb/Music125/v4/37/23/05/3723050b-583f-38db-0406-060fbd9dfb43/075679836861.jpg/600x600bb.jpg
Whitney Houston,US,Whitney Houston,1985,data/Whitney Houston/whitney_houston.jpg,https://is1-ssl.mzstatic.com/image/thumb/Music211/v4/10/6e/22/106e222a-d2d2-2790-6c14-e334d84acd71/884977441178.jpg/600x600bb.jpg
Whitney Houston,US,Whitney,1987,data/Whitney Houston/whitney.jpg,https://is1-ssl.mzstatic.com/image/thumb/Music115/v4/86/b5/25/86b525b1-bff1-4bf6-6112-531251b3d672/dj.hthdmusj.jpg/600x600bb.jpg
Whitney Houston,US,I'm Your Baby Tonight,1990,data/Whitney Houston/i_m_your_baby_tonight.jpg,https://is1-ssl.mzstatic.com/image/thumb/Music124/v4/3c/61/91/3c619120-f5e3-62d8-034d-9b31bde707ae/884977748376.jpg/600x600bb.jpg
Whitney Houston,US,My Love Is Your Love,1998,data/Whitney Houston/my_love_is_your_love.jpg,https://is1-ssl.mzstatic.com/image/thumb/Music221/v4/4b/fb/0c/4bfb0cca-77b7-380c-a8aa-f59de0560b6b/078221903721.jpg/600x600bb.jpg
Whitney Houston,US,Just Whitney...,2002,data/Whitney Houston/just_whitney.jpg,https://is1-ssl.mzstatic.com/image/thumb/Music115/v4/66/6f/e0/666fe09e-658c-455b-2e5f-e350d034eb4b/078221474726.jpg/600x600bb.jpg
Whitney Houston,US,I Look to You,2009,data/Whitney Houston/i_look_to_you.jpg,https://is1-ssl.mzstatic.com/image/thumb/Music124/v4/9c/2a/73/9c2a732e-3f42-53a9-d114-c0845f7c6233/886448046554.jpg/600x600bb.jpg
Yes,UK,Yes,1969,data/Yes/yes.jpg,https://is1-ssl.mzstatic.com/image/thumb/Music69/v4/40/f4/c6/40f4c64c-8a40-4736-6f3c-75584478eeb0/dj.dvaqfnuk.jpg/600x600bb.jpg
Yes,UK,Time and a Word,1970,data/Yes/time_and_a_word.jpg,https://is1-ssl.mzstatic.com/image/thumb/Music124/v4/28/da/9a/28da9a41-8e25-eb28-2742-50316eb86dd6/603497886180.jpg/600x600bb.jpg
Yes,UK,The Yes Album,1971,data/Yes/the_yes_album.jpg,https://is1-ssl.mzstatic.com/image/thumb/Music115/v4/86/7d/53/867d5395-c432-10bb-ad3e-282dbbbbee44/mzm.cugkfmth.jpg/600x600bb.jpg
Yes,UK,Fragile,1971,data/Yes/fragile.jpg,https://is1-ssl.mzstatic.com/image/thumb/Music115/v4/10/a4/3d/10a43d25-f05e-612c-799c-4c3687a3aeb6/603497886128.jpg/600x600bb.jpg
Yes,UK,Close to the Edge,1972,data/Yes/close_to_the_edge.jpg,https://is1-ssl.mzstatic.com/image/thumb/Music6/v4/94/d8/a2/94d8a2bf-797b-c9d2-1602-671c0b79a765/603497886074.jpg/600x600bb.jpg
Yes,UK,Tales from Topographic Oceans,1973,data/Yes/tales_from_topographic_oceans.jpg,https://is1-ssl.mzstatic.com/image/thumb/Music6/v4/c5/6b/54/c56b5456-32cb-b3a9-e5c7-578f12ccaee8/603497886173.jpg/600x600bb.jpg
Yes,UK,Relayer,1974,data/Yes/relayer.jpg,https://is1-ssl.mzstatic.com/image/thumb/Music32/v4/f3/58/f8/f358f81c-7ad8-3f17-e088-6cada3cc6841/mzm.iihpxdby.jpg/600x600bb.jpg
Yes,UK,Going for the One,1977,data/Yes/going_for_the_one.jpg,https://is1-ssl.mzstatic.com/image/thumb/Music6/v4/72/94/5d/72945df4-6fe6-298e-a6b5-d08fd9ffc581/603497886142.jpg/600x600bb.jpg
Yes,UK,Tormato,1978,data/Yes/tormato.jpg,https://is1-ssl.mzstatic.com/image/thumb/Music211/v4/65/12/3d/65123da1-1175-3e2d-49cf-f7a2b0fc328c/603497880003.jpg/600x600bb.jpg
Yes,UK,Drama,1980,data/Yes/drama.jpg,https://is1-ssl.mzstatic.com/image/thumb/Music49/v4/bb/b8/b3/bbb8b3a7-8ad8-c0ea-8e2c-8bb81d147f55/603497880300.jpg/600x600bb.jpg
Yes,UK,90125,1983,data/Yes/90125.jpg,https://is1-ssl.mzstatic.com/image/thumb/Music221/v4/5c/38/b9/5c38b9c2-7582-b0e6-39f6-a45d3b509a10/603497879922.jpg/600x600bb.jpg
Yes,UK,Big Generator,1987,data/Yes/big_generator.jpg,https://is1-ssl.mzstatic.com/image/thumb/Music125/v4/94/57/17/945717e3-b0fb-57da-47eb-f211c0cb2c2c/603497886111.jpg/600x600bb.jpg
Yes,UK,Union,1991,data/Yes/union.jpg,https://is1-ssl.mzstatic.com/image/thumb/Music211/v4/36/43/cf/3643cfc9-58fa-c0ec-baa1-53b5ee3f1ec2/078221864329.jpg/600x600bb.jpg
Yes,UK,The Ladder,1999,data/Yes/the_ladder.jpg,https://is1-ssl.mzstatic.com/image/thumb/Music118/v4/8b/3e/0d/8b3e0d52-9f9c-5a33-284e-442ad13708e3/00826992006321.rgb.jpg/600x600bb.jpg
